total energy consumption from coal (quad Btu),1986,1987,1988,1989,1990,1991,1992,1993,1994,1995,1996,1997,1998,1999,2000,2001,2002,2003,2004,2005,2006,2007,2008,2009,2010,2011,2012,2013,2014,2015,2016
World,92.61898154,95.64405155,98.6790131,97.63128798,101.1496542,90.98777896,88.3269182,88.50403542,89.04034491,91.73214048,93.70031706,92.26133429,92.01923976,93.16070039,98.3695689,100.0897614,102.8831441,112.019891,119.7594565,128.0817523,135.3931976,142.0802631,144.317679,144.7411719,154.1538668,163.4665458,169.5297013,172.9542668,172.2478228,168.4392041,165.8359358
Afghanistan,0.003333443,0.003479281,0.002875095,0.00264592,0.002187572,0.001958398,0.000166672,0.000145838,0.000125004,0.00010417,6.2502E-05,4.1668E-05,4.1668E-05,2.0834E-05,2.0834E-05,0.000541685,0.000437514,0.000729191,0.000708357,0.000687523,0.000729191,0.005062667,0.007229405,0.010417009,0.015104664,0.03083431,0.025834152,0.028063389,0.031613501,0.028438401,0.03537612
Albania,0.03566854,0.037287502,0.037487996,0.037114729,0.032372883,0.018421893,0.00523497,0.003465617,0.002812836,0.002119899,0.001664473,0.001232295,0.000753954,0.00090345,0.001097828,0.001248304,0.000948836,0.000948767,0.000902931,0.000819093,0.001621969,0.002359147,0.002858442,0.003923002,0.003524944,0.003311342,0.002968888,0.00264252,0.003339684,0.002822255,0.00219942
Algeria,0.041970513,0.045400039,0.045428177,0.041014686,0.028252183,0.031485003,0.029095597,0.022630099,0.022967504,0.013493948,0.008939684,0.015236602,0.017654056,0.017766393,0.011300762,0.015376907,0.020605617,0.016979254,0.016795794,0.018314145,0.019474682,0.015373496,0.01567704,0.003821761,7.96356E-05,5.65193E-05,0.00033495,0.001109634,0.001079212,0.000698246,0.000697224
American Samoa,0,0,0,0,0,0,0,0,0,0,0,0,0,0,0,0,0,0,0,0,0,0,0,0,0,0,0,0,0,0,0
Angola,0,0,0,0,0,0,0,0,0,0,0,0,0,0,0,0,0,0,0,0,0,0,0,0,0,0,0,0,0,0,0
Antarctica,0,0,0,0,0,0,0,0,0,0,0,0,0,0,0,0,0,0,0,0,0,0,0,0,0,0,0,0,0,0,0
Antigua and Barbuda,0,0,0,0,0,0,0,0,0,0,0,0,0,0,0,0,0,0,0,0,0,0,0,0,0,0,0,0,0,0,0
Argentina,0.03831504,0.040244961,0.043656542,0.042206328,0.03682245,0.032100547,0.032470259,0.030263101,0.043442787,0.038560491,0.035591038,0.032777203,0.033283596,0.035105869,0.031537395,0.025021108,0.020899528,0.025194904,0.030903678,0.039736826,0.035643567,0.039136106,0.041233026,0.033872563,0.04172071,0.049204272,0.044682204,0.04826151,0.046411572,0.043798336,0.035245299
Armenia,--,--,--,--,--,--,0.002847,0.001786947,0.000726894,0.000413926,0.000325556,0.000237186,0.000148817,9.90447E-05,4.92181E-05,3.79888E-05,3.63447E-05,5.51629E-05,3.20356E-05,1.40129E-05,2.25942E-05,5.51227E-05,5.06402E-05,7.22854E-06,4.6925E-05,6.08369E-05,5.35074E-05,2.55452E-05,2.35188E-05,2.61232E-05,2.7224E-05
Aruba,0,0,0,0,0,0,0,0,0,0,0,0,0,0,0,0,0,0,0,0,0,0,0,0,0,0,0,0,0,0,0
Australia,1.251652703,1.325343048,1.370460127,1.481660051,1.488398726,1.517750757,1.557565027,1.556888128,1.541265535,1.565850505,1.690992958,1.754501365,1.869771111,1.89975311,1.901012746,1.988102127,1.977470485,1.92098196,1.986100448,2.072901453,2.122395053,2.207943528,2.142733608,2.20247312,1.944554403,1.861924735,1.821669178,1.708371551,1.616574962,1.745101389,1.759090335
Austria,0.120590262,0.126834102,0.119587484,0.121426899,0.137978066,0.148212801,0.110036732,0.095278413,0.097371731,0.115860046,0.129442301,0.128543591,0.10930284,0.118723733,0.118463983,0.131448443,0.126191806,0.143083384,0.150448897,0.14915391,0.139927645,0.122541271,0.1158986,0.093295253,0.107683712,0.110122592,0.100501265,0.099876509,0.090389049,0.104374984,0.100635036
Azerbaijan,--,--,--,--,--,--,0.000682618,0.000101129,2.52821E-05,0.000151693,5.05644E-05,7.82799E-05,0.000105995,0.000112588,0.00011918,6.02979E-05,0.000143046,8.66671E-05,0.000113441,0.000122062,0.000416295,0.000300478,0.000283084,0.000161072,0.000188605,0.00014292,0.00014876,0.000137434,5.17182E-05,3.62771E-06,7.75791E-06
Bahrain,0,0,0,0,0,0,0,0,0,0,0,0,0,0,0,0,0,0,0,0,0,0,0,0,0,0,0,0,0,0,0
Bangladesh,0.003047912,0.002569338,0.002090765,0.000455127,0.001149145,0.00370692,0.003480386,0.01297422,0.01091482,0.013221348,0.007249088,0.013303724,0.003830484,0.001894648,0.013572848,0.0144158,0.014635353,0.01484183,0.015758503,0.019845829,0.01946969,0.025558216,0.026572781,0.032072546,0.033502498,0.030178137,0.037404731,0.040554767,0.037900479,0.041649255,0.047763932
Barbados,0,0,0,0,0,0,0,0,0,0,0,0,0,0,0,0,0,0,0,0,0,0,0,0,0,0,0,0,0,0,0
Belarus,--,--,--,--,--,--,0.028398394,0.030158941,0.022147175,0.020616265,0.019850809,0.005638855,0.006098128,0.00423552,0.004949945,0.003954853,0.002959761,0.002551518,0.002015699,0.001632972,0.001505396,0.001071638,0.001097153,0.001250244,0.001224729,0.001939154,0.008777222,0.01359959,0.018930712,0.017052759,0.014222245
Belgium,0.392218217,0.402300689,0.414650618,0.435522209,0.458130414,0.436996136,0.400381966,0.3738187,0.382967754,0.365525607,0.355256374,0.328522676,0.314105151,0.274236682,0.289644281,0.273935651,0.249462875,0.231960757,0.216722966,0.205751298,0.198899824,0.181953942,0.159610729,0.124076291,0.153891888,0.144118859,0.14439404,0.140452616,0.125844238,0.115342562,0.102718184
Belize,0,0,0,0,0,0,0,0,0,0,0,0,0,0,0,0,0,0,0,0,0,0,0,0,0,0,0,0,0,0,0
Benin,0,0,0,0,0,0,0,0,0,0,0,0,0,0,0,0,0,0,0,0,0,8.14024E-05,3.87747E-05,2.49375E-06,1.22942E-06,6.45685E-05,3.8744E-05,3.1717E-05,0.000961001,0.001144007,0.001419077
Bermuda,0,0,0,0,0,0,0,0,0,0,0,0,0,0,0,0,0,0,0,0,0,0,0,0,0,0,0,0,0,0,0
Bhutan,2.18409E-05,0.000318279,0.000338044,0.00030424,0.00030424,0.00030424,0.000318721,9.89696E-05,0.000272737,0.00034969,0.000499986,0.000523197,0.000374441,0.000403366,0.000444111,0.000537784,0.000700213,0.000423081,8.09608E-05,0.000856673,0.000924101,0.000337576,0.000918882,0.001105634,0.001644975,0.00135228,0.001797733,0.001217322,0.001598,0.001340569,0.001458186
Bolivia,0,0,0,0,0,0,0,0,0,0,0,0,0,0,0,0,0,0,0,0,0,0,0,0,0,0,0,0,0,0,0
Bosnia and Herzegovina,--,--,--,--,--,--,0.02289348,0.019841016,0.021367248,0.025030205,0.025793321,0.083225432,0.107370423,0.103356433,0.113505876,0.111827021,0.119534492,0.101749466,0.09032041,0.078179687,0.083514345,0.088675551,0.100173543,0.125976928,0.130574895,0.144656292,0.136840496,0.130475952,0.135798872,0.134451995,0.136395113
Botswana,0.012229736,0.012506325,0.01469985,0.015820518,0.017783436,0.017159845,0.021857853,0.020838455,0.02016681,0.020525025,0.017303136,0.015894055,0.018724417,0.016015954,0.020935832,0.020404902,0.021237926,0.019116335,0.019686921,0.022007474,0.022779966,0.020607821,0.018513809,0.01739267,0.009791845,0.00841905,0.005902341,0.014389747,0.040597088,0.029557163,0.039713605
Brazil,0.384228271,0.391345417,0.37375795,0.379914351,0.375059423,0.40589405,0.39103482,0.394643544,0.397585722,0.416790274,0.436479982,0.44006517,0.425928066,0.468387005,0.486379087,0.484923694,0.438203235,0.455275137,0.489948291,0.483575727,0.488974953,0.51400962,0.504212665,0.422604788,0.542418995,0.576812628,0.58106191,0.631514093,0.687568256,0.678221969,0.636504866
British Virgin Islands,0,0,0,0,0,0,0,0,0,0,0,0,0,0,0,0,0,0,0,0,0,0,0,0,0,0,0,0,0,0,0
Brunei,0,0,0,0,0,0,0,0,0,0,0,0,0,0,0,0,0,0,0,0,0,0,0,0,0,0,0,0,0,0,0
Bulgaria,0.431062555,0.448433884,0.409922177,0.40478219,0.377920479,0.318565747,0.305300595,0.318057258,0.29638586,0.305477343,0.309447834,0.312543748,0.298982424,0.253612873,0.268240009,0.292404946,0.270297055,0.297506073,0.301700187,0.285379316,0.286195665,0.330124165,0.333764975,0.262685476,0.278121125,0.338284447,0.286361842,0.24316443,0.265206292,0.271732718,0.235560335
Burkina Faso,0,0,0,0,0,0,0,0,0,0,0,0,0,0,0,0,0,0,0,0,0,0,0,0,0,0,0,0,0,0,0
Burma,0.005675284,0.002327275,0.002143542,0.002123128,0.002511007,0.002102713,0.001490272,0.000670584,0.000528339,0.000955069,0.000873789,0.000894111,0.003111269,0.013636545,0.011785828,0.013046838,0.009836314,0.015383409,0.011115883,0.013393772,0.015505277,0.013616027,0.012356087,0.014350624,0.013082923,0.014626923,0.013165517,0.009274393,0.01207317,0.008417785,0.009106689
Burundi,0,0,0,0,0,0,0,0,0,0,0,0,0,0,0,0,0,0,0,0,0,0,0,0,0,0,0,0,0,0,0
Cabo Verde,0,0,0,0,0,0,0,0,0,0,0,0,0,0,0,0,0,0,0,0,0,0,0,0,0,0,0,0,0,0,0
Cambodia,0,0,0,0,0,0,0,0,0,0,0,0,0,0,5.73364E-06,1.35402E-06,5.64E-07,7.09E-07,1.31E-08,4.53098E-06,9.04883E-06,0.000509943,0.000295533,0.000328246,0.000348762,0.000389792,0.000430823,0.002191047,0.010159886,0.024598051,0.029438588
Cameroon,0,0,0,0,0,0,0,0,0,0,0,0,0,0,0,0,0,0,0,0,0,0,0,0,0,0,0,0,0,0,0
Canada,0.876960591,0.99335341,1.075728185,1.04569076,0.959904759,0.971397705,1.034115407,0.962886154,0.9994799,0.997338328,1.025680513,1.09256638,1.160596357,1.162335264,1.258284715,1.267505831,1.259812416,1.255561194,1.199546762,1.188124771,1.178497294,1.248192977,1.145794808,0.949509602,0.954500365,0.885291908,0.801275329,0.766164807,0.74505227,0.752317998,0.712861574
Cayman Islands,0,0,0,0,0,0,0,0,0,0,0,0,0,0,0,0,0,0,0,0,0,0,0,0,0,0,0,0,0,0,0
Central African Republic,0,0,0,0,0,0,0,0,0,0,0,0,0,0,0,0,0,0,0,0,0,0,0,0,0,0,0,0,0,0,0
Chad,0,0,0,0,0,0,0,0,0,0,0,0,0,0,0,0,0,0,0,0,0,0,0,0,0,0,0,0,0,0,0
Chile,0.036179744,0.035580552,0.048233373,0.066821572,0.072692723,0.05954973,0.051226312,0.052153294,0.062567772,0.06784042,0.09494803,0.123965294,0.116829711,0.121471807,0.093907,0.072974638,0.073929382,0.070440007,0.094499378,0.093196616,0.116758698,0.11814616,0.14872728,0.135941185,0.172623163,0.195966793,0.224975363,0.257643735,0.234593721,0.263581589,0.281820625
China,19.08038422,20.16676828,21.57023727,21.33774148,24.30112915,21.60772748,22.35154886,23.88725924,25.68310541,27.90318687,28.73618264,27.13702117,27.1031521,28.2574616,30.33924638,31.92837919,34.29340983,41.04213113,47.42386911,54.44467618,60.5662603,65.01252517,67.31913882,72.78500181,78.15139597,87.09782498,92.17841626,94.99363168,93.45421594,90.82529533,89.94169511
Colombia,0.110864306,0.118428211,0.113238685,0.123915998,0.130661239,0.119013719,0.132128849,0.137725981,0.131628917,0.132177655,0.115969309,0.122527522,0.129600714,0.111169662,0.109170246,0.109450271,0.100729062,0.108719372,0.09301857,0.098586096,0.084745911,0.101944634,0.069658106,0.088098917,0.08863286,0.109960006,0.109407783,0.134003201,0.218319017,0.25354982,0.283387966
Comoros,0,0,0,0,0,0,0,0,0,0,0,0,0,0,0,0,0,0,0,0,0,0,0,0,0,0,0,0,0,0,0
Congo-Brazzaville,0,0,0,0,0,0,0,0,0,0,0,0,0,0,0,0,0,0,0,0,0,0,0,0,0,0,0,0,0,0,0
Congo-Kinshasa,0.003101018,0.003179028,0.003205129,0.003257244,0.003283302,0.001811028,0.00108792,0.000364811,0.000286638,0.000241036,0.000195435,0.000148965,0.000102495,7.46996E-05,2.77952E-05,9.52428E-05,0.000201341,0.000241463,0.000257915,0.000451002,0.00042942,0.000521646,0.000528255,0.000336221,0.000437961,0.00033799,0.000442189,0.000233637,0.000329577,0.000538766,0.000292767
Cook Islands,0,0,0,0,0,0,0,0,0,0,0,0,0,0,0,0,0,0,0,0,0,0,0,0,0,0,0,0,0,0,0
Costa Rica,0,0,0,0,0,0,0,0,1.10E-07,1.74E-07,1.42E-07,1.10E-07,1.34E-07,4.02E-08,2.24E-08,8.80E-08,8.61E-08,8.42E-08,1.42E-07,1.40E-07,5.80E-08,4.61E-08,6.86E-08,6.23E-08,1.26E-07,1.28E-07,8.80E-08,5.66E-07,2.62253E-06,4.18097E-06,2.91178E-06
Croatia,--,--,--,--,--,--,0.026139351,0.024836048,0.015714983,0.008132296,0.006537259,0.010286381,0.009674247,0.008506008,0.017219485,0.01913004,0.023636989,0.027507087,0.02912371,0.027923489,0.026233384,0.028070455,0.02895225,0.020771157,0.028682812,0.029319664,0.025767992,0.027219678,0.026165001,0.024575644,0.026349495
Cuba,0.003059942,0.002185673,0.002442811,0.000514276,0.003934211,0.002725663,0.001208549,0.001799966,0.002237101,0.001979963,2.57138E-05,0.000411421,0.000488562,0.000591417,0.000565704,0.000334279,0.000668559,0.000642845,0.000591417,0.000565704,0.000514276,0.000462848,0.000617131,0.000591417,0.000591417,0.000591417,0.000565704,7.58484E-05,4.67252E-05,7.4099E-05,4.87205E-05
Cyprus,0.000558206,0.00153253,0.000923578,0.001035219,0.000984473,0.000984473,0.000263879,0.000314625,0.000274029,0.000202984,0.000182686,0.000192835,0.000263879,0.000304476,0.000497311,0.000537908,0.000537908,0.000537908,0.000588654,0.000537908,0.000558206,0.00050746,0.000416117,0.000223283,0.000274029,0.00013194,1.01492E-05,5.16709E-06,7.37421E-05,0.000110613,3.73859E-06
Czech Republic,--,--,--,--,--,--,--,1.003330176,0.936054202,0.917340154,0.93991376,0.907535496,0.824790361,0.717634183,0.860528255,0.836694318,0.817997176,0.846454296,0.834126774,0.815734195,0.812643945,0.831744311,0.786625791,0.726992769,0.730885558,0.743554527,0.716049227,0.66711687,0.678051135,0.686423719,0.68556646
Côte d’Ivoire,0,0,0,0,0,0,0,0,0,0,0,0,0,0,0,0,0,0,0,0,0,0,0,0,0,0,0,0,0,0,0
Denmark,0.281112726,0.277060902,0.262017925,0.212092007,0.232630561,0.314621773,0.258338683,0.276967757,0.305749676,0.255614181,0.349574573,0.25689493,0.217447866,0.182355348,0.153922724,0.162375666,0.161257921,0.224387196,0.171992925,0.146145085,0.217215002,0.184451119,0.162934538,0.158649851,0.155273331,0.129425491,0.101458594,0.128377606,0.102484234,0.072780104,0.084124045
Djibouti,0,0,0,0,0,0,0,0,0,0,0,0,0,0,0,0,0,0,0,0,0,0,0,0,0,0,0,0,0,0,0
Dominica,0,0,0,0,0,0,0,0,0,0,0,0,0,0,0,0,0,0,0,0,0,0,0,0,0,0,0,0,0,0,0
Dominican Republic,0.000653689,0.000541628,0.000226457,0.00023346,0.000396883,0.000452913,0.000429567,0.00050194,0.001424108,0.001867683,0.002427987,0.002474679,0.003501905,0.001167302,0.002171181,0.004739245,0.005439626,0.008941531,0.01006214,0.011112712,0.016435607,0.016995912,0.018443366,0.018046483,0.017439487,0.01853675,0.020451125,0.02012428,0.023981518,0.027748359,0.029606096
Ecuador,0,0,0,0,0,0,0,0,0,0,0,0,0,0,0,3.19196E-05,2.81695E-05,3.93612E-05,4.92458E-05,8.37236E-05,0.000261462,6.80545E-05,0.00012105,0.000188989,0.000409868,0.000375739,0.000491964,0.000587845,0.000683032,0.000635439,0.000359339
Egypt,0.030201591,0.03198398,0.034979383,0.035796312,0.031439361,0.029873778,0.028588129,0.036681911,0.045838321,0.043306874,0.043406567,0.043951292,0.036646711,0.038405938,0.042838345,0.04469381,0.040826975,0.049728683,0.043396166,0.048240072,0.047597008,0.047455302,0.043308834,0.04135231,0.039611589,0.031462738,0.024007865,0.01941596,0.02248158,0.047468615,0.059652369
El Salvador,0,0,0,0,0,0,0,0,0,0,0,0,0,0,0,0,0,0,0,0,0,0,0,0,0,0,0,0,0,0,0
Equatorial Guinea,0,0,0,0,0,0,0,0,0,0,0,0,0,0,0,0,0,0,0,0,0,0,0,0,0,0,0,0,0,0,0
Eritrea,--,--,--,--,--,--,--,--,0,0,0,0,0,0,0,0,0,0,0,0,0,0,0,0,0,0,0,0,0,0,0
Estonia,--,--,--,--,--,--,0.004742948,0.004787693,0.00158844,0.001856909,0.003042646,0.003311115,0.001566068,0.001610812,0.001633185,0.001510137,0.001387089,0.000693544,0.001610812,0.001297599,0.001006758,0.001879281,0.002886039,0.001946398,0.001342344,0.001633185,0.001431833,0.001402585,0.001626288,0.000280092,0.000406305
Eswatini,0.004057713,0.003892573,0.003444338,0.003609475,0.003798203,0.00356229,0.002335541,0.001321114,0.004104891,0.003585882,0.003066872,0.005016678,0.005064775,0.005155916,0.004180124,0.004464658,0.00431956,0.003518035,0.003468174,0.003378659,0.003402158,0.003531704,0.003613457,0.003325449,0.003230375,0.003259969,0.003378475,0.0024267,0.002824618,0.003167376,0.003432497
Ethiopia,0,0,0,0,0,0,0,0,0,0,0,0,0,0,0,4.39E-08,9.00E-07,8.78E-08,1.10E-07,1.68E-07,2.41E-07,1.57816E-05,0.000329241,0.000883107,0.001272529,0.002991216,0.004899913,0.006387282,0.008889516,0.009021213,0.010733268
Falkland Islands,0,0,0,0,0,0,0,0,0,0,0,0,0,0,0,0,0,0,0,0,0,0,0,0,0,0,0,0,0,0,0
Faroe Islands,0,0,0,0,0,0,0,0,0,0,0,0,0,0,0,0,0,0,0,0,0,0,0,0,0,0,0,0,0,0,0
Fiji,0.00027654,0.000196651,0.000132125,0.000241204,0.000350284,0.000331848,0.000396988,0.000445844,0.000435781,0.000425718,0.000415655,0.000405592,0.00036872,0.000331848,0.000313412,0.00027654,0.000300532,0.000304175,3.93E-07,6.53E-08,1.10E-07,2.03E-09,1.24E-07,1.91E-07,9.24E-08,1.09E-07,5.60E-08,3.55E-08,5.12E-08,4.75E-08,1.19E-08
Finland,0.115891262,0.146724249,0.149297912,0.145246305,0.143895769,0.141882706,0.123918031,0.152839883,0.19804461,0.167237105,0.203421272,0.178270727,0.13263281,0.135486772,0.132199619,0.15278892,0.169785285,0.227195798,0.203650608,0.113878199,0.199420628,0.175518692,0.130008183,0.143895769,0.17745531,0.136760863,0.117853361,0.147527443,0.123376909,0.099595423,0.127161669
Former Czechoslovakia,1.968397604,1.984059956,1.964748234,1.830486417,1.770238801,1.636882296,1.437831741,--,--,--,--,--,--,--,--,--,--,--,--,--,--,--,--,--,--,--,--,--,--,--,--
Former Serbia and Montenegro,--,--,--,--,--,--,0.528391203,0.506915459,0.464196141,0.558359663,0.557563424,0.591205105,0.607444141,0.457587129,0.513615953,0.503313407,0.531281813,0.556912412,0.570684666,0.505204053,--,--,--,--,--,--,--,--,--,--,--
Former U.S.S.R.,17.50455067,17.60343261,17.90717639,16.95251728,18.51002083,14.6842951,--,--,--,--,--,--,--,--,--,--,--,--,--,--,--,--,--,--,--,--,--,--,--,--,--
Former Yugoslavia,1.602645232,1.62318706,1.652669278,1.649123444,1.609875315,1.56382898,--,--,--,--,--,--,--,--,--,--,--,--,--,--,--,--,--,--,--,--,--,--,--,--,--
France,0.902860341,0.809345343,0.786509098,0.857409412,0.839950949,0.900487232,0.807635932,0.636788623,0.61699695,0.66108505,0.68495389,0.608538649,0.714145977,0.651669039,0.620755994,0.546907466,0.540788,0.55526357,0.538554087,0.590459109,0.547597068,0.569542528,0.532042838,0.429077793,0.45286118,0.38256581,0.446614954,0.474995491,0.357366363,0.344270836,0.348396146
French Guiana,0,0,0,0,0,0,0,0,0,0,0,0,0,0,0,0,0,0,0,0,0,0,0,0,0,0,0,0,0,0,0
French Polynesia,0,0,0,0,0,0,0,0,0,0,0,0,0,0,0,0,0,0,0,0,0,0,0,0,0,0,0,0,0,0,0
Gabon,0,0,0,0,0,0,0,0,0,0,0,0,0,0,0,0,0,0,0,0,0,0,0,0,0,0,0,0,0,0,0
"Gambia, The",0,0,0,0,0,0,0,0,0,0,0,0,0,0,0,0,0,0,0,0,0,0,0,0,0,0,0,0,0,0,0
Georgia,--,--,--,--,--,--,0.010869102,0.005803799,0.005839568,0.000782963,0.000429284,0.000462875,0.000632026,0.000529524,0.000357838,0.000256379,0.000120692,0.000247859,0.000292019,0.000413689,0.000356007,0.001820495,0.002898246,0.004267792,0.00110107,0.002974682,0.004943239,0.008925778,0.008263309,0.008205423,0.007215357
Germany,--,--,--,--,--,3.940667443,3.565681338,3.259356139,3.086902043,2.932291701,2.929194573,2.872310906,2.767148639,2.698631123,2.836510298,2.988256201,2.952429211,3.010385179,3.096513536,3.005258219,3.148294384,3.245242594,3.101229419,2.847877643,3.023522996,3.109644874,3.172143492,3.367041134,3.272111497,3.27625327,3.221532707
"Germany, East",5.371306807,5.37737393,5.351005124,5.23913365,4.561139051,--,--,--,--,--,--,--,--,--,--,--,--,--,--,--,--,--,--,--,--,--,--,--,--,--,--
"Germany, West",3.480322831,3.316117302,3.233564333,3.21288532,3.070191755,--,--,--,--,--,--,--,--,--,--,--,--,--,--,--,--,--,--,--,--,--,--,--,--,--,--
Ghana,0,0,0,0,0,0,0,0,0,0,0,0,0,0,0,0,0,0,0,0,0,0,0,0,0,0,1.80103E-05,0.000528653,0.000918091,0.00107993,0.00117429
Gibraltar,0,0,0,0,0,0,0,0,0,0,0,0,0,0,0,0,0,0,0,0,0,0,0,0,0,0,0,0,0,0,0
Greece,0.213293438,0.232931808,0.258751795,0.264449626,0.269424621,0.267771051,0.295542877,0.283498093,0.299440649,0.292587451,0.301232597,0.295549785,0.307326905,0.304261221,0.322726677,0.337983786,0.336634056,0.33828636,0.342942954,0.335571938,0.305199198,0.318449591,0.310485511,0.306049703,0.279261577,0.28588916,0.292613906,0.257735023,0.279813835,0.234188021,0.182031724
Greenland,0,0,0,0,0,0,0,0,0,0,0,0,0,0,0,0,0,0,0,0,0,0,0,0,0,0,0,0,0,0,0
Grenada,0,0,0,0,0,0,0,0,0,0,0,0,0,0,0,0,0,0,0,0,0,0,0,0,0,0,0,0,0,0,0
Guadeloupe,0,0,0,0,0,0,0,0,0,0,0,0,0,0,0,0,0,0,0,0,0,0,0,0,0,0,0,0,0,0,0
Guam,0,0,0,0,0,0,0,0,0,0,0,0,0,0,0,0,0,0,0,0,0,0,0,0,0,0,0,0,0,0,0
Guatemala,0,0,0,0,0,0,0,0,0,0,0,0,0,0.000379797,0.005443761,0.005063964,0.00987473,0.009267054,0.010760924,0.010355807,0.010836883,0.01134328,0.011419239,0.007444027,0.012432032,0.012457352,0.012583951,0.014482937,0.017824121,0.038890992,0.041978151
Guinea,0,0,0,0,0,0,0,0,0,0,0,0,0,0,0,0,0,0,0,0,0,0,0,0,0,0,0,0,0,0,0
Guinea-Bissau,0,0,0,0,0,0,0,0,0,0,0,0,0,0,0,0,0,0,0,0,0,0,0,0,0,0,0,0,0,0,0
Guyana,0,0,0,0,0,0,0,0,0,0,0,0,0,0,0,0,0,0,0,0,0,0,0,0,0,0,0,0,0,0,0
Haiti,0.001484144,0.001302127,0.001120109,0.000742072,0.000364035,0.000952093,0.000812079,0,0,0,0,0,0,0,0,0,0,0,0,0,0,0,0,0,0,0,0,0,0,0,0
Hawaiian Trade Zone,0,--,--,--,--,--,--,--,--,--,--,--,--,--,--,--,--,--,--,--,--,--,--,--,--,--,--,--,--,--,--
Honduras,0,0,0,0,0,0,0,0,1.067E-06,9.21E-08,1.54684E-06,5.26E-07,1.04376E-06,5.5857E-06,1.05526E-06,7.59E-07,4.63E-07,4.50452E-06,3.27E-09,1.43078E-05,1.92092E-05,2.4111E-05,1.66079E-05,1.36119E-05,1.89939E-05,0.000240909,0.000288296,0.000772557,0.000701431,0.000601272,0.000474324
Hong Kong,0.161394108,0.201034766,0.223146016,0.237972652,0.25439521,0.273288875,0.293392351,0.319519149,0.246724486,0.250328182,0.207469938,0.156683562,0.185924983,0.156760784,0.177070186,0.206774939,0.22440731,0.274807575,0.275193686,0.278617197,0.293521055,0.315606564,0.292028095,0.317408412,0.265746853,0.322505068,0.317923226,0.333908752,0.354890955,0.287896325,0.28729626
Hungary,0.204783217,0.200644629,0.191242121,0.183778339,0.162412455,0.193392635,0.159196449,0.16421583,0.155884386,0.148913787,0.15371875,0.153604473,0.140586416,0.140246674,0.130038362,0.12359859,0.108665168,0.119081796,0.11936725,0.11545586,0.123385451,0.127211668,0.127246311,0.100451155,0.10852781,0.110036871,0.107590725,0.101388611,0.106675773,0.107347578,0.106601197
Iceland,0.002070928,0.001679131,0.001875029,0.001986972,0.001819058,0.001679131,0.001399276,0.001483232,0.001986972,0.001819058,0.001847044,0.00162316,0.001958986,0.001679131,0.002826537,0.00274258,0.00274258,0.002378769,0.002910493,0.003274305,0.003022436,0.003386247,0.003050421,0.00274258,0.002966465,0.002938479,0.002938479,0.003358262,0.002798551,0.00324632,0.003470204
India,2.851146277,3.086081123,3.29702168,3.505476764,3.756059336,4.036112175,4.269998052,4.483486853,4.722056751,5.019185308,5.280979011,5.486854302,5.532238397,5.865654601,6.084558228,6.273455363,6.541301696,6.746646926,7.518683505,7.958635148,8.488104053,9.290221076,9.629398364,10.17755165,10.9291485,11.62376774,13.77024417,14.28282257,15.63645095,16.17923608,16.04332698
Indonesia,0.0904298,0.109243212,0.136961639,0.159475022,0.174379425,0.194070797,0.201324412,0.202662255,0.22574004,0.256426806,0.282891005,0.328753923,0.370770543,0.477609819,0.517912329,0.592898094,0.611582279,0.682913655,0.75424503,0.864387148,0.906897498,0.975461584,1.083127818,1.140275026,1.334399796,1.336393541,1.357144602,1.459869425,1.541026719,1.747910713,1.878328141
Iran,0.039813801,0.039127855,0.040384689,0.029663469,0.030386567,0.044271372,0.03922667,0.046108507,0.046322652,0.043315779,0.045457958,0.046350049,0.053831275,0.048777122,0.048970296,0.048956804,0.048085378,0.047646514,0.048050185,0.048501042,0.044975118,0.051093614,0.045228634,0.039181097,0.037419905,0.032904776,0.025951072,0.031429003,0.039996188,0.043811327,0.039796215
Iraq,0,0,0,0,0,0,0,0,0,0,0,0,0,0,0,0,0,0,0,0,0,0,0,0,0,0,0,0,0,0,0
Ireland,0.054144056,0.075211385,0.075281748,0.079543398,0.077875868,0.076175404,0.070770486,0.070656973,0.064476543,0.063753476,0.070483093,0.064183385,0.066021618,0.056836781,0.067326349,0.069702072,0.066738469,0.065094978,0.066916322,0.069791939,0.06166213,0.058663437,0.052352209,0.042460961,0.04571273,0.046467726,0.056534192,0.049116137,0.051572007,0.059233567,0.05600247
Israel,0.080066788,0.085293405,0.084422302,0.090370689,0.092585779,0.10104792,0.12337304,0.140944427,0.149506122,0.16374243,0.194977687,0.215037939,0.231389782,0.227332932,0.255083777,0.2874888,0.303815754,0.315438754,0.316508966,0.315936527,0.315214756,0.332387925,0.315388977,0.306404174,0.306080621,0.313995212,0.352771729,0.291769648,0.273641401,0.267863291,0.228919784
Italy,0.581369744,0.598786423,0.577928048,0.566223842,0.603510424,0.557507578,0.495116671,0.421630473,0.449133514,0.475333037,0.446647336,0.442313479,0.464509931,0.467166401,0.486218577,0.523260296,0.539277943,0.569899403,0.65454087,0.653418108,0.668510471,0.676791308,0.671119168,0.537411857,0.586634989,0.658700026,0.678637843,0.568500548,0.539984826,0.522319148,0.462252586
Jamaica,0,0,0.000216568,0.001515973,0.00140769,0.001380619,0.001786683,0.001488903,0.001434761,0.001488903,0.001732541,0.001813754,0.001922038,0.001949109,0.001691935,0.001434761,0.002382244,0.002301031,0.001786683,0.001597186,0.000866271,0.000974554,0.001299406,0.001380619,0.001245264,0.001518681,0.001442882,0.002420143,0.002569217,0.002714401,0.002030707
Japan,2.732250293,2.724360342,2.947369136,2.940633353,3.09721668,3.137242336,3.102112506,3.184749204,3.300504962,3.43517081,3.495069046,3.567764634,3.434876152,3.587161477,3.822784923,3.948763188,4.113374931,4.292570618,4.392785306,4.56444405,4.508439157,4.682460264,4.462103436,4.193382034,4.510891307,4.377031399,4.593762499,4.931528125,4.939331145,4.857554311,4.840537276
Jordan,0,0,0,0,0,0,0,0,5.62E-07,3.00428E-05,1.60502E-05,2.05772E-06,6.09681E-06,4.01489E-06,1.93296E-06,1.39925E-06,1.64262E-06,2.19186E-05,4.40934E-05,2.98538E-05,1.56141E-05,3.1326E-05,0.000115611,4.45767E-05,0.00034032,0.003114469,0.004650457,0.004208398,0.006803632,0.005187476,0.004506032
Kazakhstan,--,--,--,--,--,--,2.289581168,2.089569388,2.050819346,1.68777099,1.507061353,1.253110769,1.257910067,1.183169383,1.202339912,1.210378524,1.293929204,1.451369092,1.613501483,1.654824845,1.78123211,1.892507523,2.193425534,1.979920158,2.164835026,2.339142927,2.374525541,2.357851469,2.199213915,2.072635039,2.15634347
Kenya,0.001720656,0.001862357,0.002287461,0.002651835,0.003056695,0.003056695,0.003198396,0.002651835,0.002469648,0.00315791,0.002914994,0.002975723,0.002408919,0.00234819,0.002166003,0.002166003,0.003238882,0.003036452,0.003542528,0.002935237,0.003927145,0.003603257,0.003583014,0.003117424,0.003030089,0.004986722,0.006943359,0.007672111,0.009901722,0.010902656,0.01115435
Kiribati,0,0,0,0,0,0,0,0,0,0,0,0,0,0,0,0,0,0,0,0,0,0,0,0,0,0,0,0,0,0,0
Kosovo,--,--,--,--,--,--,--,--,--,--,--,--,--,--,--,--,--,--,--,--,--,--,0.058275281,0.066443508,0.070380759,0.068203337,0.06392719,0.065476343,0.057123432,0.065500878,0.070610054
Kuwait,0,0,0,0,0,0,0,0,0,0,0,0,0,0,4.48E-07,1.64978E-06,2.92788E-06,1.65492E-06,2.66254E-06,1.34092E-05,2.41559E-05,1.95266E-05,1.23188E-05,2.3581E-05,3.48431E-05,0.000531431,0.005643443,0.006253694,0.008644074,0.009030586,0.008278958
Kyrgyzstan,--,--,--,--,--,--,0.042953505,0.037863963,0.036243546,0.013911033,0.020732201,0.021634985,0.021472336,0.021501378,0.019851909,0.013426049,0.02197726,0.026292743,0.024186695,0.023419667,0.022216994,0.025428679,0.034802188,0.030614349,0.029798122,0.031611032,0.044105547,0.034551197,0.042723915,0.043674829,0.036088733
Laos,0,0,0,0,6.25559E-05,0.00010426,0.000187668,0.000291927,0.000396187,0.000479595,0.001057194,0.001253202,0.001449211,0.000302353,0.000318826,0.000413911,0.000655168,0.000798838,0.00096899,0.001053024,0.001979588,0.002122746,0.002945683,0.003879988,0.006706467,0.008672796,0.009639484,0.017546269,0.018587386,0.100400442,0.274199982
Latvia,--,--,--,--,--,--,0.016065244,0.014514451,0.010298233,0.006106247,0.005791242,0.004749303,0.003537746,0.003053123,0.00235042,0.003077354,0.002471576,0.002447345,0.002374651,0.002907736,0.003150048,0.003925444,0.003925444,0.003150048,0.0040466,0.004167756,0.003368128,0.002940048,0.00243426,0.001927357,0.001455265
Lebanon,0,0,0,0,0,0,0,0.002756499,0.002781332,0.004594165,0.005512998,0.005637165,0.004780415,0.004414017,0.003650286,0.003482661,0.003315037,0.001663408,0.001970138,0.001941556,0.001912974,0.001988428,0.002063881,0.002944167,0.00473471,0.006315226,0.005893785,0.004247286,0.005053802,0.0039029,0.002990586
Lesotho,0,0,0,0,0,0,0,0,0,0,0,0,0,0,0,0,0,0,0,0,0,0,0,0,0,0,0,0,0,0,0
Liberia,0,0,0,0,0,0,0,0,0,0,0,0,0,0,0,0,0,0,0,0,0,0,0,0,0,0,0,0,0,0,0
Libya,0,0,0,0,0,0,0,0,0,0,0,0,0,0,0,0,0,0,0,0,0,0,0,0,0,0,0,0,0,0,0
Lithuania,--,--,--,--,--,--,0.017098642,0.015305623,0.012525145,0.00966671,0.008783193,0.006808274,0.005768843,0.004625469,0.003404137,0.003040336,0.005482999,0.007042146,0.006860241,0.007457875,0.010368024,0.009848254,0.008418958,0.006287766,0.007793675,0.008651697,0.008132209,0.009277598,0.008076134,0.006536526,0.00644159
Luxembourg,0.004522124,0.005164611,0.004077325,0.004868079,0.004868079,0.005016345,0.006869675,0.006844963,0.007759273,0.0053623,0.005980076,0.004793946,0.003756081,0.003780792,0.004250302,0.004719812,0.002817061,0.002125151,0.003113593,0.003014749,0.003632526,0.002990038,0.002841772,0.00256995,0.002520528,0.002199284,0.002026307,0.001853329,0.002094474,0.001802347,0.001995133
Macau,0,0,0,0,4.60938E-05,7.90E-07,1.12122E-06,1.16332E-06,1.43E-07,3.80143E-05,3.02873E-05,2.91697E-05,2.47475E-05,2.03252E-05,2.33761E-05,2.26298E-05,2.09837E-05,3.00927E-05,3.43509E-05,2.68002E-05,2.64052E-05,2.92586E-05,0,0,0,0,0,0,0,0,0
Madagascar,0.000259036,0.000282584,0.000282584,0.000306133,0.000277719,0.000277719,0.000277719,0.000299082,0.000256356,0.00021363,0.00021363,0.000256356,0.000256356,0.000170904,0.00021363,0.00021363,0.00021363,0.00021363,0.00021363,0.000364539,0.000322176,0.000217967,0.000282675,0.000308845,0.000849693,0.003263073,0.0061933,0.010031438,0.009108894,0.008060274,0.008780337
Malawi,0.001466212,0.001492616,0.001540765,0.001590467,0.001547806,0.00144136,0.001539638,0.001565615,0.001590466,0.001565615,0.001665019,0.001598574,0.001427096,0.001560755,0.001733886,0.001627041,0.001637032,0.001647023,0.0015244,0.001450454,0.001491062,0.001403441,0.001399859,0.001366807,0.001570586,0.001483075,0.001495316,0.002055181,0.001876253,0.002148099,0.00193692
Malaysia,0.009254038,0.011298299,0.008991595,0.041349374,0.045815128,0.053958012,0.056658094,0.047359088,0.052604079,0.057633262,0.05791583,0.056017734,0.054187443,0.052622674,0.074276317,0.106596774,0.13482793,0.14067577,0.210422389,0.237787705,0.244296762,0.305327792,0.337855359,0.361085002,0.510097218,0.510161257,0.548458846,0.520341034,0.525775845,0.594657576,0.634084067
Maldives,0,0,0,0,0,0,0,0,0,0,0,0,0,0,0,0,0,0,0,0,0,0,0,0,0,0,0,0,0,0,0
Mali,0,0,0,0,0,0,0,0,0,0,0,0,0,0,0,0,0,0,0,0,0,0,0,0,0,0,0,0,0,0,0
Malta,0.002743133,0.003419522,0.004697145,0.004452893,0.005129282,0.004565625,0.003851659,0.003883835,0.003916012,0.000709296,1.28889E-05,1.88E-08,1.49369E-05,9.13377E-06,4.82973E-06,5.13E-07,3.38E-08,9.02E-08,4.93538E-06,4.39427E-06,3.85316E-06,4.75433E-06,2.40869E-06,3.77205E-06,8.02E-07,3.26E-08,2.49E-08,9.17017E-06,2.86E-09,7.02E-08,9.56E-07
Martinique,0,0,0,0,0,0,0,0,0,0,0,0,0,0,0,0,0,0,0,0,0,0,0,0,0,0,0,0,0,0,0
Mauritania,0.000146763,0.000121459,9.6155E-05,0.000123357,0.000121459,0.000108807,9.99506E-05,9.10941E-05,7.46466E-05,8.09727E-05,7.22006E-05,4.06198E-05,2.04434E-05,2.67E-07,0,0,0,0,0,0,0,0,0,0,0,0,0,0,0,0,0
Mauritius,0.001441478,0.001287034,0.001029627,0.001698885,0.001441478,0.001544441,0.001570182,0.001595923,0.001621663,0.001621663,0.001029627,0.001184072,0.001827589,0.003500733,0.006512394,0.007696465,0.008056835,0.008134057,0.007439059,0.00936961,0.012484233,0.014749414,0.016782928,0.014778784,0.016552523,0.015889649,0.016709747,0.017586217,0.018307703,0.018606064,0.018904424
Mexico,0.127160929,0.122294376,0.115361597,0.124461471,0.157059039,0.155313853,0.154785323,0.173118534,0.203022647,0.229030721,0.26121657,0.258196224,0.270420826,0.281558745,0.277589645,0.323466767,0.358665619,0.439896277,0.378451848,0.487332925,0.520836976,0.471906468,0.418505054,0.433564261,0.533735479,0.585745038,0.524205834,0.531818379,0.507337559,0.550451481,0.489396473
Micronesia,0,0,0,0,0,0,0,0,0,0,0,0,0,0,0,0,0,0,0,0,0,0,0,0,0,0,0,0,0,0,0
Moldova,--,--,--,--,--,--,0.057325944,0.052923578,0.05151958,0.031292493,0.026747348,0.014349333,0.013016725,0.007091379,0.005758771,0.004545145,0.005734974,0.0083288,0.004426163,0.004330976,0.004521349,0.003093554,0.004711721,0.004259587,0.004426163,0.004711721,0.004545145,0.005949143,0.00369203,0.004363706,0.003250424
Mongolia,0.16397184,0.1727196,0.182390889,0.173350129,0.159716397,0.169135782,0.150479015,0.137273008,0.125212613,0.126102681,0.124520421,0.122012961,0.12083132,0.121592539,0.126378882,0.125859018,0.134205816,0.125673893,0.121123366,0.125559245,0.136722669,0.13757382,0.133291049,0.136102413,0.142664552,0.135118657,0.137293776,0.137093971,0.134004878,0.139862555,0.155968492
Montenegro,--,--,--,--,--,--,--,--,--,--,--,--,--,--,--,--,--,--,--,--,0.013399343,0.010361547,0.015601975,0.008581086,0.017510923,0.017703653,0.015895659,0.015345001,0.014959541,0.015785528,0.012490758
Montserrat,0,0,0,0,0,0,0,0,0,0,0,0,0,0,0,0,0,0,0,0,0,0,0,0,0,0,0,0,0,0,0
Morocco,0.027994111,0.033434848,0.033294959,0.036135438,0.036092522,0.039714739,0.033874097,0.035033925,0.038248975,0.047529073,0.045947135,0.048695953,0.058446018,0.052546503,0.06547161,0.084887251,0.08787902,0.088957675,0.09695605,0.10055862,0.101922378,0.097974197,0.089589202,0.082954472,0.087913,0.09281574,0.093090087,0.090789964,0.134553204,0.141957281,0.137115784
Mozambique,0,0,0,0,0,0,0,0,0,0,0,0,0,0,0,0,0,0,0,0,0,0,0,0,0,0,0,0.000399479,0.000474382,0.000349544,0.000274642
Namibia,--,--,--,--,0,0.000353142,0.000282513,0.000211885,0.000235428,0.000376684,0.000329599,0.00025897,0.000400227,0.000141257,0.000115856,1.98358E-05,3.91956E-05,0.00021509,7.76E-07,6.20323E-06,0.000219903,0.000423788,0.000322098,0.000207476,6.63629E-05,0.000200817,0.000207476,9.35939E-05,6.96016E-05,0.000104798,0.000117974
Nauru,0,0,0,0,0,0,0,0,0,0,0,0,0,0,0,0,0,0,0,0,0,0,0,0,0,0,0,0,0,0,0
Nepal,0.001318981,0.001561686,0.001187532,0.000195211,0.00113873,0.001594221,0.000699957,0.000879036,0.001855117,0.001497943,0.001594562,0.001661571,0.001610165,0.002445715,0.00288463,0.003224078,0.003712725,0.004737272,0.004183555,0.004114644,0.004086266,0.003187321,0.004661192,0.004559828,0.004486251,0.004847499,0.005063615,0.005339306,0.004657899,0.004581502,0.004074319
Netherlands,0.237364941,0.254086947,0.302388493,0.308114486,0.29675485,0.281361925,0.282669797,0.278026871,0.300819485,0.329196014,0.32569374,0.326412987,0.335365062,0.279353354,0.29473806,0.315763186,0.308827437,0.308040239,0.307173503,0.297311389,0.284663354,0.305367004,0.284022123,0.263823753,0.265616622,0.267254721,0.295637052,0.307990973,0.352394025,0.42837975,0.388591784
Netherlands Antilles,0,0,0,0,0,0,0,0,0,0,0,0,0,0,0,0,0,0,0,0,0,0,0,0,0,0,0,0,0,0,0
New Caledonia,0.004487166,0.003974347,0.004358961,0.005307676,0.004205115,0.004512807,0.004358961,0.004051265,0.005153824,0.004769211,0.004307679,0.002897427,0.003076914,0.002846145,0.006512801,0.006640997,0.007076893,0.007388071,0.007195764,0.006666638,0.007256379,0.006256384,0.006238435,0.006689715,0.01421276,0.01425635,0.014299939,0.013301572,0.019372188,0.021205198,0.026951745
New Zealand,0.029605403,0.030377652,0.034974346,0.040469369,0.045966194,0.043230117,0.048380072,0.049073845,0.0442577,0.044984237,0.043411671,0.04591405,0.04190634,0.043648091,0.041440098,0.050608264,0.051340328,0.073731082,0.076996477,0.085856114,0.084653684,0.064362945,0.081156131,0.062406858,0.053740648,0.055632431,0.066993748,0.059697866,0.057601217,0.056057398,0.05001812
Nicaragua,0,0,0,0,0,0,0,0,0,0,0,0,0,0,0,0,0,0,0,0,0,0,0,0,0,0,0,0,0,0,0
Niger,0.00251015,0.003319876,0.003137688,0.003461578,0.00299333,0.003003351,0.002690918,0.002933856,0.002844766,0.003276471,0.003070659,0.003181814,0.003646313,0.002869523,0.002894767,0.002955496,0.003319872,0.003439307,0.003870141,0.003554227,0.003290317,0.002958127,0.003386674,0.00359113,0.004419074,0.004979808,0.005200458,0.004625553,0.005654659,0.0049281,0.005384129
Nigeria,0.002857216,0.003088882,0.001364256,0.001415738,0.001724626,0.001673145,0.001338516,0.001015899,0.000643517,0.000514814,0.000205925,0.000257407,0.000308888,0.000411851,7.72221E-05,0.000772221,0.00110685,0.000592036,0.000205925,0.000205925,0.000205925,0.000638739,0.000847054,0.000875183,0.000978146,0.000823702,0.001235553,0.001135985,0.001183175,0.001207853,0.002154675
Niue,0,0,0,0,0,0,0,0,0,0,0,0,0,0,0,0,0,0,0,0,0,0,0,0,0,0,0,0,0,0,0
North Korea,0.706540246,0.683237082,0.848890945,0.655470996,0.649632323,0.643161075,0.506838803,0.599127628,0.57917395,0.737688543,0.745434916,0.747585083,0.654964739,0.801668186,0.798978188,0.764839272,0.743870969,0.730668954,0.762008885,0.746086608,0.714696374,0.630281033,0.685177565,0.566792415,0.526269142,0.352118268,0.330518735,0.2148219,0.20041472,0.180685414,0.206089989
North Macedonia,--,--,--,--,--,--,0.044438121,0.043890362,0.045507245,0.0470611,0.046152153,0.042969587,0.055433866,0.048918923,0.049374245,0.053275337,0.046443523,0.049737583,0.048989821,0.048871467,0.045019556,0.045949902,0.050465767,0.047058161,0.045085551,0.052024001,0.049104069,0.045966157,0.04521543,0.039955796,0.036277298
Northern Mariana Islands,0,0,0,0,0,0,0,0,0,0,0,0,0,0,0,0,0,0,0,0,0,0,0,0,0,0,0,0,0,0,0
Norway,0.027867674,0.028136927,0.027221467,0.021351754,0.020867099,0.018255346,0.018497674,0.020543996,0.02372118,0.026279082,0.025794427,0.025390548,0.028029226,0.027006065,0.026629111,0.023667329,0.021055576,0.020355519,0.022751869,0.019359283,0.016612903,0.01817457,0.018766927,0.014108852,0.018309197,0.019197731,0.02005934,0.020867099,0.022056603,0.020079544,0.020059354
Oman,0,0,0,0,0,0,0,0,0,0,0,0,0,0,0,0,2.92391E-06,3.23222E-06,1.14157E-05,3.85707E-05,3.32E-07,2.64551E-05,8.38788E-05,0.000246063,0.000279588,0.000268818,0.000138503,0.000201042,0.00014711,0.002068306,0.00179666
Pakistan,0.062716488,0.065453821,0.073154665,0.071719538,0.086129179,0.081803949,0.084706559,0.094262201,0.084193592,0.096458855,0.088190486,0.083168579,0.088297626,0.083364018,0.082010614,0.089944342,0.101222872,0.128464787,0.166633392,0.159948768,0.171005561,0.221772159,0.182622051,0.177794736,0.170529946,0.16755014,0.150216834,0.142196847,0.196602186,0.206992497,0.254784357
Palestinian Territories,--,--,--,--,--,--,--,--,--,--,--,0,0,0,0,0,0,0,0,0,0,0,0,0,0,0,0,0,0,0,0
Panama,0,0,0.000411874,0.000386132,0.000823749,0.001184139,0.00108117,0.001364334,0.001390076,0.000926717,0.000444861,0.000695038,0.000746522,0.00097316,0.001199798,0.000625841,0.000233943,0.000381292,0.000282278,0.000183264,0.000130841,6.18864E-05,0.00096176,0.001258436,0.001430775,0.005843466,0.005520917,0.00604384,0.006003317,0.006103301,0.007722348
Papua New Guinea,0,0,0,0,0,0,0,0,0,0,0,0,0,0,0,0,0,0,0,0,0,0,0,0,0,0,0,0,0,0,0
Paraguay,0,0,0,0,0,0,0,0,0,0,0,0,0,0,0,0,0,0,0,4.49455E-06,6.55E-07,4.18307E-06,2.70993E-06,3.30E-08,1.06514E-06,6.64772E-06,6.33E-07,1.1989E-06,6.25542E-06,4.77084E-05,3.97203E-05
Peru,0.004133166,0.003910809,0.003974878,0.004256335,0.003329281,0.004810496,0.005721239,0.010234788,0.007791306,0.009581113,0.006278565,0.006782797,0.010712118,0.010459573,0.013063373,0.011902109,0.015397063,0.014801803,0.017272107,0.019091231,0.013261695,0.020558979,0.018175861,0.02102612,0.020619367,0.020745312,0.022137942,0.022315381,0.021623915,0.019748927,0.023877161
Philippines,0.040541446,0.044388926,0.056152728,0.047160196,0.049442332,0.062699425,0.056681019,0.062950119,0.064046333,0.069000374,0.093134483,0.115248021,0.124892598,0.142512539,0.194694394,0.181911798,0.177849383,0.181028571,0.214530063,0.222561326,0.22331216,0.226732809,0.267229645,0.255106049,0.293699991,0.32480679,0.33994452,0.420913917,0.438233138,0.480326879,0.544294777
Poland,3.39797569,3.631542691,3.534022209,3.396023312,2.821310644,2.842701064,2.679713683,2.693955338,2.596832769,2.54005268,2.6078991,2.511708226,2.331702082,2.248434327,2.165634002,2.175588534,2.124467525,2.226990972,2.215708862,2.185890379,2.281731465,2.283309474,2.309545261,2.16678542,2.314729743,2.392647865,2.318369745,2.338993721,2.287580594,2.271880747,2.291762997
Portugal,0.052567856,0.068809646,0.080397592,0.094534507,0.106492426,0.113050885,0.11437889,0.120702325,0.127878929,0.141008916,0.135154131,0.136883392,0.125964342,0.151335077,0.151878559,0.127100713,0.140020767,0.132263794,0.133795425,0.134734167,0.134783575,0.11662633,0.102298164,0.115317032,0.066329527,0.091848484,0.120158964,0.10961537,0.111709505,0.135893077,0.118492253
Puerto Rico,0.003836435,0.004845153,0.005920017,0.004927835,0.003522245,0.003174981,0.002546599,0.002645818,0.00267889,0.002728499,0.002811181,0.00286079,0.002893863,0.002645818,0.002645818,0.002563136,0.007275998,0.022820176,0.021497267,0.021993358,0.024804539,0.024804539,0.024804539,0.024804539,0.024804539,0.024804539,0.024804508,0.02072031,0.029683803,0.030448665,0.02377684
Qatar,0,0,0,0,0,0,0,0,0,0,0,0,0,0,0,0,0,0,0,0,0,0,0,0,0,0,0,0,0,0,0
Reunion,0,0,0,0,0,0,0,0,0,0,0,0,0,0,0,0,0,0,0,0,0,0,0,0,0,0,0,0,0,0,0
Romania,0.521837496,0.576776513,0.659639481,0.636050706,0.476350631,0.375718785,0.438943675,0.397741261,0.400786557,0.418391728,0.419124547,0.365995901,0.305014898,0.25366435,0.285013719,0.302905887,0.318669039,0.335000182,0.323288878,0.338749603,0.377219957,0.379873521,0.357048856,0.283018075,0.259758019,0.313893437,0.290156957,0.220138746,0.221780583,0.226684891,0.201489889
Russia,--,--,--,--,--,--,7.350088035,6.417125703,5.710020311,5.623641552,5.548796145,5.198235114,4.886426782,5.10004732,5.279174898,5.253858121,5.124712699,5.148860714,4.956021692,4.90260973,4.96501084,4.78388381,5.178439552,4.545585514,4.751719298,4.934044373,5.151305942,4.581183106,4.439286102,4.998910597,4.751306138
Rwanda,0,0,0,0,0,0,0,0,0,0,0,0,0,0,0,0,0,0,0,0,0,0,0,0,0,0,0,0,0,0,0
Saint Helena,0,0,0,0,0,0,0,0,0,0,0,0,0,0,0,0,0,0,0,0,0,0,0,0,0,0,0,0,0,0,0
Saint Kitts and Nevis,0,0,0,0,0,0,0,0,0,0,0,0,0,0,0,0,0,0,0,0,0,0,0,0,0,0,0,0,0,0,0
Saint Lucia,0,0,0,0,0,0,0,0,0,0,0,0,0,0,0,0,0,0,0,0,0,0,0,0,0,0,0,0,0,0,0
Saint Pierre and Miquelon,0,0,0,0,0,0,0,0,0,0,0,0,0,0,0,0,0,0,0,0,0,0,0,0,0,0,0,0,0,0,0
Saint Vincent/Grenadines,0,0,0,0,0,0,0,0,0,0,0,0,0,0,0,0,0,0,0,0,0,0,0,0,0,0,0,0,0,0,0
Samoa,0,0,0,0,0,0,0,0,0,0,0,0,0,0,0,0,0,0,0,0,0,0,0,0,0,0,0,0,0,0,0
Sao Tome and Principe,0,0,0,0,0,0,0,0,0,0,0,0,0,0,0,0,0,0,0,0,0,0,0,0,0,0,0,0,0,0,0
Saudi Arabia,0,0,0,0,0,0.000234846,6.77157E-05,0.000496703,0.000649911,0.00047736,0.000445236,0.000582676,0.000720116,0.000569281,0.000344042,7.21885E-05,0.000272642,0.00040584,0.000333714,0.000677296,0.00036722,0.000601218,0.000730485,0.000988959,0.001118168,0.001376605,0.001639939,0.002299334,0.002578447,0.002541535,0.002686376
Senegal,0,0,0,0,0,0,0,0,0,0,0,0,0,0,0,0,0.002707416,0.00282513,0.002989929,0.003578498,0.00393164,0.004955749,0.005979859,0.006368314,0.00675677,0.009464186,0.00821642,0.008239963,0.011324064,0.014243365,0.013911182
Serbia,--,--,--,--,--,--,--,--,--,--,--,--,--,--,--,--,--,--,--,--,0.298361708,0.305082139,0.315855655,0.317782435,0.306858037,0.345634355,0.316617408,0.328875241,0.252493528,0.310979318,0.309882979
Seychelles,0,0,0,0,0,0,0,0,0,0,0,0,0,0,0,0,0,0,0,0,0,0,0,0,0,0,0,0,0,0,0
Sierra Leone,0,0,0,0,0,0,0,0,0,0,0,0,0,0,0,0,0,0,0,0,0,0,0,0,0,0,0,0,0,0,0
Singapore,0,0,1.8688E-05,3.91676E-05,3.10718E-05,2.40122E-05,1.03207E-05,2.18726E-06,5.84525E-06,2.14424E-05,2.0554E-05,3.21431E-05,2.29821E-05,1.1376E-05,2.0478E-06,9.01517E-06,8.42579E-06,3.19589E-06,1.02558E-05,3.54136E-05,1.00231E-05,4.80157E-06,1.99589E-05,3.51102E-06,9.40762E-06,0.000129375,0.000860087,0.009404069,0.014119034,0.014489785,0.015205051
Slovakia,--,--,--,--,--,--,--,0.320941907,0.269155579,0.271248659,0.265514442,0.233735025,0.210006126,0.198162288,0.181305075,0.191114774,0.17962306,0.190363186,0.185646472,0.180870183,0.182950964,0.178263522,0.174449458,0.16148796,0.151717975,0.152475526,0.147809169,0.138110369,0.13296691,0.136415812,0.128529276
Slovenia,--,--,--,--,--,--,0.067009914,0.064215091,0.059572751,0.059812925,0.056703078,0.061454292,0.062715619,0.056926414,0.056334284,0.059493481,0.064101107,0.061169567,0.061474058,0.059439052,0.059868217,0.060336158,0.059820216,0.056654292,0.056345719,0.057537885,0.056790628,0.050819362,0.039631956,0.040893796,0.044308799
Solomon Islands,0,0,0,0,0,0,0,0,0,0,0,0,0,0,0,0,0,0,0,0,0,0,0,0,0,0,0,0,0,0,0
Somalia,0,0,0,0,0,0,0,0,0,0,0,0,0,0,0,0,0,0,0,0,0,0,0,0,0,0,0,0,0,0,0
South Africa,2.678729417,2.841749988,2.866271681,2.865629868,2.969492961,2.906993627,2.870321744,2.958515741,2.999636053,3.194592368,3.323397652,3.456496446,3.521828611,3.362326947,3.48073043,3.445541357,3.556774237,3.774055203,3.795917886,3.878819254,3.961632783,4.080135928,4.077862123,4.064827037,4.136305297,3.90550157,4.062850985,4.045103573,4.026145106,3.954124536,3.975594308
South Korea,1.102402232,1.195167953,1.260875922,1.207624373,1.191162468,1.148400104,1.066586993,1.112413246,1.120574163,1.157121942,1.302892694,1.391140837,1.43833697,1.519399763,1.83242315,1.978917515,1.903234504,2.018001772,2.04145048,2.100125913,2.174842329,2.343375312,2.606208368,2.699556563,3.015765226,3.27131578,3.234492544,3.221609343,3.336706658,3.426675343,3.426067716
South Sudan,--,--,--,--,--,--,--,--,--,--,--,--,--,--,--,--,--,--,--,--,--,--,--,--,--,--,0,0,0,0,0
Spain,0.900309305,0.873875368,0.735130859,0.928889241,0.906617297,0.922195027,0.916254859,0.861967965,0.830566126,0.830793749,0.713599315,0.794644421,0.778459964,0.859871857,0.914317679,0.83249739,0.92202953,0.851359199,0.906074405,0.886470356,0.792933993,0.843366067,0.527454289,0.376405637,0.295096544,0.363473219,0.452335114,0.426721988,0.46848371,0.464897253,0.405479515
Sri Lanka,0,0,0,0,1.21143E-05,1.39723E-05,1.30433E-05,1.36619E-05,1.42805E-05,1.4621E-05,1.50232E-05,1.54254E-05,1.58276E-05,6.32906E-06,2.09535E-05,1.18783E-05,0.000430259,0.002404391,0.002404391,0.002353772,0.002037531,0.001721291,0.002315808,0.002353772,0.002406921,0.013034328,0.018318925,0.01927114,0.039292387,0.053408849,0.056943248
Sudan,0,0,0,0,0,0,0,0,0,0,0,0,0,0,0,0,0,0,0,0,0,0,0,0,0,0,0,0,0,0,0
Suriname,0,0,0,0,0,0,0,0,0,0,0,0,0,0,0,0,0,0,0,0,0,0,0,0,0,0,0,0,0,0,0
Sweden,0.115257815,0.113053672,0.106952913,0.096890996,0.100409414,0.098272902,0.091696539,0.090901766,0.091304496,0.089415526,0.101173584,0.085436065,0.085815015,0.081943839,0.082322862,0.089604951,0.087818204,0.089577904,0.092391571,0.088142872,0.101895175,0.092041361,0.088980743,0.067242657,0.084705394,0.079128736,0.070926123,0.07428299,0.070154794,0.071858338,0.070611688
Switzerland,0.01081696,0.010265275,0.00892547,0.009260421,0.009733294,0.008097943,0.005438035,0.004472586,0.004630211,0.004984865,0.003743574,0.002758423,0.002246145,0.002305254,0.003526841,0.003901199,0.00338892,0.003645059,0.00358595,0.004295259,0.004492289,0.00528041,0.00468932,0.004393774,0.004531695,0.00423615,0.003743574,0.003881496,0.003022043,0.003109964,0.002517522
Syria,0,0,0,0,0,0,0,0,0,0,0,0,0,0,0,3.04847E-05,0,2.397E-05,0,0,2.42391E-06,1.53916E-05,0,2.82717E-05,6.72743E-05,0.00010232,0.000147281,0.000100381,5.96252E-05,7.85403E-05,9.21376E-05
Taiwan,0.313326355,0.342680961,0.391053783,0.403602718,0.3967944,0.432349709,0.502624067,0.541863636,0.577507851,0.595488601,0.681786521,0.773779067,0.84653984,0.888669278,1.04854122,1.107985863,1.179394888,1.279186477,1.321564552,1.375293561,1.430852129,1.492599226,1.434174953,1.382386425,1.455651518,1.536729669,1.523445317,1.537224587,1.545584302,1.50581492,1.528713489
Tajikistan,--,--,--,--,--,--,0.01467056,0.007372716,0.001808106,0.00092294,0.000870822,0.000815766,0.00070008,0.000518738,0.000652603,0.000651873,0.000920164,0.001187457,0.002193022,0.002306372,0.002441318,0.004186982,0.00458993,0.004587511,0.004632321,0.005124653,0.00971344,0.01177289,0.019910733,0.023709631,0.031014357
Tanzania,0,0,0,7.07869E-05,0.000176967,0.000283148,0.000566295,0.00113259,0.001184072,0.001134324,0.001522298,0.000908021,0.001412281,0.001874899,0.001817119,0.001955943,0.002109609,0.002155162,0.001887828,0.001586265,0.00129945,0.00147201,0.001827671,0.002055042,0.002151991,0.002314251,0.002594718,0.002834356,0.00491278,0.006161827,0.007527444
Thailand,0.057491455,0.083615991,0.083565661,0.099622334,0.13814132,0.163887141,0.174119939,0.185726348,0.21306371,0.248137286,0.308915816,0.318061018,0.251159195,0.268525062,0.282619684,0.316941284,0.332554622,0.350713147,0.389715689,0.417331319,0.453605944,0.519016919,0.558450608,0.542677184,0.587507097,0.589333034,0.594600922,0.625710295,0.604065637,0.636289681,0.586162347
The Bahamas,0,0,0,0,0,0,0,0,0,0,0,0,0,0,0,0,0,0,0,0,0,0,0,0,0,0,0,0,0,0,0
Timor-Leste,--,--,--,--,--,--,--,--,--,--,--,--,--,--,--,--,--,0,0,0,0,0,0,0,0,0,0,0,0,0,0
Togo,0,0,0,0,0,0,0,0,0,0,0,0,0,0,0,0,0,0,0,0,0,0.002185144,0.001995813,0.002710018,0.003424223,0.003076172,0.002540852,0.002291106,0.003330287,0.003238988,0.003439596
Tonga,0,0,0,0,0,0,0,0,0,0,0,0,0,0,0,0,0,0,0,0,0,0,0,0,0,0,0,0,0,0,0
Trinidad and Tobago,0,0,0,0,0,2.42577E-05,3.93119E-05,1.07164E-05,2.95027E-05,3.35376E-05,1.18707E-05,2.99215E-05,1.99902E-05,1.07544E-05,2.11669E-05,2.83224E-05,4.18531E-05,7.00418E-05,5.17804E-05,8.36881E-05,0.000107835,0.000159585,0.000234837,8.49829E-05,0.00011324,0.000234166,6.48569E-05,2.84773E-05,9.65702E-05,0.000143218,5.49056E-06
Tunisia,0.000305203,0.000406937,0.000737574,0.000763008,0.000381504,0.000304594,0.000381504,0.00035607,0.000238357,4.20013E-05,9.77736E-05,3.87361E-05,4.12647E-05,1.04462E-05,3.08764E-06,7.59668E-05,1.74551E-06,3.04082E-05,6.57123E-05,1.36253E-05,7.4284E-05,1.36345E-05,2.97371E-05,2.48633E-05,5.33113E-05,0.000122122,7.13903E-05,8.93826E-05,7.88554E-05,1.81171E-05,4.845E-05
Turkey,0.496788866,0.498260502,0.443252671,0.551688719,0.588301331,0.639740694,0.635708986,0.591192543,0.627989275,0.652055078,0.739474957,0.827640683,0.879386427,0.831939498,0.957106289,0.793511812,0.797597689,0.854922362,0.875417833,0.99976316,1.105710709,1.288325283,1.227991394,1.261757161,1.226271117,1.32769893,1.397782538,1.22733522,1.386641417,1.427348105,1.510736924
Turkmenistan,--,--,--,--,--,--,0.015497357,0.003803897,0.002676817,0.001549737,0,0,0,0,0,0,0,0,0,0,0,0,0,0,0,0,0,0,0,0,0
Turks and Caicos Islands,0,0,0,0,0,0,0,0,0,0,0,0,0,0,0,0,0,0,0,0,0,0,0,0,0,0,0,0,0,0,0
Tuvalu,0,0,0,0,0,0,0,0,0,0,0,0,0,0,0,0,0,0,0,0,0,0,0,0,0,0,0,0,0,0,0
U.S. Pacific Islands,0,0,0,0,0,0,0,0,0,0,0,0,0,0,0,0,0,0,0,0,0,0,0,0,0,0,0,0,0,0,0
U.S. Territories,0,0,0,0,0,0,0,0,0,0,0,0,0,0,0,0,0,0,0,0,0,0,0,0,0,0,0,0,0,0,0
U.S. Virgin Islands,0,0,0,0,0.000225334,0.000380397,0.000632788,0.000709958,0.000756259,0.000771693,0.000771693,0.000777867,0.00078404,0.000787127,0.0007933,0.000848931,0,0,0,0,0,0,0,0,0,0,0,0,0,0,0
Uganda,0,0,0,0,0,0,0,0,0,0,0,0,0,0,0,0,0,0,0,0,0,0,0,0,0,0,0,0,0,0,0
Ukraine,--,--,--,--,--,--,3.142500036,2.828272,2.238631251,2.246002129,1.670232312,1.622969548,1.647097549,1.633906673,1.66102189,1.608807898,1.594548777,1.787486808,1.663181966,1.592566012,1.713293298,1.770402134,1.759851454,1.524001096,1.663914048,1.695422428,1.833027671,1.768621022,1.499088853,1.225652738,1.313923389
United Arab Emirates,0,0,0,0,0,0,0,0,0,0,0,0,0,0,0,0.000708095,0.003611283,0.004248568,0.004815044,0.005570345,0.010786643,0.005192695,0.013146958,0.021101223,0.022753443,0.035853196,0.048961002,0.06255202,0.070294333,0.062727915,0.067371503
United Kingdom,2.893158234,2.937072486,2.83208673,2.719307207,2.721779504,2.70687676,2.545586022,2.217974906,2.089837059,1.967898578,1.826264729,1.613424886,1.615681279,1.425810146,1.533955301,1.634967833,1.506219226,1.613752918,1.548184254,1.58463828,1.732093139,1.61494713,1.495857849,1.248038487,1.314251664,1.31933947,1.640991697,1.547553654,1.255225493,0.973582483,0.476009654
United States,17.26040504,18.00845072,18.84631244,19.06976249,19.17263495,18.99167012,19.12247128,19.8351478,19.90946262,20.08872684,21.00191449,21.445411,21.6557439,21.62254371,22.57952806,21.91426829,21.9039893,22.32092797,22.46619457,22.7965427,22.44716005,22.74946629,22.38743736,19.69120544,20.83396756,19.65778407,17.378234,18.03863314,17.99763202,15.54887019,14.22590456
Uruguay,0,0,0,0,0,0,0,0,0,0,0,0,0,0,0,8.18E-07,1.02839E-06,1.23874E-06,1.44909E-06,1.65945E-06,1.8698E-06,1.04241E-05,1.64192E-05,2.24142E-05,4.91E-07,9.20876E-06,1.91654E-06,2.82433E-06,2.63882E-06,6.57219E-06,1.07345E-05
Uzbekistan,--,--,--,--,--,--,0.103530637,0.079783822,0.080454687,0.046261437,0.049721774,0.042092974,0.044049553,0.043728199,0.053482992,0.055228223,0.05516336,0.042393848,0.049845817,0.048154605,0.051605741,0.054566496,0.053209065,0.057712588,0.056140133,0.059041337,0.059645033,0.061435275,0.069331268,0.061779124,0.06844036
Vanuatu,0,0,0,0,0,0,0,0,0,0,0,0,0,0,0,0,0,0,0,0,0,0,0,0,0,0,0,0,0,0,0
Venezuela,0.001705175,0.001793391,0.00153444,0.001279421,0.001041058,0.001207343,0.001169346,0.001140266,0.001233819,0.000926863,0.000626805,0.001348704,0.001746742,0.002088132,0.001987263,0.001898499,0.001788637,0.001678448,0.001564654,0.001450861,0.003428016,0.00540517,0.005491665,0.006727561,0.007851285,0.008037047,0.008309516,0.008320549,0.007870691,0.005566053,0.004929681
Vietnam,0.144785912,0.161475779,0.151235466,0.121409568,0.109352851,0.118698123,0.108615705,0.08789816,0.10790487,0.12412057,0.146335916,0.213591425,0.215151798,0.198725168,0.205543289,0.236118733,0.25916667,0.273680233,0.344914397,0.389543832,0.419899749,0.449871851,0.553350472,0.586772894,0.684401486,0.725402851,0.740875195,0.794048922,0.929657903,1.138758672,1.294810675
Wake Island,0,0,0,0,0,0,0,0,0,0,0,0,0,0,0,0,0,0,0,0,0,0,0,0,0,0,0,0,0,0,0
Western Sahara,0,0,0,0,0,0,0,0,0,0,0,0,0,0,0,0,0,0,0,0,0,0,0,0,0,0,0,0,0,0,0
Yemen,0,0,0,0,0,0,0,0,0,0,0,0,0,0,0,0,0,0,6.44E-07,2.60195E-06,1.53052E-06,5.28E-08,0.001235553,0.002316662,0.004375917,0.00447888,0.004581842,0.004762027,0.004092769,0.003423511,0.003114623
Zambia,0.012852115,0.010866846,0.01237535,0.011548015,0.009129253,0.009222747,0.009565918,0.009678318,0.009217102,0.003632457,0.004597463,0.005306304,0.005036674,0.003063645,0.003169028,0.003297836,0.003349532,0.003569672,0.002633866,0.003474246,0.001452368,0.001951058,0.002863689,0.003908974,0.003154742,0.001749786,0.002542952,0.003661544,0.003895573,0.004160793,0.00409077
Zimbabwe,0.088160848,0.119397202,0.114837332,0.117492828,0.121095342,0.12272702,0.117180796,0.119165485,0.114292179,0.109657778,0.105154393,0.096098626,0.098522878,0.113792215,0.109077501,0.103351609,0.099145733,0.089116695,0.08142007,0.088756321,0.082713715,0.082920175,0.060812169,0.062980211,0.075400403,0.075143317,0.081750752,0.080918601,0.081854241,0.085637562,0.076073316
