"total energy consumption from nuclear, renewables, and other (quad Btu)",1986,1987,1988,1989,1990,1991,1992,1993,1994,1995,1996,1997,1998,1999,2000,2001,2002,2003,2004,2005,2006,2007,2008,2009,2010,2011,2012,2013,2014,2015,2016
World,40.5234835,41.86682115,44.23009468,45.17137384,46.20964404,47.71078798,47.90009143,49.85132196,50.61009831,52.7702987,54.23891092,54.31756446,54.69073846,56.16629539,57.45745903,57.78733465,58.36725431,58.23258837,61.08645329,62.74660615,64.27991226,64.71325306,66.61727774,67.39368988,71.51500712,72.37757449,72.60102545,76.36721482,79.09888165,80.3846911,83.76287934
Afghanistan,0.007447998,0.007876764,0.007681056,0.007824,0.007863912,0.007554288,0.005338738,0.00518643,0.005254308,0.004657984,0.00410806,0.003629786,0.0034003,0.003409,0.003523912,0.005487034,0.005987215,0.00671995,0.00600024,0.00625767,0.007792387,0.00947114,0.007906791,0.011515596,0.012693347,0.013447287,0.01750106,0.020291574,0.02147429,0.022417966,0.02479872
Albania,0.033298938,0.039634183,0.036786366,0.038987678,0.0300331,0.034137612,0.031404082,0.033622521,0.038516452,0.043177856,0.0580033,0.050403578,0.050972932,0.054713702,0.050072284,0.042267999,0.042680025,0.054935017,0.054889212,0.054450533,0.051193701,0.036963096,0.045345994,0.055637508,0.071788454,0.050051237,0.054845992,0.069469336,0.055060114,0.059447961,0.065754712
Algeria,0.002522158,0.004945129,0.001968111,0.002573179,0.001094573,0.000777956,-0.001147317,-0.000482112,-0.002141911,0.001033434,0.001844405,0.001584725,0.00300957,0.002434238,0.001469878,0.002898884,0.002868698,0.004438286,0.004171968,0.008273829,0.005318928,0.006356025,0.006832138,0.009274942,0.011050245,0.017627776,0.01934655,0.012235157,0.010251108,0.008844582,0.006038545
American Samoa,0,0,0,0,0,0,0,0,0,0,0,0,0,0,0,0,0,0,0,0,0,0,0,0,0,0,0,0,0,0,0
Angola,0.00689436,0.00687654,0.00681384,0.006958144,0.007468636,0.00746174,0.008604544,0.009082229,0.009139976,0.009187992,0.00947144,0.008844458,0.010696653,0.00905001,0.009211503,0.010405331,0.011515836,0.012443625,0.017357728,0.021967803,0.026166322,0.024433248,0.030576962,0.02989488,0.035863056,0.038650248,0.035665968,0.045167094,0.04796844,0.047498943,0.05474576
Antarctica,0,0,0,0,0,0,0,0,0,0,0,0,0,0,0,0,0,0,0,0.000019998,0.000019838,0.000019768,0.000019708,0.00003904,0.000039024,0.000038864,0.000009516,0.000009541,0.00000951,0.000009319,0.000009232
Antigua and Barbuda,0,0,0,0,0,0,0,0,0,0,0,0,0,0,0,0,0,0,0,0,0,0,0,0,1.9512E-06,0.000004858,0.000004758,5.7246E-06,0.000005706,0.000046595,0.000055392
Argentina,0.281814149,0.2993988,0.212928698,0.193291997,0.270978802,0.263175906,0.2902022,0.337723534,0.377195527,0.36511943,0.330956953,0.392205245,0.382681872,0.319873635,0.3721673,0.468043008,0.454463574,0.449515401,0.415958115,0.441273249,0.491044104,0.432466748,0.414329618,0.45244558,0.454045108,0.505107417,0.470739056,0.508466579,0.506688901,0.484480205,0.48487702
Armenia,--,--,--,--,--,--,0.032091922,0.043744937,0.035957604,0.01964398,0.04071154,0.03039675,0.03084889,0.03570396,0.032888868,0.031930737,0.039970823,0.040263038,0.043099449,0.044143688,0.044970114,0.045578024,0.04406082,0.04624599,0.048785267,0.047585861,0.041366872,0.042005675,0.041580114,0.046269947,0.043991887
Aruba,0,0,0,0,0,0,0,0,0,0,0,0,0,0,0,0,0,0,0,0,0,0,0,0.0002928,0.001035112,0.001102766,0.001303692,0.001459773,0.00153111,0.001686739,0.00133864
Australia,0.148754904,0.140124861,0.124843188,0.136412397,0.134455644,0.147391875,0.144714606,0.160848197,0.159909225,0.159163281,0.161389643,0.17377146,0.166817118,0.179989344,0.175868345,0.181885645,0.175628589,0.180760516,0.177839371,0.19407435,0.20745971,0.190994651,0.162281822,0.171065957,0.197379055,0.235443571,0.228842107,0.286833798,0.322869124,0.289596282,0.328933949
Austria,0.348291392,0.278202299,0.388852795,0.387906521,0.3581166,0.365663976,0.391999898,0.402973687,0.392067617,0.410048243,0.390501791,0.402905402,0.412639884,0.442598656,0.46334109,0.466378573,0.457453408,0.409139959,0.444098457,0.454823926,0.467288237,0.492823559,0.498626619,0.488556345,0.469251669,0.44557401,0.518537962,0.529329847,0.525253347,0.489961261,0.504947302
Azerbaijan,--,--,--,--,--,--,0.016028708,0.024698904,0.019671756,0.01724528,0.01641316,0.021801227,0.019342383,0.017785494,0.017276383,0.014107312,0.0253787,0.030303648,0.031971012,0.033888245,0.027754511,0.022316504,0.019743788,0.02138036,0.032062084,0.02342776,0.01531828,0.014101982,0.01269628,0.016359663,0.016692088
Bahrain,0,0,0,0,0,0,0,0,0,0,0,0,0,0,0,0,0,0,0,0,0.000010236,0.000044356,-0.000638426,0.000592736,0.000609788,0.000438588,-0.000511731,7.51778E-05,0.000095826,0.000056575,0.000025084
Bangladesh,0.0047007,0.005334528,0.006896432,0.009503552,0.00910175,0.00866188,0.008149496,0.006206018,0.008655124,0.006228448,0.00756888,0.007271656,0.008728632,0.00843645,0.009568538,0.010167672,0.010752861,0.01131975,0.012199488,0.012858714,0.013757653,0.007551376,0.009489402,0.00459696,0.008351136,0.009539169,0.00780312,0.010380608,0.00734172,0.007073121,0.010967616
Barbados,0,0,0,0,0,0,0,0,0,0,0,0,0,0,0,0,0,0,0,0,0,0,0,0,0.000019512,0.000029148,0.000028548,0.000038164,0.0000951,0.000130466,0.00027696
Belarus,--,--,--,--,--,--,0.022166154,0.020651899,0.013685969,0.024836148,0.029659528,0.027256866,0.030497507,0.02675815,0.027195384,0.01871347,0.018955373,0.01985547,0.013977601,0.016688306,0.018632716,0.01842745,0.009279497,0.018155174,0.012766617,0.022888385,0.030449533,0.02691058,0.015925707,0.013488851,0.015755401
Belgium,0.392887413,0.407466967,0.422813865,0.401743701,0.416111827,0.428242264,0.437041044,0.427394392,0.444831021,0.455456472,0.461497866,0.49451572,0.497271271,0.521193567,0.530650194,0.532850181,0.516991855,0.510965857,0.521657972,0.522355367,0.528240253,0.545925527,0.560579877,0.518584256,0.540739719,0.5680474,0.528824445,0.567178481,0.513457525,0.469460371,0.594022305
Belize,0.00041784,0.00041676,0.00041296,0.00041728,0.00041608,0.00041744,0.00041368,0.00041236,0.00041264,0.00082496,0.001034,0.001103004,0.001070685,0.00117599,0.00112211,0.001637806,0.001685737,0.001424493,0.001616528,0.001696565,0.002660644,0.00269508,0.003004202,0.002718272,0.003881496,0.003886892,0.003714436,0.004032807,0.004190066,0.004243538,0.004346508
Benin,0.00056298,0.000576628,0.00058004,0.00063122,0.000644868,0.000692636,0.000812056,0.00081888,0.000825704,0.00087006,0.00094192,0.000941666,0.000890454,0.001044052,0.001282842,0.001453706,0.00151139,0.00179449,0.001982152,0.002040139,0.002062675,0.002015084,0.00229816,0.002974312,0.003451984,0.003472376,0.00376882,0.003703347,0.003232398,0.003641009,0.003805499
Bermuda,0,0,0,0,0,0,0,0,0,0,0,0,0,0,0,0,0,0,0,0,0,0,0,0,0,0,0,0,0,0,0
Bhutan,0.00229786,0.008603852,0.011056364,0.011238556,0.011279978,0.011489112,0.011668464,0.011700832,0.012149704,0.012666028,0.014106744,0.014135,0.013592111,0.013568764,0.013578456,0.015127485,0.01691255,0.019099026,0.017857828,0.020410628,0.035878314,0.045929084,0.047728758,0.049393788,0.052196082,0.049920905,0.047688237,0.05328161,0.051448133,0.053710679,0.053425
Bolivia,0.012176414,0.01213454,0.013386728,0.013425592,0.013251816,0.014728008,0.014326342,0.014519331,0.014302268,0.013602692,0.015417679,0.016416603,0.015806138,0.018717448,0.020528913,0.022374136,0.022768678,0.020493333,0.021881988,0.020008027,0.021772304,0.023306573,0.023492021,0.023366282,0.022233942,0.023765336,0.023228685,0.025798938,0.02309981,0.024724173,0.018860976
Bosnia and Herzegovina,--,--,--,--,--,--,0.035235108,0.026115887,0.036004384,0.03626732,0.047056848,0.03922414,0.038232955,0.044035094,0.048137415,0.049282289,0.049251227,0.041875793,0.047140374,0.043196156,0.038025122,0.023955322,0.027997757,0.039702361,0.050636415,0.025764007,0.034485797,0.048886886,0.036985788,0.036594,0.029656911
Botswana,0.00081888,0.000245664,0.000245664,0.00022178,0.000286608,0.000361672,0.00027296,0.000542508,0.00105772,0.00116008,0.00233722,0.002552176,0.002350868,0.0029002,0.003364232,0.004036396,0.005025876,0.006394088,0.00651692,0.0067387,0.007530284,0.008594828,0.009307936,0.009529716,0.01018482,0.010710268,0.011164064,0.00963751,0.005764828,0.005027454,0.00572674
Brazil,1.967845902,2.04187229,2.159181275,2.27738936,2.292282722,2.437031971,2.478968284,2.588915754,2.697579658,2.847863275,3.004443512,3.113990082,3.22902522,3.25211794,3.396592106,3.156886471,3.313896906,3.529451283,3.613043903,3.750606764,3.891650017,4.144215569,4.144220524,4.286081734,4.536330413,4.797462995,4.636515007,4.485178681,4.38979155,4.305553153,4.586261717
British Virgin Islands,0,0,0,0,0,0,0,0,0,0,0,0,0,0,0,0,0,0,0,0,0,0,0,0,1.07316E-05,1.06876E-05,1.04676E-05,1.04951E-05,0.000010461,1.21147E-05,1.20016E-05
Brunei,0,0,0,0,0,0,0,0,0,0,0,0,0,0,0,0,0,0,0,0,0,0,0,0,0,0,0.000019032,0.000019082,0.00001902,0.000018638,0.000009232
Bulgaria,0.175970768,0.176222128,0.213225029,0.207185901,0.184003895,0.172532007,0.151625509,0.166536114,0.176962941,0.206513984,0.227574467,0.200709671,0.201093455,0.193506167,0.206822861,0.200121011,0.227560783,0.195345233,0.186819644,0.211036497,0.220324035,0.171829982,0.175820741,0.177140565,0.185789578,0.171303253,0.187391581,0.193111007,0.20532819,0.209026281,0.212147767
Burkina Faso,0,0,0,0,0.000093618,0.000135668,0.00020684,0.000484523,0.000742752,0.000969328,0.00117876,0.001174495,0.000795366,0.001257798,0.000989497,0.000772841,0.001026392,0.001207428,0.001329152,0.001416401,0.001267788,0.001510328,0.001794322,0.0017733,0.002503852,0.00256338,0.002765876,0.002922894,0.002627468,0.002494671,0.003598984
Burma,0.011050474,0.010835095,0.009840672,0.012100104,0.01256541,0.013096056,0.015779144,0.017591179,0.016583493,0.016703257,0.01695565,0.017101378,0.009642994,0.010561161,0.019129048,0.018689073,0.022541517,0.022559354,0.023880889,0.029698257,0.032727547,0.035501496,0.03981551,0.050801061,0.049374287,0.072369011,0.073227585,0.08342757,0.083317133,0.087112622,0.081741056
Burundi,0.000725918,0.00102033,0.001104316,0.00110842,0.001167606,0.001226436,0.001154044,0.001232792,0.00132274,0.001305452,0.0013292,0.00134498,0.001210421,0.001111342,0.001102058,0.001297382,0.001401218,0.001189924,0.001116396,0.001192157,0.001168448,0.001409268,0.001353106,0.001485104,0.001757296,0.001649448,0.00173664,0.001763504,0.00173358,0.001697445,0.00177216
Cabo Verde,0,0,0,0,0,0,0,0.000020618,0.00005158,0.000061872,0.00007238,0.000071491,0.000081576,0.000081808,0.000081608,0.000061998,0.000061038,0.000050625,0.000060096,0.000059994,0.000069433,0.000069188,0.000059124,0.00006832,0.000039024,0.0002429,0.000675636,0.000791903,0.0008559,0.000792115,0.000766256
Cambodia,0.00041784,0.000468855,0.0005162,0.000563328,0.000644924,0.000667904,0.000692914,0.000711321,0.000732436,0.000752776,0.00079618,0.000582141,0.00050985,0.000449944,0.000479447,0.000327147,0.000329074,0.000540481,0.000482088,0.000688889,0.000828983,0.000993896,0.00155266,0.003042708,0.005169591,0.006331227,0.012272763,0.017520866,0.023776719,0.024043207,0.029757982
Cameroon,0.023994462,0.023974119,0.025696436,0.027144064,0.027138818,0.027571912,0.027137408,0.027071434,0.027450876,0.0281002,0.02935526,0.031261993,0.031457745,0.033756026,0.034765008,0.035535187,0.03204495,0.035366625,0.038872096,0.037336266,0.044595824,0.03839934,0.042047018,0.03949872,0.041726412,0.042915572,0.040029924,0.042874523,0.045598934,0.040537352,0.043029788
Canada,3.906880789,3.987976088,3.973031742,3.888607553,3.893813407,4.098540979,4.084612361,4.290779199,4.446775335,4.426282704,4.573163884,4.386151028,4.102925686,4.279971442,4.373986053,4.262595006,4.368843933,4.268555351,4.413668492,4.589612185,4.563451744,4.600466276,4.69276137,4.572922963,4.498996644,4.730437046,4.682929486,4.939078815,4.953822576,4.818124782,4.85987136
Cayman Islands,0,0,0,0,0,0,0,0,0,0,0,0,0,0,0,0,0,0,0,0,0,0,0,0,0,0,0,0,0,0,0.000036928
Central African Republic,0.000793896,0.000760587,0.000763976,0.000771968,0.000790552,0.0007827,0.000796334,0.000793793,0.000814964,0.00082496,0.00083754,0.000847679,0.000825957,0.000828306,0.000846683,0.000847306,0.000834186,0.000840375,0.001241984,0.001329867,0.001378741,0.001344224,0.001340144,0.0013176,0.00130828,0.001421451,0.00142169,0.001310933,0.001601484,0.00156932,0.001563901
Chad,0,0,0,0,0,0,0,0,0,0,0,0,0,0,0,0,0,0,0,0,0,0,0,0,0,0,0,9.54E-07,9.51E-07,2.7957E-06,8.58576E-05
Chile,0.122012782,0.129136538,0.12385276,0.105640626,0.134014536,0.145992704,0.188866709,0.19355481,0.191950957,0.222419006,0.211896582,0.210416179,0.173503462,0.149809989,0.212813763,0.241728239,0.252701393,0.248072171,0.245579249,0.28846051,0.307063778,0.258585391,0.271792097,0.291153661,0.238337251,0.254918961,0.2410236,0.24879421,0.284924727,0.300669468,0.308022441
China,0.968357747,1.02063934,1.091193779,1.181305682,1.271434097,1.271641939,1.329613102,1.503424625,1.724862436,1.793404431,1.826432481,1.788266408,1.889502119,2.03017192,2.002905122,2.640356898,2.798027685,2.882353583,3.607036403,4.123112813,4.457170673,4.985812992,6.292353225,7.032450769,8.228293665,8.40562364,10.36688929,11.51837476,13.19615846,14.36861937,15.91970715
Colombia,0.262905656,0.222957935,0.25331381,0.278456201,0.283606976,0.285258577,0.229290057,0.287965371,0.332648472,0.330918704,0.365086012,0.322744975,0.312610459,0.342614904,0.322362271,0.322568888,0.338306276,0.351907939,0.374286066,0.363650489,0.396017648,0.401685596,0.419392128,0.375455386,0.36287892,0.441386432,0.413794431,0.426374862,0.404822439,0.405077719,0.41292192
Comoros,0.000020892,0.000020838,0.000020648,0.000020864,0.000020804,0.000020872,0.000020684,0.000020618,0.000020632,0.000020624,0.00002068,0.000020426,0.000020394,0.000020452,0.000020402,0.000020666,0.000030519,0.0000405,0.00005008,0.000049995,0.000049595,0.00004942,0.00004927,0.0000488,0.00004878,0.00004858,0.000028548,0.000019082,0.00001902,0.000018638,0.000018464
Congo-Brazzaville,0.003208338,0.003370201,0.003461052,0.004307908,0.005092738,0.005202564,0.004722478,0.004035015,0.003672948,0.003980956,0.00507278,0.004964438,0.003886695,0.0032389,0.003865812,0.004273223,0.005352616,0.004657283,0.00465368,0.004935865,0.005052524,0.004813476,0.005143466,0.0046928,0.005114828,0.007700724,0.009383384,0.009298007,0.008947625,0.010070832,0.010308732
Congo-Kinshasa,0.056315141,0.056015338,0.055937755,0.062562781,0.060484607,0.0539272,0.05778967,0.051774013,0.050579092,0.057999928,0.058303568,0.049373246,0.046347626,0.051236714,0.056400627,0.057049082,0.057053109,0.057211114,0.065425784,0.067505113,0.069380647,0.071997616,0.07098194,0.072698536,0.072945136,0.074700504,0.07360002,0.07989759,0.086878948,0.081092207,0.08204632
Cook Islands,0,0,0,0,0,0,0,0,0,0,0,0,0,0,0,0,0,0,0,1.00E-06,9.92E-07,9.88E-07,9.85E-07,9.76E-07,9.76E-07,9.72E-07,9.52E-07,7.6328E-06,0.00001902,0.000037276,0.000055392
Costa Rica,0.03020096,0.031566146,0.031847232,0.0347779,0.035382052,0.037940484,0.041411064,0.04530072,0.045115825,0.040836209,0.045027261,0.054684705,0.05003157,0.060856753,0.06768038,0.070034426,0.073577424,0.073843649,0.079913969,0.079866611,0.080497589,0.082119554,0.085734617,0.085836478,0.086649872,0.086295193,0.088307428,0.085755535,0.087315473,0.098644685,0.0984837
Croatia,--,--,--,--,--,--,0.043986611,0.042528514,0.055531689,0.066481125,0.080628602,0.067888535,0.071995444,0.075398065,0.073217818,0.078330279,0.06521625,0.060818185,0.080013702,0.078879452,0.077120287,0.063100927,0.072719377,0.083566607,0.104156021,0.076055186,0.075795196,0.101639265,0.107911893,0.093325604,0.096287801
Cuba,0.013836488,0.014276782,0.014984407,0.015243736,0.017940053,0.015370976,0.015215911,0.010287825,0.010348297,0.008457417,0.010954477,0.010736019,0.009539801,0.010697649,0.011070865,0.010749508,0.011023693,0.008880681,0.00912081,0.005105031,0.005231221,0.005516228,0.007085106,0.00691284,0.005556992,0.005700353,0.006600847,0.007968788,0.007512545,0.007537968,0.007581476
Cyprus,0,0,0,0,0,0,0,0,0,0,0,0,0,0,0,0,0,0,-3.50E-41,0.000009999,0.000009919,0.000029652,0.00014781,0.00030256,0.000702432,0.001729448,0.002445612,0.003138989,0.00295761,0.003699643,0.003905136
Czech Republic,--,--,--,--,--,--,--,0.120161007,0.134809578,0.129698256,0.131639999,0.141646421,0.133832677,0.137165817,0.127181666,0.144909821,0.182850662,0.234775894,0.25091235,0.239861982,0.260487349,0.255069935,0.271715262,0.28662828,0.306020387,0.315968903,0.342344638,0.359201576,0.350120534,0.329133949,0.305630961
Côte d’Ivoire,0.012315834,0.012669504,0.012667548,0.01304,0.013616218,0.012961512,0.010734996,0.011205883,0.011987192,0.018327,0.016888608,0.015887848,0.011875195,0.013347444,0.01358689,0.014469134,0.012076396,0.013839026,0.0136019,0.010559491,0.012308037,0.016088209,0.017636621,0.019649792,0.015141236,0.015679236,0.015483432,0.01304022,0.015713846,0.010587805,0.015618728
Denmark,0.003374419,0.011821417,0.018873635,0.038107979,0.033579452,0.006438706,0.029079947,0.023673021,0.005084326,0.020464492,-0.026429344,0.010448696,0.030621949,0.043255674,0.066151207,0.065463024,0.069437993,0.060327492,0.093316339,0.111986208,0.076902043,0.107486132,0.11400613,0.107693901,0.125310885,0.150450895,0.166511118,0.163408813,0.188125707,0.204171147,0.19444454
Djibouti,0,0,0,0,0,0,0,0,0,0,0,0,0,0,0,0,0,0,0,0,0,0,0,0,0,0,0.000004758,4.7705E-06,0.000004755,4.6595E-06,0.000004616
Dominica,0.000135798,0.000145866,0.000165184,0.000166912,0.000166432,0.000166976,0.000165472,0.000164944,0.000175372,0.000195928,0.00019646,0.00020426,0.000275319,0.000327232,0.000326432,0.000278991,0.00030519,0.000293625,0.000340544,0.000271973,0.000269797,0.000210529,0.000200036,0.000238144,0.000238046,0.000353662,0.000260738,0.000356833,0.000298614,0.000236703,0.000345277
Dominican Republic,0.00981924,0.01031481,0.00898188,0.006499136,0.004337634,0.006067014,0.005779578,0.011921863,0.005932573,0.006646368,0.009279875,0.007246312,0.007773977,0.011580306,0.008143158,0.007614054,0.009268852,0.012541977,0.016729751,0.019131735,0.017650167,0.017197608,0.013948386,0.014586116,0.014299916,0.015284756,0.018196928,0.021095904,0.015740631,0.01240483,0.018227111
Ecuador,0.04460442,0.046739634,0.048946084,0.050772544,0.051354674,0.0524409,0.050924008,0.059297368,0.067043684,0.052684008,0.06494554,0.066067897,0.065678877,0.07274103,0.076912373,0.0724163,0.07597651,0.075571461,0.078980492,0.07445742,0.082096731,0.100626612,0.113833112,0.095005788,0.08869004,0.11419072,0.118902736,0.109868145,0.11527486,0.127480363,0.149278976
Egypt,0.082190649,0.084669055,0.080283584,0.08216102,0.100011394,0.088092278,0.086818688,0.10662315,0.100960974,0.104024554,0.107732259,0.110786665,0.116335611,0.146907724,0.13034858,0.147895016,0.119961584,0.121657112,0.118299175,0.118348127,0.121511591,0.14919355,0.141370059,0.125384264,0.133612566,0.135042221,0.137250469,0.140880773,0.144375389,0.147766757,0.14625954
El Salvador,0.017139208,0.016312193,0.01788764,0.019490192,0.019416956,0.013354268,0.01458383,0.016267142,0.016840962,0.019550073,0.024017737,0.019946116,0.020786642,0.025117188,0.022799518,0.02433653,0.023108796,0.02664445,0.025823896,0.029041304,0.032173412,0.032368222,0.035597804,0.031233766,0.037272012,0.036541951,0.034917526,0.035880719,0.035728268,0.034574218,0.034903852
Equatorial Guinea,0.000020892,0.000020838,0.000020648,0.000020864,0.000020804,0.000020872,0.000020684,0.000020618,0.000020632,0.000020624,0.00002068,0.000030639,0.000030591,0.000030678,0.000020402,0.000020666,0.000050865,0.000070875,0.000070112,0.000769923,0.000763763,0.000761068,0.000512408,0.00050752,0.000273168,0.000272048,0.00076128,0.002394791,0.00360429,0.003625091,0.00521608
Eritrea,--,--,--,--,--,--,--,--,0,0,0,0.000010213,0.000010197,0.000010226,0.000010201,0.000010333,0.000010173,0.000010125,0.000010016,0.000009999,0.000019838,0.000019768,0.000019708,0.00001952,0.000039024,0.000038864,0.000038064,0.000038164,0.00003804,0.000037276,0.000036928
Estonia,--,--,--,--,--,--,-0.011165235,-0.004624464,-0.003693889,-0.002556646,-0.002912317,-0.003077353,-0.001225994,-0.001919855,-0.002822304,-0.002480495,-0.002029781,-0.00596054,-0.005537479,-0.004334821,-0.001292346,-0.006814951,-0.001256923,0.005567721,-0.000912513,-0.000686725,0.006425165,-1.73655E-05,0.004541842,0.012094598,0.008310264
Eswatini,0.001918546,0.002589077,0.002855856,0.003287344,0.002980024,0.003326156,0.004023688,0.003890778,0.004052556,0.004253512,0.004098972,0.004219226,0.004219356,0.004123078,0.005777599,0.006003478,0.006764869,0.00586835,0.00539298,0.006604901,0.006054851,0.006577752,0.006743772,0.006779996,0.006778544,0.007083408,0.007084704,0.006821425,0.00754667,0.007288192,0.0066105
Ethiopia,0.008576166,0.009231234,0.009869744,0.010369408,0.011317376,0.011448292,0.011655434,0.012896559,0.01382344,0.014581168,0.0154583,0.01583015,0.016203033,0.016453634,0.017127479,0.020841661,0.020834304,0.023338125,0.02549072,0.028577142,0.032544239,0.03355618,0.032775389,0.034769024,0.048393662,0.059910901,0.069887732,0.080368723,0.087464119,0.094390347,0.110622735
Falkland Islands,0,0,0,0,0,0,0,0,0,0,0,0,0,0,0,0,0,0,0,0,0,0,0.000019708,0.00001952,0.00004878,0.000058296,0.000066612,0.000066787,0.00006657,0.000083871,0.000083088
Faroe Islands,0.000511854,0.000510531,0.000640088,0.000740672,0.000769748,0.000772264,0.000858386,0.000752557,0.000784016,0.000783712,0.00073414,0.000776188,0.000795366,0.00071582,0.000775276,0.000785308,0.000986781,0.000891,0.001011616,0.001079892,0.001140685,0.001176196,0.001064232,0.00103456,0.000790236,0.001039612,0.00104676,0.001059051,0.00148356,0.001751972,0.001449424
Fiji,0.003645654,0.003813354,0.003582428,0.003619904,0.004171202,0.004184836,0.004198852,0.004185454,0.004394616,0.00458884,0.00461164,0.00459585,0.004466286,0.00480622,0.005171907,0.005610819,0.005666361,0.00443475,0.004717536,0.004410559,0.004494299,0.00596104,0.005952801,0.005378736,0.004715075,0.005140736,0.00561444,0.005600567,0.00460284,0.004454482,0.005114528
Finland,0.365803613,0.383692631,0.374315685,0.375264752,0.413891959,0.424157628,0.442342847,0.431421872,0.410796612,0.418339727,0.391460863,0.441143768,0.508223246,0.494104612,0.510836011,0.491258892,0.47251957,0.445009297,0.508806472,0.535848394,0.501488366,0.529979897,0.558705473,0.492376594,0.508842975,0.523546275,0.566567909,0.540554848,0.554048227,0.580806891,0.583232125
Former Czechoslovakia,0.221016908,0.263933407,0.270457614,0.2953231,0.314108946,0.286078105,0.290300211,--,--,--,--,--,--,--,--,--,--,--,--,--,--,--,--,--,--,--,--,--,--,--,--
Former Serbia and Montenegro,--,--,--,--,--,--,0.130746114,0.106830059,0.117326679,0.131838194,0.157929648,0.143940659,0.145998462,0.157105178,0.142431387,0.142380382,0.133502745,0.117876003,0.125743236,0.133011463,--,--,--,--,--,--,--,--,--,--,--
Former U.S.S.R.,3.876428823,4.181352098,4.559909038,4.6136473,4.563295315,4.737949591,--,--,--,--,--,--,--,--,--,--,--,--,--,--,--,--,--,--,--,--,--,--,--,--,--
Former Yugoslavia,0.332545532,0.309603361,0.294108356,0.289400354,0.245015901,0.216507045,--,--,--,--,--,--,--,--,--,--,--,--,--,--,--,--,--,--,--,--,--,--,--,--,--
France,3.027865147,3.184600409,3.322449512,3.319334019,3.544808396,3.714864275,3.894985899,4.117576536,4.166634127,4.262157154,4.381578803,4.371010233,4.304726965,4.448240191,4.581455969,4.737133001,4.718916751,4.787307003,4.857860207,4.850138716,4.876486418,4.822980933,4.926399827,4.669420829,4.961005033,4.886473983,4.919467003,5.001890222,5.03780598,5.018233355,4.815138537
French Guiana,0,0,0,0,0,0,0,0,0,0,0,0,0,0,0,0.00547649,0.005584977,0.005781375,0.005939488,0.006159384,0.006338241,0.006553092,0.006789406,0.00693936,0.007297488,0.006791484,0.00589992,0.005218927,0.00536364,0.005181364,0.004671392
French Polynesia,0.00036561,0.000364665,0.000598792,0.000667648,0.000717738,0.000772264,0.00093078,0.000969046,0.000990336,0.001289,0.00137522,0.001358329,0.001539747,0.000889662,0.001183316,0.001084965,0.001332663,0.00155925,0.001782848,0.001789821,0.0019838,0.002204132,0.002089048,0.00205936,0.002705339,0.002237595,0.002058311,0.001977849,0.001885833,0.001894553,0.002061506
Gabon,0.00694659,0.006959892,0.006906756,0.007229376,0.007291802,0.007388688,0.007404872,0.007329699,0.007716368,0.008167104,0.00795146,0.008252104,0.008269767,0.00848758,0.008181202,0.009051708,0.009369333,0.00909225,0.008924256,0.008109189,0.009353617,0.0079072,0.008799622,0.00921344,0.008848692,0.008180872,0.008678592,0.009586807,0.008912836,0.009732643,0.00999952
"Gambia, The",0,0,0,0,0,0,0,0,0,0,0,0,0,0,0,0,0,0,0,0.000009999,0.000009919,0.000019768,0.000019708,0.000030256,3.21948E-05,3.49776E-05,2.94996E-05,2.95771E-05,0.000029481,2.88889E-05,2.86192E-05
Georgia,--,--,--,--,--,--,0.069898366,0.069805556,0.072399864,0.055744352,0.062402503,0.062008712,0.064429986,0.065903593,0.060281473,0.058071593,0.07011393,0.069478271,0.065843035,0.06805184,0.055897755,0.068769263,0.072030254,0.072018643,0.088949238,0.078062858,0.072118808,0.082632772,0.083144501,0.081700196,0.089363819
Germany,--,--,--,--,--,1.632273113,1.781752446,1.784963723,1.805839614,1.865104237,1.928026517,1.997251182,1.987336038,2.080583283,2.21881675,2.313582636,2.303309646,2.265780846,2.358237969,2.313800377,2.428875122,2.348078873,2.449150676,2.306238064,2.500664316,2.37629192,2.38325849,2.415580527,2.504449077,2.587531765,2.483475315
"Germany, East",0.135520909,0.146818896,0.136254648,0.124065395,0.073141353,--,--,--,--,--,--,--,--,--,--,--,--,--,--,--,--,--,--,--,--,--,--,--,--,--,--
"Germany, West",1.456004976,1.59735628,1.717874165,1.63318203,1.647198607,--,--,--,--,--,--,--,--,--,--,--,--,--,--,--,--,--,--,--,--,--,--,--,--,--,--
Ghana,0.044909194,0.047249941,0.04870658,0.053061536,0.058265236,0.062675356,0.066633128,0.063235444,0.061178708,0.061475532,0.066854464,0.068046482,0.040373024,0.052251378,0.067607854,0.068258457,0.052345808,0.040245992,0.053230628,0.056464925,0.054852087,0.037215668,0.05969489,0.064711992,0.064552992,0.070798396,0.074346028,0.076233734,0.077573208,0.052892103,0.05235232
Gibraltar,0,0,0,-0.000003412,-0.000003412,-0.000003412,-0.000003412,-0.00001706,0,0,0,0,0,0,0,0,0,0,0,0,0,0,0,0,0,0,0,0,0,0,0
Greece,0.038923282,0.032359051,0.026688364,0.022235804,0.021593808,0.034994048,0.026761306,0.028103992,0.02930191,0.040527445,0.051125695,0.049204539,0.045451075,0.050737034,0.0435499,0.039790308,0.047171298,0.067856087,0.069934646,0.07756755,0.090256076,0.060315203,0.075704185,0.094477826,0.123127273,0.091116572,0.094798572,0.144067369,0.14673399,0.16926857,0.169424384
Greenland,0,0,0,0,0,0,0,0,0,0,0,0,0,0.001748646,0.001744371,0.001632614,0.001851486,0.0018225,0.001923072,0.002029797,0.001944124,0.002016336,0.001990508,0.0025864,0.002858508,0.00325486,0.003254472,0.003568334,0.00372792,0.003904661,0.003665104
Grenada,0,0,0,0,0,0,0,0,0,0,0,0,0,0,0,0,0,0,0,0,0,9.88E-07,9.85E-07,9.76E-07,2.04876E-05,3.01196E-05,2.94996E-05,2.95771E-05,0.00014265,0.000018638,0.000027696
Guadeloupe,0.00031338,0.00031257,0.00030972,0.00031296,0.00031206,0.00031308,0.00031026,0.000319579,0.000319796,0.000319672,0.00032054,0.000357455,0.00040788,0.00040904,0.001285326,0.001115964,0.001302144,0.00216675,0.002343744,0.002179782,0.002221856,0.002243668,0.002079194,0.00213744,0.002126808,0.002263828,0.001941264,0.001927282,0.00207318,0.001947671,0.001818704
Guam,0,0,0,0,0,0,0,0,0,0,0,0,0,0,0,0,0,0,0,0,0,0,0,9.76E-07,1.9512E-06,1.9432E-06,5.7096E-06,0.000019082,0.00002853,0.000288889,0.000609312
Guatemala,0.018364068,0.018212412,0.019677544,0.022491392,0.025079222,0.025630816,0.02228701,0.023411739,0.024840928,0.02409482,0.023723476,0.02376171,0.022528078,0.030520468,0.031087835,0.02980472,0.026682476,0.041950061,0.040313428,0.04209749,0.04540713,0.046140436,0.046997824,0.041841836,0.055675449,0.058057697,0.061219496,0.065791454,0.068595332,0.060929494,0.065885872
Guinea,0.001702698,0.001719135,0.001734432,0.00177344,0.001799546,0.001836736,0.001840876,0.00185562,0.001877512,0.001969592,0.0020163,0.002910705,0.003130479,0.003998366,0.004141606,0.005641818,0.005991897,0.0040095,0.005498784,0.004889511,0.004523064,0.005268172,0.005163496,0.005054704,0.004711172,0.004021452,0.00463334,0.004598762,0.00406077,0.008321867,0.010099808
Guinea-Bissau,0,0,0,0,0,0,0,0,0,0,0,0,0,0,0,0,0,0,0,0,0,0,0,0,0,0,0,0,0.000002853,0.000009319,0.000009232
Guyana,0.00005223,0.000052095,0.00005162,0.00005216,0.00005201,0.00005218,0.00011995,0.000092489,0.00010276,0.0001198,0.00010288,0.000098833,0.000061182,0.000061356,0.000418241,0.000485651,0.000569688,0.000516375,0.000560896,0.000451955,0.000449331,0.000468502,0.000447372,0.00044408,0.000464386,0.000522721,0.000437736,0.000400722,0.00053256,0.000532115,0.000462523
Haiti,0.003488964,0.003459108,0.003427568,0.003463424,0.003827936,0.00360042,0.003288756,0.002793739,0.002382996,0.002578,0.00278146,0.002022174,0.003089691,0.00270989,0.00285628,0.00289324,0.002614461,0.0025515,0.002574112,0.002619738,0.002658292,0.001502368,0.001763866,0.0020008,0.00171608,0.001174664,0.002103036,0.001354822,0.00086541,0.000857348,0.00083088
Hawaiian Trade Zone,0,--,--,--,--,--,--,--,--,--,--,--,--,--,--,--,--,--,--,--,--,--,--,--,--,--,--,--,--,--,--
Honduras,0.013314608,0.011807773,0.017963672,0.019048636,0.021500768,0.021910051,0.0224448,0.023177717,0.018644958,0.017009716,0.020361301,0.021480892,0.019579282,0.022083832,0.023892746,0.020628946,0.017757855,0.018955567,0.015990116,0.01879872,0.021771778,0.02314061,0.024253931,0.028508168,0.032909571,0.03073777,0.032192784,0.031092196,0.031066388,0.035194866,0.040826482
Hong Kong,-0.004027398,-0.004565503,-0.00485948,-0.00602473,-0.006091961,-0.010429438,-0.016903362,-0.014099682,0.006860067,0.015015337,0.024160234,0.024965604,0.02187092,0.028548204,0.030786476,0.030090428,0.027319884,0.025211268,0.023031,0.022188236,0.021740947,0.023634572,0.02474003,0.024685344,0.027868932,0.027315816,0.032658972,0.029290823,0.031927604,0.036982836,0.036554912
Hungary,0.154242823,0.175501341,0.206148185,0.210373435,0.202530503,0.168504787,0.153055691,0.151142549,0.147769497,0.148381148,0.148031646,0.137461843,0.133372745,0.13755784,0.144143216,0.151427132,0.159583361,0.137298164,0.152074382,0.176221958,0.161970571,0.166054706,0.17030462,0.187607283,0.187079981,0.189386929,0.192899608,0.200179482,0.213270618,0.221118728,0.216863858
Iceland,0.043439891,0.044108369,0.04628621,0.047388842,0.047209989,0.04737008,0.046985733,0.048613325,0.049617487,0.051264359,0.053246607,0.057194528,0.064221605,0.073556436,0.078928097,0.08339645,0.086116844,0.08668961,0.086996961,0.08697728,0.098422003,0.118433078,0.161740852,0.163637225,0.164018018,0.164315354,0.165701501,0.172406933,0.170119827,0.173541738,0.168399762
India,0.612472252,0.547942734,0.658905499,0.692551994,0.809678104,0.822354855,0.799842187,0.804274529,0.926027289,0.867579198,0.843922443,0.95891362,1.025168295,1.049916638,1.02832918,1.080196618,1.026799358,1.120515885,1.213570292,1.424069131,1.607859463,1.72748783,1.613692188,1.63727729,1.745100687,2.104673661,2.032764425,2.310680368,2.376534206,2.36102889,2.642380285
Indonesia,0.061076854,0.055479181,0.069580739,0.08327425,0.082341287,0.08619178,0.105189971,0.095633185,0.097207273,0.109297645,0.116325171,0.08648188,0.134869717,0.133046294,0.152450131,0.183736368,0.165529515,0.156717128,0.164365093,0.173799528,0.162108163,0.181658746,0.196311472,0.203004284,0.262792036,0.214579732,0.215547947,0.255227983,0.253343608,0.237308943,0.303700107
Iran,0.064096656,0.066014784,0.065929064,0.069195456,0.062640844,0.07289546,0.09757677,0.099596509,0.075367072,0.07373134,0.074440632,0.071387943,0.074320026,0.053544951,0.042168177,0.058577002,0.088294583,0.12305638,0.119335345,0.178134489,0.197878279,0.19153065,0.061532611,0.078606605,0.106647377,0.12903077,0.136961313,0.180982626,0.169374221,0.163815133,0.208228791
Iraq,0.006204924,0.006293076,0.007257772,0.006196608,0.006282808,0.003203852,0.007167006,0.006123546,0.005715064,0.005815968,0.00583176,0.005872475,0.005985639,0.006125374,0.006171605,0.006323796,0.005208576,0.004343625,0.009384824,0.063628352,0.069032621,0.063623988,0.044140176,0.05023922,0.064596912,0.057353904,0.076075608,0.087000679,0.069940502,0.06873523,0.072157988
Ireland,0.009536878,0.007012604,0.008900491,0.007492993,0.008119894,0.008221775,0.009065455,0.008526798,0.010121786,0.007734385,0.007600318,0.008388734,0.012373948,0.012462795,0.012555147,0.010095466,0.01605977,0.015614418,0.019446549,0.025822992,0.030591129,0.0321222,0.036822868,0.042642586,0.037942408,0.054309578,0.052218754,0.062457204,0.069261763,0.076804318,0.068031439
Israel,-0.000985299,-0.001113894,-0.00117626,-0.001265264,-0.001299474,-0.001165704,-0.000894282,-0.00078257,-0.00081648,-0.002860768,-0.003085364,-0.003729891,-0.003331087,-0.003961662,-0.004655053,-0.004566728,-0.004406908,-0.004580265,-0.004587484,-0.005297843,-0.006043753,-0.006863156,-0.012193064,-0.011941356,-0.011873472,-0.011480948,-0.010523064,-0.010503189,-0.007769018,-0.006418898,-0.003571863
Italy,0.634275098,0.524636848,0.554901482,0.496576861,0.475047049,0.604082015,0.593407074,0.601334041,0.623762693,0.571149529,0.611918693,0.612880289,0.625253215,0.674176898,0.689885407,0.752716473,0.691344647,0.674828697,0.738579867,0.691881182,0.6924306,0.65890903,0.730773769,0.839546153,0.911231092,0.974368553,1.033974295,1.247716616,1.336325144,1.19881411,1.155697006
Jamaica,0.001702698,0.001937934,0.001899616,0.002232448,0.002153214,0.001732376,0.0020684,0.002216435,0.002486156,0.002248016,0.00235752,0.002440907,0.002192355,0.002219042,0.002213617,0.001487952,0.001261452,0.001488375,0.002013216,0.002359764,0.002539264,0.002441348,0.002542332,0.00315248,0.00321948,0.003682364,0.003968172,0.003644662,0.00379449,0.003932618,0.004929888
Japan,2.555808489,2.810297231,2.859870608,2.909655737,2.972687315,3.145282116,3.065967621,3.434639884,3.355437808,3.744965565,3.87056291,4.190464633,4.25978024,4.103158618,4.386279673,4.340423159,4.074575912,3.703268171,4.127593072,4.121248819,4.316769036,3.970483271,3.659693593,3.85221791,4.152170947,2.903984914,1.403975318,1.617327055,1.663270439,1.807729268,1.850966003
Jordan,-0.00069883,-0.000143239,0.000278748,0.000177344,0.000197638,0.000629408,0.000711392,0.000714787,0.000659033,0.002275525,0.001255311,0.001739401,0.001556122,0.002387388,0.001899072,0.001526449,0.001742996,0.003842767,0.00333286,0.0031819,0.002172093,0.000863159,0.001515426,0.001538366,0.002873881,0.006269489,0.003006258,0.002219774,0.003563753,0.004370585,0.010628251
Kazakhstan,--,--,--,--,--,--,0.182444483,0.195520634,0.137043378,0.125412978,0.111140991,0.096719736,0.092134397,0.088619927,0.103464841,0.109027577,0.111638145,0.105410037,0.097680288,0.101925296,0.097537284,0.100292608,0.095422897,0.092942991,0.110077498,0.108920824,0.100352254,0.093072912,0.098074527,0.110683976,0.128771305
Kenya,0.024166249,0.024799346,0.029127806,0.030983805,0.032000727,0.034266255,0.034052642,0.036554299,0.036194267,0.03815314,0.040176705,0.03843171,0.038775199,0.030167782,0.021705517,0.033496948,0.039372967,0.044438113,0.042265718,0.043126524,0.045173907,0.047380944,0.040783171,0.036482624,0.049571382,0.049733519,0.057215947,0.0565992,0.061035583,0.079185428,0.074575596
Kiribati,0,0,0,0,0,0,0,0,0,0,0,0,0,0,0,0,0,0,0,3.9996E-06,3.9676E-06,3.9536E-06,0.000004927,0.00000488,6.8292E-06,6.8012E-06,7.6128E-06,7.6328E-06,0.00000951,0.000037276,0.00004616
Kosovo,--,--,--,--,--,--,--,--,--,--,--,--,--,--,--,--,--,--,--,--,--,--,0.002144794,0.002846968,0.003121684,0.002465828,0.001458016,0.000216541,0.003120812,0.00177027,0.000542111
Kuwait,0,0,0,0,0,0,0,0,0,0,0,0,0,0,0,0,0,0,-5.00E-40,3.60E-39,0,-3.40E-39,-4.50E-39,0,0,-3.10E-39,-1.40E-39,1.9082E-06,0.00002853,0.000046595,0.000027696
Kyrgyzstan,--,--,--,--,--,--,0.087909018,0.08922867,0.111403413,0.111080753,0.118606195,0.105112823,0.09843604,0.120357574,0.128689421,0.120908924,0.10639529,0.130166466,0.128474671,0.117470364,0.11399111,0.116544323,0.096155195,0.09463224,0.101461391,0.12688123,0.127902399,0.123506338,0.125929664,0.104266647,0.105509229
Laos,0.00662067,0.004614661,0.00416114,0.00568088,0.00676855,0.006971904,0.006836472,0.007044243,0.006711404,0.00848636,0.0098552,0.0095473,0.013843858,0.017500792,0.023776129,0.024923741,0.024022844,0.021754464,0.022640988,0.02759009,0.02936208,0.0283958,0.0316583,0.03036632,0.06304766,0.091422132,0.092197262,0.108228956,0.1084317,0.097194652,0.099947984
Latvia,--,--,--,--,--,--,0.03977731,0.038164918,0.040328588,0.037904953,0.030266753,0.036397811,0.036049426,0.034411025,0.035208211,0.035623059,0.032822543,0.032609802,0.039015574,0.041348888,0.036083787,0.038001069,0.040023799,0.040141716,0.038209529,0.033924804,0.044741225,0.037654149,0.034155106,0.03189828,0.035591025
Lebanon,0.00705976,0.00735762,0.007343716,0.0064604,0.004420074,0.00557526,0.00601171,0.007657397,0.008686844,0.00837924,0.01050582,0.011184492,0.011519317,0.007629354,0.009316245,0.00716309,0.009896883,0.015473809,0.011844736,0.011911424,0.00999402,0.0090393,0.005550258,0.00995302,0.012355176,0.010609732,0.010599044,0.013802724,0.002337502,0.005387536,0.003780516
Lesotho,0,0,0,0,0.000655104,0.000702872,0.000822292,0.000958772,0.00105772,0.001105488,0.00114302,0.001085016,0.000713108,0.00218173,0.002978832,0.003081385,0.003248914,0.003420281,0.003060052,0.004633897,0.005343955,0.005646336,0.005925336,0.006747568,0.007456476,0.00564796,0.005682496,0.005886035,0.005869852,0.005829602,0.005916372
Liberia,0.00329049,0.003292404,0.003314004,0.003244352,0,0,0,0,0,0,0,0,0,0,0,0,0,0,0,0,0,0,0,0,0,0,0,0,0,0,0
Libya,0,0,0,0,0,0,0,0,0,0,0,0,0,0,0,0,0,0,0,0.000160364,0.000112596,-0.000092124,-0.000163776,-0.000098948,-0.000221248,-0.000163484,0.000226976,0.000291284,0.000376336,0.000381632,0.001356768
Lithuania,--,--,--,--,--,--,0.13298731,0.125390978,0.086769475,0.111356688,0.123290147,0.108635829,0.121389791,0.095255716,0.086418003,0.105117069,0.125134203,0.134919304,0.13311204,0.096632055,0.088326291,0.098419661,0.100547447,0.103825687,0.029728928,0.034244262,0.034312175,0.038978962,0.041204015,0.041118177,0.048893439
Luxembourg,0.061706053,0.051310066,0.054972836,0.056105476,0.055539623,0.053536133,0.048049818,0.04980174,0.045154325,0.033291244,0.030611757,0.026066657,0.020206058,0.020593436,0.021612606,0.021378772,0.013658879,0.014409121,0.013839528,0.013559319,0.014955827,0.016548908,0.017662687,0.014291096,0.016908644,0.018298844,0.017509649,0.020955796,0.020997685,0.02373044,0.026324678
Macau,0.000143304,0.00013648,0.000133068,0.000177424,0.000303668,0.0003412,0.000388968,0.0003412,0.00047768,0.001183964,0.000593688,0.000576628,0.000552744,0.000593688,0.0003412,0.000655104,0.000644868,0.000610748,0.000515212,0.001163492,0.00329258,0.005742396,0.007885132,0.007598524,0.009509244,0.01079898,0.01315326,0.013849308,0.013985788,0.013832248,0.014692072
Madagascar,0.002778636,0.002979834,0.0030972,0.003275648,0.003515876,0.003464752,0.003536964,0.003546296,0.003579652,0.003805128,0.00435314,0.00459585,0.0050985,0.00526639,0.00550854,0.005455824,0.005442555,0.0061155,0.006350144,0.006409359,0.006258889,0.007037408,0.006818968,0.00716384,0.00687798,0.006713756,0.007194096,0.007747292,0.00838782,0.007567028,0.008696544
Malawi,0.005282264,0.00581039,0.005812412,0.005904512,0.007250194,0.007753948,0.007942656,0.007948239,0.008366276,0.008579584,0.00874764,0.008844458,0.010146015,0.009837412,0.01081306,0.011200972,0.011587047,0.011907,0.012980736,0.01349865,0.013717977,0.013956208,0.01547078,0.01497184,0.01736568,0.01782886,0.01817556,0.018146982,0.01902951,0.018460939,0.018574784
Malaysia,0.041862372,0.050547811,0.05777066,0.05354702,0.041162632,0.045453792,0.04458148,0.049802195,0.06679474,0.063859404,0.053023936,0.039146475,0.048890891,0.075880082,0.074793452,0.065531287,0.053162712,0.057300425,0.05794608,0.043772689,0.055340718,0.055859004,0.071256072,0.078440488,0.0719426,0.085009388,0.09394524,0.112929485,0.134936882,0.138011234,0.190591916
Maldives,0,0,0,0,0,0,0,0,0,0,0,0,0,0,0,0,0,0,0,0,0,0.000019768,0.000019708,0.00001952,2.04876E-05,2.13752E-05,0.000019032,0.000019082,0.00001902,0.000018638,0.000018464
Mali,0.001650468,0.00166704,0.001713784,0.001752576,0.001882762,0.001899352,0.002151136,0.002247362,0.00226952,0.002299576,0.0021714,0.002318351,0.00234531,0.00235198,0.002376833,0.002417922,0.002400828,0.00236925,0.002483968,0.004469553,0.004751201,0.004655364,0.005636488,0.00655872,0.007248708,0.0075299,0.007971184,0.01086473,0.011907908,0.012421253,0.013310476
Malta,0,0,0,0,0,0,0,0,0,0,0,0,0,0,0,0,0,0,0,0,0,0,0,0.00000976,0.000019512,0.00009716,0.000275964,0.000343476,0.00073227,0.004550514,0.006453313
Martinique,0,0,0,0,0,0,0,0,0,0,0,0,0,0,0,0,0.000152595,0.000151875,0.00015024,0.000169983,0.000317408,0.000336056,0.000325182,0.00032208,0.0002439,0.000155456,0.000199836,0.000171738,0.00023775,0.000270251,0.00027696
Mauritania,0.000188028,0.000260475,0.0002581,0.0002608,0.00026005,0.0002609,0.000268892,0.000268034,0.000288848,0.000288736,0.00028952,0.00030639,0.000285516,0.00030678,0.000326432,0.000351322,0.000345882,0.000415125,0.000440704,0.000489951,0.000505869,0.000533736,0.00059124,0.0010736,0.001131696,0.00126308,0.001294176,0.001994069,0.00212073,0.003019356,0.003702032
Mauritius,0.001138614,0.001448241,0.001022076,0.001533504,0.000873768,0.000772264,0.001158304,0.001061827,0.0007737,0.001381808,0.00105468,0.000939596,0.001060488,0.00317006,0.005151505,0.00537316,0.005239095,0.005538375,0.005719136,0.005429457,0.004919824,0.005169332,0.005843422,0.00592432,0.006370668,0.005353516,0.005500248,0.005667354,0.00565845,0.00633692,0.006120816
Mexico,0.245204609,0.232922798,0.262238171,0.305962016,0.322567239,0.335913154,0.388463881,0.416769725,0.340505151,0.45780648,0.485785903,0.460194199,0.436478872,0.514371283,0.515701709,0.471316959,0.437282493,0.400033152,0.440794979,0.488358796,0.501087497,0.4713705,0.56282538,0.441196588,0.504988422,0.53365637,0.492828959,0.477794646,0.581616584,0.543278821,0.558853429
Micronesia,0,0,0,0,0,0,0,0,0,0,0,0,0,0,0,0,0,0,0,0,0,0,0,0,0,0,0,0,0,0,0
Moldova,--,--,--,--,--,--,0.002343778,-0.003190557,0.005038667,0.010054306,0.009211521,0.010766535,0.010938689,0.008644449,0.010293716,0.009042644,0.011526431,0.015714619,0.013842904,0.014618622,0.015825523,0.013852911,0.014125673,0.008646863,0.009144358,0.005729275,0.005489411,0.00800812,0.005740373,0.002785978,0.002310632
Mongolia,0.000296844,0.00023884,0.0002559,0.000539096,0.00054592,0.000286608,0.000395792,0.0001706,0.0003412,0.001299972,0.00134774,0.00114302,0.000999716,0.000487916,0.000532272,0.000607336,0.000508388,0.000559568,0.000556156,0.000603564,0.000797696,0.000719066,0.000693904,0.000692892,0.001251556,0.0014525,0.0017481,0.005221502,0.006420722,0.006754411,0.006851192
Montenegro,--,--,--,--,--,--,--,--,--,--,--,--,--,--,--,--,--,--,--,--,0.022839899,0.019587872,0.020009252,0.023348348,0.026572412,0.016911016,0.018047736,0.022474999,0.017380872,0.01553932,0.017885648
Montserrat,0,0,0,0,0,0,0,0,0,0,0,0,0,0,0,0,0,0,0,0,0,0,0,0,0,0,0,0,0,0,0
Morocco,0.007230371,0.009297296,0.010323061,0.012646261,0.013369025,0.015640493,0.013775938,0.009690937,0.013254146,0.007067876,0.02088158,0.021482294,0.020341983,0.014496242,0.014729775,0.015983044,0.015145428,0.021480304,0.0230976,0.014486249,0.018433317,0.023501988,0.026541689,0.044400732,0.053365808,0.041720072,0.038864472,0.057714638,0.05422858,0.057996938,0.060551176
Mozambique,0.001437608,0.001376016,0.001614776,0.0016305,0.004031862,0.004646316,0.004439024,0.006176729,0.006139852,0.0059142,0.0068191,0.010568607,0.014088159,0.059183556,0.082307347,0.109333009,0.109312763,0.105044056,0.112202804,0.123513668,0.134738277,0.145488484,0.136204616,0.14691316,0.149230156,0.150808152,0.1382573,0.135551612,0.144301144,0.151399033,0.128376828
Namibia,--,--,--,--,0.001999432,0.0022178,0.001890248,0.003244812,0.00267842,0.014292688,0.01238814,0.010484832,0.011989002,0.014332478,0.015896466,0.016741148,0.01896151,0.019684849,0.021150092,0.022113223,0.022294954,0.0222601,0.021709704,0.020646856,0.020196036,0.021717404,0.023433808,0.021636676,0.023549634,0.022703752,0.022614504
Nauru,0,0,0,0,0,0,0,0,0,0,0,0,0,0,0,0,0,0,0,0,0,0,0,0,0,0,0,0,0,0,0
Nepal,0.004621856,0.005691637,0.005927892,0.005932752,0.009231738,0.009300476,0.008791992,0.009050353,0.009641168,0.011817628,0.011988512,0.010727039,0.011884672,0.014814582,0.016829428,0.018841247,0.021544262,0.022488928,0.024261608,0.025494136,0.027720476,0.028564756,0.028510964,0.032014448,0.033289648,0.036187928,0.036102744,0.0377692,0.040554944,0.038141617,0.046369904
Netherlands,0.043137219,0.040012476,0.052639548,0.054851783,0.062622126,0.057784705,0.058062785,0.07076468,0.078554743,0.088966425,0.089772214,0.079644091,0.090779176,0.127386162,0.144634259,0.140105633,0.143942448,0.152314024,0.158689943,0.189950381,0.191670201,0.18879484,0.200966249,0.17593424,0.17462921,0.210393974,0.235282933,0.217021744,0.213618609,0.207361238,0.205808001
Netherlands Antilles,0,0,0,0,0,0,0,0.000010309,0.000072212,0.000072184,0.00007238,0.000071491,0.000071379,0.000071582,0.00030603,0.00030999,0.00030519,0.00030375,0.00030048,0.00029997,0.00029757,0.00029652,0.00029562,0.0006344,0.000663408,0.000864724,0.002217228,0.002261217,0.00229191,0.00223656,0.00216952
New Caledonia,0.004157508,0.002646426,0.005440748,0.005382912,0.004743312,0.00354824,0.003536964,0.003525678,0.003878816,0.00433104,0.0040326,0.00367668,0.004007421,0.004775542,0.004539445,0.00382321,0.003306225,0.003290625,0.003335328,0.003559644,0.003124485,0.004210584,0.004759482,0.00421632,0.003053628,0.004051572,0.004301232,0.004789582,0.00325242,0.003746238,0.0025388
New Zealand,0.244196142,0.245700858,0.255962277,0.252005776,0.267928873,0.268440471,0.240281224,0.268614289,0.292495005,0.306297141,0.293537795,0.269381102,0.27869406,0.272365194,0.284841335,0.258697801,0.286394343,0.271071085,0.304413485,0.274648086,0.277464382,0.281991678,0.27605008,0.302380663,0.315126957,0.323256488,0.297389635,0.301183052,0.321960647,0.323925983,0.333697609
Nicaragua,0.00550567,0.006878842,0.006749764,0.010467616,0.00884797,0.008463208,0.007586344,0.00894938,0.007579168,0.007352456,0.00745824,0.006946082,0.004735366,0.00555632,0.004211951,0.004554926,0.006198598,0.00701123,0.00705067,0.009066103,0.008154761,0.00800696,0.011841402,0.01042368,0.01306776,0.012534744,0.0165302,0.020969917,0.022788936,0.021530558,0.022951788
Niger,0.000535684,0.000607336,0.000620984,0.00063122,0.000638044,0.000641456,0.00064828,0.000658516,0.000672164,0.00064828,0.0006824,0.000668752,0.00073358,0.0005118,0.000696048,0.00075064,0.000719932,0.00080182,0.00100654,0.001153256,0.001357976,0.001528576,0.00156952,0.001818596,0.001873188,0.002071084,0.002173444,0.002081952,0.002518564,0.00270546,0.002704108
Nigeria,0.037426243,0.033755488,0.040848951,0.042672151,0.045059205,0.061153075,0.061690116,0.056523244,0.056458696,0.05614884,0.0563013,0.056549381,0.058231421,0.06219106,0.058060435,0.060497079,0.082960185,0.074656895,0.0804604,0.077022297,0.061626747,0.061063352,0.055941158,0.04389072,0.061726212,0.056751156,0.05367024,0.050719956,0.0507834,0.05321149,0.051551488
Niue,0,0,0,0,0,0,0,0,0,0,0,0,0,0,0,0,0,0,0,0,0,0,0,0,0,0,0,0,0,0,0
North Korea,0.135281965,0.141123361,0.154235491,0.155426359,0.160746715,0.155352694,0.146045797,0.136701345,0.142204715,0.147666547,0.130765479,0.109557967,0.105330327,0.106322427,0.104501796,0.10915007,0.108528138,0.119925971,0.124574331,0.130728261,0.124429113,0.130162308,0.137456622,0.120903485,0.129513761,0.127094043,0.127320164,0.131426214,0.12254488,0.092434289,0.117172599
North Macedonia,--,--,--,--,--,--,0.009271706,0.007390601,0.00922641,0.009818565,0.009952,0.010374505,0.013499798,0.016030534,0.01451608,0.01011275,0.011723656,0.01793378,0.019057193,0.020598472,0.022728654,0.019995856,0.018793096,0.017226982,0.029072176,0.02411406,0.019319725,0.023417053,0.022330737,0.02730598,0.0258576
Northern Mariana Islands,0,0,0,0,0,0,0,0,0,0,0,0,0,0,0,0,0,0,0,0,0,0,0,0,0,0,0,0,0,0,0
Norway,1.016654968,1.075332865,1.108441615,1.192632828,1.210643185,1.144509188,1.180699192,1.206183694,1.157078827,1.236186887,1.114063772,1.140029681,1.1997109,1.24283351,1.385885063,1.261819382,1.284349027,1.101607541,1.137820995,1.321775564,1.197142255,1.299629856,1.335813342,1.200275819,1.185239535,1.182930288,1.315196293,1.235458963,1.267706194,1.263885582,1.294682314
Oman,0,0,0,0,0,0,0,0,0,0,0,0,0,0,0,0,0,0,0,0,0,0,0,0,0,0,-1.20E-39,0,-4.20E-39,0,3.60E-39
Pakistan,0.14746974,0.16323418,0.172703008,0.176004048,0.17822602,0.193397526,0.221804973,0.20253381,0.239444158,0.242341126,0.217250854,0.227677961,0.231347569,0.197307396,0.191634862,0.226953658,0.257040828,0.303483556,0.290816142,0.345969776,0.356097975,0.324245972,0.309241456,0.316177946,0.351026255,0.332936745,0.355462912,0.372653072,0.383185445,0.398781266,0.39802744
Palestinian Territories,--,--,--,--,--,--,--,--,--,--,--,0.003517772,0.005742396,0.005196476,0.007721356,0.007107196,0.007871484,0.00789878,0.008864376,0.009765144,0.010563552,0.010877456,0.013183968,0.013589996,0.014190508,0.015770264,0.016749508,0.016152408,0.01683822,0.018469156,0.018673876
Panama,0.02284031,0.022362273,0.024039072,0.023467296,0.023762262,0.021930684,0.020334108,0.024162106,0.024819416,0.025343172,0.031094128,0.029385799,0.021951158,0.031765198,0.035385992,0.025552425,0.034387837,0.027908076,0.037536228,0.036922278,0.035703328,0.036224428,0.039162522,0.037792308,0.040830728,0.039859648,0.05086928,0.049025765,0.049126048,0.061685552,0.065094768
Papua New Guinea,0.004721592,0.004511427,0.00454256,0.0046944,0.00473291,0.00474838,0.00470561,0.004690595,0.00474536,0.008888944,0.00965756,0.007179739,0.008759223,0.00930566,0.009527734,0.009651022,0.009491409,0.009952875,0.00946512,0.011913809,0.011560595,0.012518086,0.012401259,0.01229272,0.012394998,0.013451802,0.009530274,0.00972705,0.009942705,0.00969176,0.00955512
Paraguay,0.090448392,0.139520705,0.148047436,0.182735864,0.198354996,0.215032612,0.19686449,0.224949627,0.260053104,0.300961888,0.32438328,0.358316783,0.359274558,0.368991512,0.378628861,0.330044268,0.343014166,0.364782465,0.361385532,0.357077866,0.372198202,0.371760752,0.383097686,0.377348536,0.374174408,0.396926644,0.404812924,0.40989652,0.3804618,0.375294946,0.419064372
Peru,0.111316462,0.117523043,0.111270725,0.111701423,0.110974563,0.124005692,0.103922062,0.126699415,0.135953266,0.137919384,0.143842558,0.140445137,0.145567858,0.154483319,0.170462287,0.187255257,0.18956202,0.194131458,0.182630004,0.190571073,0.204665371,0.2033052,0.197957576,0.194759507,0.200194358,0.214665185,0.20816468,0.221977833,0.225989419,0.234718022,0.238722015
Philippines,0.110303137,0.102203743,0.115404423,0.124145413,0.123994323,0.116644217,0.105544988,0.113394694,0.130044551,0.131579719,0.143117606,0.140012597,0.144628813,0.190770392,0.201284596,0.182973258,0.177203639,0.180307269,0.189793891,0.183591393,0.202463412,0.185950644,0.202923544,0.196669648,0.174191178,0.192743051,0.197133876,0.189321283,0.188337088,0.195857463,0.202680871
Poland,-0.021884943,-0.037083079,-0.043422967,-0.054855603,-0.089044171,-0.086930399,-0.066190545,-0.041916868,-0.073257034,-0.078253698,-0.046988764,-0.072559043,-0.074944723,-0.069417778,-0.097127265,-0.099622429,-0.10830694,-0.155229927,-0.138020803,-0.120757563,-0.163562944,-0.134140239,-0.105429518,-0.055519712,-0.071121129,-0.067016187,-0.023476074,-0.031910237,0.014573409,0.032281098,0.025571459
Portugal,0.101130984,0.110606106,0.139394268,0.070813179,0.10185166,0.101792298,0.060510078,0.096921788,0.122350736,0.099157974,0.164678071,0.152518601,0.142089468,0.08396262,0.134123178,0.164701188,0.107918706,0.190740847,0.147585937,0.10901781,0.176916858,0.188208359,0.179501612,0.197295813,0.286195077,0.245805266,0.212702741,0.291801018,0.303593818,0.23645252,0.281970211
Puerto Rico,0.002329458,0.002677683,0.002808128,0.002837504,0.001425074,0.001241884,0.00139617,0.00123708,0.000691172,0.000897144,0.0013959,0.001041726,0.001050291,0.001625934,0.001550552,0.001374289,0.001159722,0.001042875,0.001412256,0.001379862,0.001408498,0.001620976,0.001537224,0.001706048,0.001568765,0.001474889,0.001170468,0.002795513,0.00329046,0.003615772,0.003582016
Qatar,0,0,0,0,0,0,0,0,0,0,0,0,0,0,0,0,0,0,0,0,0,0,0,0,0,0.001127056,0.001103856,0.001135379,0.00116022,0.001136918,0.001135536
Reunion,0.005191662,0.005459556,0.004315432,0.005132544,0.005658688,0.004758816,0.00506758,0.005082337,0.005085788,0.005125064,0.00517,0.005504807,0.005618547,0.005654978,0.008313815,0.008349064,0.00824013,0.0081405,0.008723936,0.008449155,0.008510502,0.008935136,0.008957286,0.00830576,0.008868204,0.00806428,0.009249552,0.010075296,0.00892038,0.009682441,0.009232
Romania,0.171998521,0.171777747,0.190427192,0.18631149,0.174793757,0.184218567,0.137919355,0.146062701,0.1360667,0.165229425,0.171289579,0.240209452,0.249748842,0.243693013,0.217403532,0.224148556,0.227503815,0.209264759,0.256517362,0.267647496,0.240787818,0.253835307,0.297777391,0.286963792,0.344302351,0.300545702,0.287372951,0.330332016,0.379497102,0.368332621,0.375319067
Russia,--,--,--,--,--,--,2.976080553,2.951250691,2.716809366,2.744203765,2.62020628,2.64633781,2.602810689,2.755542986,2.945301279,3.081434948,3.021802034,2.992835409,3.144494604,3.131610684,3.222534744,3.254972079,3.167202863,3.293744227,3.281188727,3.302005127,3.304228451,3.40247068,3.447985056,3.471685697,3.608768996
Rwanda,0.001621282,0.001763308,0.001782112,0.0018487,0.001747038,0.001759072,0.001788848,0.001607985,0.001646828,0.001660004,0.001505604,0.001692084,0.001866948,0.00150001,0.001453039,0.001332489,0.00143369,0.001587241,0.001230312,0.00096019,0.000598385,0.000706773,0.000961681,0.00117926,0.001357347,0.001540355,0.001603948,0.001732101,0.002242982,0.002919556,0.002809752
Saint Helena,0,0,0,0,0,0,0,0,0,0,0,0,0,0,0,0,0,0,0,0,0,0,0,0,0,0,0,0,0,0,0
Saint Kitts and Nevis,0,0,0,0,0,0,0,0,0,0,0,0,0,0,0,0,0,0,0,0,0,0,0,0,0.000058536,0.00004858,0.000076128,0.000076328,0.00007608,0.000074552,0.000073856
Saint Lucia,0,0,0,0,0,0,0,0,0,0,0,0,0,0,0,0,0,0,0,0,0,0,0,0,0,0,9.52E-07,9.54E-07,0.000001902,0.000009319,0.000009232
Saint Pierre and Miquelon,0,0,0,0,0,0,0,0,0,0,0,0,0,0,0,0,0,0,0,0,0,0,0,0,0.000019512,0.000019432,0.000019032,0.000019082,0,0,0
Saint Vincent/Grenadines,0.000292488,0.000322989,0.00036134,0.000375552,0.000249648,0.000135668,0.00020684,0.000237107,0.000216636,0.000216552,0.00021714,0.000214473,0.000224334,0.000224972,0.000255025,0.000196327,0.000223806,0.000212625,0.000270432,0.000259974,0.000228137,0.000217448,0.000226642,0.00022448,0.000253656,0.0002429,0.0002379,0.000229938,0.000233946,0.000242294,0.000249264
Samoa,0.00020892,0.000187542,0.000185832,0.00020864,0.00020804,0.00020872,0.00025855,0.000257725,0.0002579,0.000268112,0.0003102,0.000337029,0.000387486,0.000439718,0.000357035,0.000495984,0.000630726,0.00054675,0.0005008,0.00049995,0.000505869,0.000515945,0.000524233,0.000528992,0.000519019,0.000536323,0.000352092,0.000305312,0.000287202,0.000290753,0.000288038
Sao Tome and Principe,0.000073122,0.000083352,0.000082592,0.000083456,0.000083216,0.000083488,0.000082736,0.000082472,0.000082528,0.000082496,0.00008272,0.000081704,0.000071379,0.000092034,0.00010201,0.000041332,0.000061038,0.000070875,0.000060096,0.000039996,0.000079352,0.00009884,0.000078832,0.00006832,0.00004878,0.000058296,0.000057096,0.000057246,0.00005706,0.000074552,0.000064624
Saudi Arabia,0,0,0,0,0,0,0,0,0,0,3.96E-40,0,0,0,0,0,0,0,0,0,0,0,0,0,0,0,0.000228384,0.000372099,0.00039942,0.001202151,0.001190928
Senegal,0,0,0,0,0.000457688,0.000459184,0.000455048,0.000463905,0.00046422,0.000474352,0.00048598,0.000490224,0.000499653,0.0005113,0.000540653,0.000640646,0.002665326,0.00394875,0.00335536,0.003189681,0.002836834,0.002164596,0.00266058,0.0028304,0.003209724,0.003293724,0.003244956,0.003577875,0.00379449,0.003923299,0.004671392
Serbia,--,--,--,--,--,--,--,--,--,--,--,--,--,--,--,--,--,--,--,--,0.134410877,0.124583256,0.121868923,0.115849013,0.136423267,0.100702644,0.093618043,0.093196928,0.117589824,0.104376226,0.111939197
Seychelles,0,0,0,0,0,0,0,0,0,0,0,0,0,0,0,0,0,0,0,0,0,0,0,0,0,0,0,0.000066787,0.00006657,0.000065233,0
Sierra Leone,0,0,0,0,0,0,0,0,0,0,0,0,0,0,0.000153015,0.000154995,0.000162768,0.000162,0.000160256,0.000179982,0.000039676,0.000177912,0.00093613,0.00084912,0.001199988,0.0014574,0.001103856,0.000992264,0.00116022,0.001192832,0.00120016
Singapore,0.000280648,0.000300314,0.000348045,0.000505183,0.001936982,0.005295247,0.005262152,0.00495939,0.004712381,0.00514454,0.005004104,0.005001131,0.004994746,0.005009168,0.004995528,0.009771413,0.009893813,0.010371065,0.009847583,0.009252318,0.009660393,0.009717713,0.010507148,0.01054608,0.011807437,0.01189123,0.012020122,0.013111488,0.013826975,0.014503788,0.014668779
Slovakia,--,--,--,--,--,--,--,0.189244699,0.199216614,0.186039638,0.189011002,0.181772309,0.186742426,0.197698909,0.226133274,0.231928079,0.243541243,0.236348868,0.233829703,0.233503189,0.247979198,0.232534059,0.237520814,0.211477887,0.230908342,0.226024678,0.227390581,0.226275079,0.237211813,0.237531534,0.238936191
Slovenia,--,--,--,--,--,--,0.06779628,0.064735868,0.074394636,0.074629912,0.07723545,0.075439726,0.077993513,0.079785417,0.082660497,0.085589632,0.085396043,0.082857554,0.093060852,0.092272629,0.09111485,0.089811086,0.097547555,0.092540827,0.093352365,0.092687073,0.090653856,0.095243841,0.114589396,0.094790488,0.09753188
Solomon Islands,0,0,0,0,0,0,0,0,0,0,0,0,0,0,0,0,0,0,0,0,0.000009919,0.000019768,0.000019708,0.00002928,0.000019512,0.000038864,0.000038064,0.000038164,0.00004755,0.000055914,0.000055392
Somalia,0,0,0,0,0,0,0,0,0,0,0,0,0,0,0,0,0,0.00010125,0,0,0,0,0,0,0,0,0.000038064,0.000038164,0.000038991,4.84588E-05,0.000110784
South Africa,0.107695182,0.080416959,0.140806332,0.14319038,0.093026232,0.106875408,0.094803871,0.062672204,0.095775842,0.108780191,0.115841058,0.132336825,0.154052416,0.153133008,0.1590211,0.141355976,0.166777598,0.148889632,0.156098692,0.139441509,0.130016233,0.138435339,0.140363439,0.133098744,0.155407374,0.148075264,0.130890209,0.141909754,0.177747805,0.165565621,0.22614529
South Korea,0.313750624,0.431148168,0.419354069,0.502582635,0.558935324,0.579752858,0.578055722,0.606057794,0.589419446,0.675845323,0.737189721,0.765434036,0.900107096,1.031412867,1.08736994,1.116594502,1.172817711,1.290847581,1.296698423,1.414704909,1.449083737,1.415828324,1.489003762,1.453229086,1.482449935,1.550945956,1.494891911,1.403205136,1.570926401,1.663395832,1.678384673
South Sudan,--,--,--,--,--,--,--,--,--,--,--,--,--,--,--,--,--,--,--,--,--,--,--,--,--,--,0.000019032,0.000019082,0.00001902,0.000018638,0.000018464
Spain,0.682226904,0.729797127,0.881973891,0.780633277,0.79450151,0.825182557,0.743811057,0.803990491,0.843153361,0.824326914,0.984190613,0.903580312,0.94965744,0.864437948,0.966269527,1.123228151,0.969691498,1.155670087,1.117785808,1.010379292,1.064068657,1.067478132,1.138011027,1.209295107,1.505441413,1.36985104,1.361268916,1.571662168,1.576880243,1.442952864,1.537076604
Sri Lanka,0.027365247,0.022470591,0.02653268,0.028927936,0.032391828,0.03219506,0.029691882,0.038741222,0.041759168,0.045473049,0.03334059,0.034913099,0.039579702,0.042271671,0.032426441,0.031957035,0.027291705,0.03320769,0.029535201,0.034364631,0.038366692,0.038814468,0.04054921,0.03814208,0.055423836,0.045801224,0.032773104,0.06802733,0.04599987,0.05898927,0.042642608
Sudan,0.009547644,0.009543804,0.009477432,0.009660032,0.009861096,0.010728208,0.011148676,0.01113372,0.01145076,0.009920144,0.01099142,0.010652159,0.010533501,0.012250748,0.012965471,0.014104545,0.014181162,0.012970125,0.012379776,0.013918608,0.014838824,0.01566614,0.015736838,0.03267648,0.061228656,0.063416332,0.063611712,0.079989196,0.085169604,0.078887968,0.074832404
Suriname,0.007897176,0.003365337,0.00500714,0.011339584,0.012180742,0.014537348,0.014861454,0.01494805,0.015092308,0.013189048,0.01324554,0.013164557,0.013194918,0.013406286,0.00724271,0.007491425,0.007538193,0.007614,0.007652224,0.008209179,0.008550178,0.008520008,0.008504002,0.00842288,0.011689639,0.011381322,0.010590356,0.010533264,0.01116474,0.010400004,0.00978592
Sweden,1.3076401,1.390209318,1.387720107,1.401014518,1.415986857,1.412395893,1.392167465,1.377016696,1.347579907,1.396807485,1.294515863,1.400130314,1.467559745,1.441123823,1.415700761,1.531361606,1.405439335,1.29377132,1.448358796,1.500155204,1.390793247,1.426901892,1.424052312,1.296867002,1.386599351,1.392662582,1.496018238,1.405643541,1.397648132,1.433261597,1.407804343
Switzerland,0.530475161,0.549731513,0.567707557,0.534249222,0.546327759,0.559569643,0.565199704,0.58449358,0.614407004,0.5894271,0.549155027,0.584036836,0.585705355,0.639673404,0.624667888,0.668292454,0.62527097,0.626790239,0.616012622,0.579818995,0.608163991,0.633791032,0.642272746,0.632081308,0.635853087,0.611756292,0.637620361,0.644081951,0.649265444,0.615130853,0.579766959
Syria,0.029389147,0.029452602,0.028860744,0.028752207,0.028111474,0.028021866,0.027350112,0.026811769,0.026453384,0.025796102,0.026230722,0.026391669,0.02736629,0.025422573,0.033107161,0.035324827,0.025050797,0.027226043,0.039878137,0.040942405,0.03655314,0.035839411,0.028211133,0.018161074,0.02419786,0.031964061,0.035075605,0.026893934,0.021902479,0.003291244,0.008701053
Taiwan,0.327891967,0.382071891,0.34853204,0.331739044,0.396710361,0.382986174,0.399825,0.383011574,0.396912308,0.39948983,0.422981243,0.410478393,0.42690309,0.433844476,0.437188574,0.41978041,0.444211914,0.43962267,0.44541755,0.454108403,0.461004962,0.47965741,0.478050882,0.473237369,0.48345318,0.49111865,0.487822708,0.504679293,0.502110674,0.451380994,0.423545447
Tajikistan,--,--,--,--,--,--,0.166143881,0.170823263,0.167585016,0.151295038,0.152904017,0.142092587,0.144911788,0.155263858,0.145463216,0.149418259,0.157255084,0.163803113,0.163247371,0.168837781,0.166098261,0.167842901,0.16698756,0.153828563,0.15890134,0.155741924,0.156961873,0.158033675,0.146259102,0.152304055,0.147572102
Tanzania,0.011194839,0.012134943,0.012751179,0.014943501,0.015959222,0.017842421,0.016926893,0.017352968,0.015266062,0.015725451,0.017900224,0.014807891,0.021128746,0.022035983,0.021808684,0.026854808,0.027682839,0.025880051,0.02375289,0.017861427,0.014689941,0.025124057,0.02602439,0.025733999,0.02652659,0.019688065,0.017118914,0.016754959,0.02494235,0.020030714,0.022329731
Thailand,0.061062101,0.045005563,0.041940365,0.06202148,0.055418232,0.05200445,0.047463608,0.041869873,0.050904381,0.076232808,0.088997181,0.081180909,0.060782983,0.050279449,0.068492579,0.071712538,0.085337105,0.094102913,0.084881901,0.087581261,0.110849727,0.110336622,0.102844027,0.106216465,0.109034897,0.155057483,0.160162605,0.171103001,0.173869326,0.18051906,0.328750315
The Bahamas,0,0,0,0,0,0,0,0,0,0,0,0,0,0,0,0,0,0,0,0,0,0,0,0,0.000004878,5.8296E-06,8.5644E-06,8.5869E-06,0.00001902,0.000018638,0.000018464
Timor-Leste,--,--,--,--,--,--,--,--,--,--,--,--,--,--,--,--,--,0,0,0,0,0,0,0,0,0,0,0,0,0,0
Togo,0.001578656,0.00167214,0.001671744,0.001970284,0.001964022,0.002747728,0.002299608,0.00342879,0.002601548,0.00368728,0.0031588,0.002144009,0.003207396,0.003440678,0.002459999,0.00188145,0.002580878,0.002408867,0.00248978,0.002493457,0.002645527,0.002742168,0.00317896,0.00357658,0.003348375,0.003985026,0.004163757,0.004197578,0.004866886,0.004869157,0.00590246
Tonga,0,0,0,0,0,0,0,0,0,0,0,0,0,0,0,0,0,0,0,0,0,0,0,0,0,0,0,0,0,0,0
Trinidad and Tobago,0.00026115,0.000302151,0.000268424,0.0002608,0.000322462,0.0002609,0.00031026,0.000288652,0.000330112,0.000340296,0.00017578,0.000183834,0.000183546,0.000184068,0.00020402,0.000299657,0.000264498,0.0001215,0.000230368,0.000239976,0.000287651,0.000217448,0.000226642,0.00022448,0.000039024,0.000038864,0.000038064,0.000038164,0.00003804,0.000037276,0.000036928
Tunisia,0.002833293,0.004128152,0.003063444,0.003277275,0.003464806,0.003857307,0.003646693,0.004145013,0.003606856,0.003461304,0.004315102,0.003837177,0.001920176,0.004383279,0.003967263,0.003658969,0.002863022,0.003495468,0.002492765,0.002167638,0.001395057,0.000915426,0.000745032,0.001943398,0.002006329,0.001564275,0.002860062,0.004002554,0.005437862,0.005160463,0.005446753
Turkey,0.126775296,0.195798759,0.298223219,0.189165643,0.240666685,0.237740252,0.277087642,0.353120134,0.32005787,0.374277949,0.428933826,0.432560852,0.457090962,0.373343446,0.347551914,0.280721044,0.373930807,0.373884822,0.468724992,0.40318466,0.446842611,0.36653253,0.342195453,0.375418475,0.542129545,0.564762938,0.629481173,0.685065302,0.519198506,0.795651659,0.858099551
Turkmenistan,--,--,--,--,--,--,-0.010024032,-0.010692843,-0.008829936,-0.006850992,-0.0074547,-0.005919935,-0.005056818,-0.00199607,-0.003360995,-0.006281201,-0.003572553,-0.003603405,-0.003972228,-0.004269123,-0.004542323,-0.004951868,-0.00500655,-0.005320736,-0.008193652,-0.008671452,-0.009252092,-0.009695577,-0.01092399,-0.010893855,-0.010890704
Turks and Caicos Islands,0,0,0,0,0,0,0,0,0,0,0,0,0,0,0,0,0,0,0,0,0,0,0,0,0,0,0,0,0,0,0
Tuvalu,0,0,0,0,0,0,0,0,0,0,0,0,0,0,0,0,0,0,0,0,0,0,0,0,0,0,0,0,0,0,0
U.S. Pacific Islands,0.00031338,0.00031257,0.00030972,0.00031296,0.00031206,0.00031308,0,0,0,0,0,0,0,0,0,0,0,0,0,0,0,0,0,0,0,0,0,0,0,0,0
U.S. Territories,0,0,0,0,0,0,0,0,0,0,0,0,0,0,0,0,0,0,0,0,0,0,0,0,0,0,0,0,0,0,0
U.S. Virgin Islands,0,0,0,0,0,0,0,0,0,0,0,0,4.00E-41,0,0,0,0,0,0,0,0,0,0,0,0,0.000009716,0.000009516,0.000038164,0.00014265,0.000270251,0.000267728
Uganda,0.005897268,0.005775916,0.005622924,0.006690752,0.007540602,0.007632704,0.009680622,0.009487054,0.009896084,0.01028054,0.011054,0.01227174,0.012186487,0.01225356,0.015568213,0.015745809,0.016440785,0.017433971,0.018722444,0.01876163,0.01206087,0.014363808,0.017241444,0.015148236,0.014584364,0.016812448,0.025413792,0.032963903,0.033433746,0.032134449,0.032488992
Ukraine,--,--,--,--,--,--,0.827181176,0.886870537,0.835198521,0.826130038,0.90575357,0.918514454,0.923628241,0.857048109,0.856975701,0.882982747,0.892815371,0.896063113,0.942723734,0.997723215,1.040830116,1.064717715,1.023137145,0.929736003,1.004660392,0.97413483,0.949644484,0.92652252,0.988974654,1.011327648,0.940722283
United Arab Emirates,0,0,0,0,0,0,0,0,0,0,0,0,0,0,0,0,0,0,-2.82E-39,0,-1.20E-39,0,0,0.0000976,0.00019512,0.0003747,0.000217052,0.000910003,0.002843054,0.002781796,0.005517836
United Kingdom,0.649629894,0.672563395,0.775817005,0.863531374,0.839595776,0.94554457,1.037771502,1.183547525,1.191312954,1.192886737,1.255496101,1.31024081,1.329243115,1.282404145,1.155868257,1.211986402,1.188281168,1.126594277,0.992544278,1.016777803,0.963072324,0.814295688,0.755148534,0.886271281,0.820889316,0.968937971,1.034461279,1.190101484,1.267053677,1.488770101,1.496484391
United States,10.53655209,10.47298439,11.12117773,11.83317077,12.09359499,12.49305566,12.33753413,12.51648219,12.78290911,13.71239824,14.17486942,13.66719703,13.59667589,14.15819492,14.00684156,13.14421503,13.82589188,13.73467074,14.16900551,14.16710827,14.47671785,14.48409123,14.89350387,15.07832277,15.66029928,16.40482302,15.86757397,16.57261438,16.91791743,16.89499781,17.51477126
Uruguay,0.064665635,0.064816539,0.048243444,0.036343916,0.068418846,0.057632196,0.070238328,0.067444464,0.07119028,0.060177724,0.059028604,0.065402948,0.085487413,0.057867192,0.072887248,0.090914029,0.090475952,0.08352636,0.055470017,0.069144979,0.045468452,0.079655173,0.055391149,0.063087831,0.092047224,0.073312414,0.063978142,0.088442576,0.107035592,0.108134759,0.114832785
Uzbekistan,--,--,--,--,--,--,0.062245708,0.073702072,0.071713744,0.05876642,0.070508656,0.061540363,0.061746444,0.061642936,0.063692929,0.062639895,0.062016256,0.076099804,0.089093644,0.088091378,0.045863087,0.048915824,0.044122522,0.062482728,0.075132532,0.052352128,0.060386336,0.050887725,0.054554212,0.06083152,0.061910736
Vanuatu,0,0,0,0,0,0,0,0,0,0,0,0,0,0,0,0,0,0,0,0,0,0,0,0,0.00004878,4.95516E-05,7.80312E-05,8.77772E-05,0.000097002,0.000121147,0.00009232
Venezuela,0.266721915,0.324106888,0.354945957,0.362272159,0.383996135,0.46233507,0.485346014,0.486353303,0.526406548,0.529109922,0.555042383,0.582908558,0.58707567,0.613975855,0.63676587,0.620649007,0.601794311,0.606879564,0.694801153,0.763963101,0.800670467,0.812553566,0.846499774,0.830194004,0.742856588,0.80660178,0.775982773,0.79308568,0.603524623,0.688902151,0.572724462
Vietnam,0.016546464,0.017274702,0.018242508,0.039203456,0.055453062,0.065371104,0.074007352,0.081090594,0.094117723,0.10806988,0.122935516,0.117869248,0.112132621,0.13992791,0.147297594,0.186775818,0.183831745,0.191512513,0.177024171,0.212710964,0.207755293,0.233355206,0.268451575,0.306105519,0.284108635,0.409778023,0.504794787,0.503630817,0.573771466,0.536331619,0.607315242
Wake Island,0,0,0,0,0,0,0,0,0,0,0,0,0,0,0,0,0,0,0,0,0,0,0,0,0,0,0,0,0,0,0
Western Sahara,0,0,0,0,0,0,0,0,0,0,0,0,0,0,0,0,0,0,0,0,0,0,0,0,0,0,0,0,0,0,0
Yemen,0,0,0,0,0,0,0,0,0,0,0,0,0,0,0,0,0,0,0,0,0,0,0,0,0.000019512,0.000019432,0.000028548,0.000047705,0.0000951,0.001081004,0.00143096
Zambia,0.09076501,0.081980147,0.080546524,0.064865504,0.075368102,0.07546398,0.074200986,0.073979034,0.074053328,0.075301344,0.06849138,0.075740851,0.072353796,0.07278691,0.0741458,0.077555625,0.07969128,0.081952189,0.084861488,0.08908863,0.094105967,0.09416468,0.093821618,0.094043332,0.099505352,0.11139352,0.114221132,0.122657277,0.128670644,0.119663804,0.106261164
Zimbabwe,0.0425037,0.029455262,0.031615066,0.040564523,0.045798166,0.042218631,0.036289722,0.024696334,0.020230947,0.020054087,0.022266934,0.02386153,0.022680314,0.035330584,0.044230305,0.039458322,0.047362774,0.059565218,0.059272729,0.05529331,0.062879918,0.060089685,0.057708724,0.054348202,0.055831638,0.048768864,0.050187342,0.048011757,0.049817875,0.044750116,0.034072702
