total energy consumption from petroleum and other liquids (quad Btu),1986,1987,1988,1989,1990,1991,1992,1993,1994,1995,1996,1997,1998,1999,2000,2001,2002,2003,2004,2005,2006,2007,2008,2009,2010,2011,2012,2013,2014,2015,2016
World,127.1675459,129.5204236,133.7162963,135.3252591,136.4770281,136.8359618,137.7369113,136.5076576,139.231635,142.0298251,146.48754,148.5280433,150.2898447,153.5495884,156.9307587,158.0950546,159.3638073,162.7674717,169.5971864,171.6997389,173.9564899,176.5766055,175.8895187,173.0290745,178.6323587,179.8650407,182.9150311,184.794458,187.5378001,191.1859397,191.6527813
Afghanistan,0.028329758,0.028675112,0.027374636,0.027698618,0.028118186,0.026408512,0.014683914,0.014644024,0.013614067,0.013194499,0.012185452,0.011497729,0.011093382,0.011093398,0.008129111,0.008037032,0.006836039,0.009580643,0.008965576,0.013311272,0.017167204,0.018241911,0.041541548,0.072306945,0.085493838,0.110801523,0.098345426,0.069950161,0.05528505,0.0692211,0.050846665
Albania,0.082449887,0.072966858,0.068141514,0.058063178,0.043014162,0.03854419,0.043791663,0.035639668,0.027742255,0.031145343,0.024568785,0.025573471,0.031009561,0.01910171,0.045761196,0.048300987,0.055914566,0.056532534,0.063251986,0.06309585,0.058567703,0.057138346,0.05647564,0.054445616,0.052663621,0.0521623,0.046020699,0.054955503,0.056805568,0.053080053,0.05483
Algeria,0.318808593,0.324214207,0.335391347,0.357827385,0.379428085,0.407682005,0.41277114,0.40205261,0.397562745,0.399022928,0.388604746,0.384324268,0.400556475,0.378129342,0.4381881,0.444134049,0.483595725,0.491823407,0.513405022,0.518027203,0.528632034,0.544120936,0.625478194,0.691802262,0.685783048,0.688148656,0.73594742,0.790232024,0.824079844,0.859255,0.838878
American Samoa,0.006716584,0.006973009,0.006778814,0.007806191,0.008210538,0.008210538,0.008445519,0.008216196,0.008003583,0.007790971,0.007811607,0.008003583,0.008003583,0.008003594,0.007837103,0.007837103,0.007967312,0.007967312,0.007967312,0.008463481,0.008606956,0.008606956,0.008630536,0.008606956,0.008606956,0.004911509,0.004924966,0.004911509,0.004911509,0.004908811,0.004908869
Angola,0.051300896,0.051506939,0.051835409,0.052320305,0.052247925,0.055039372,0.05498806,0.053335041,0.05273896,0.057100637,0.05343439,0.063996363,0.05238564,0.064592882,0.080430224,0.090221248,0.093673197,0.10569338,0.112132162,0.087855878,0.117466215,0.138874002,0.171654636,0.20331696,0.220815085,0.231080612,0.246973165,0.287508463,0.326943194,0.325852707,0.308068
Antarctica,0.002763963,0.002763963,0.00298473,0.002763963,0.002976575,0.002976575,0.00298473,0.002976575,0.002976575,0.003189188,0.003197925,0.003189188,0.003189188,0.003189188,0.003172179,0.003259088,0.003259088,0.003259088,0.003302542,0.003302542,0.003302542,0.003345996,0.000148409,0.000190919,0.000190919,0.000190919,0.000191441,0.000190919,0.000190919,0.00018941,0.000189246
Antigua and Barbuda,0.004624394,0.005755917,0.005771311,0.005755917,0.00596853,0.005947652,0.005963571,0.005947652,0.006367219,0.006788429,0.006806652,0.006995384,0.006995384,0.006995404,0.007289302,0.007289302,0.007814668,0.008213775,0.008519161,0.00864945,0.008914564,0.009342398,0.009556925,0.010013005,0.009679626,0.009649499,0.009916654,0.009916654,0.010139449,0.01033443,0.010489332
Argentina,0.94287238,0.992813505,0.978284328,0.885250195,0.841722485,0.860379825,0.90126585,0.972360365,0.9218148,0.907088145,0.969358686,0.978994605,1.02596536,1.008139125,1.137513921,1.069136397,0.961266194,1.017968477,1.130898902,1.155202805,1.258303069,1.29320957,1.422393445,1.355714833,1.48022617,1.473905185,1.561940027,1.56905934,1.576160671,1.634033684,1.595071
Armenia,--,--,--,--,--,--,0.092761236,0.052314465,0.03809048,0.052220397,0.060696298,0.063133457,0.067990695,0.009666498,0.015144154,0.014825452,0.014099655,0.01468813,0.0153704,0.017728439,0.016701467,0.018180113,0.019402329,0.016953905,0.018088891,0.017117174,0.017722238,0.015759131,0.015696952,0.016651356,0.013772
Aruba,0.001453868,0.001453868,0.005570153,0.0074045,0.007820675,0.008531306,0.009371014,0.009521171,0.010446587,0.01182344,0.007792578,0.01260235,0.01260235,0.012602367,0.015072691,0.015595912,0.01612162,0.017952978,0.018721994,0.020217968,0.02017945,0.020794461,0.019534151,0.019182118,0.017246666,0.013441446,0.016927945,0.016187071,0.016386298,0.016791,0.016521
Australia,1.295406942,1.326613993,1.396856238,1.450944062,1.475459824,1.442688668,1.460019119,1.516703836,1.570986003,1.615144649,1.665311363,1.694436243,1.701952656,1.748654111,1.748792672,1.742021373,1.787929272,1.857243478,1.898587413,1.927918573,1.952886288,1.989092959,2.013752253,2.015348148,2.105006962,2.217825988,2.284818595,2.308754931,2.283645693,2.273404008,2.269104569
Austria,0.431790733,0.437767514,0.426477608,0.425921832,0.452160741,0.486106385,0.476992823,0.4896611,0.485557985,0.485569282,0.532121476,0.531847094,0.556371032,0.527363962,0.524199033,0.559156316,0.570234754,0.602572835,0.617948872,0.621069852,0.629196218,0.609069211,0.594047802,0.565254697,0.581041437,0.549714266,0.541558784,0.550363122,0.536045252,0.539208686,0.549273798
Azerbaijan,--,--,--,--,--,--,0.427240218,0.412263485,0.39206986,0.37790786,0.282917268,0.277796025,0.32035977,0.32395064,0.280745584,0.183003453,0.177103105,0.200837241,0.228864562,0.232917648,0.213643019,0.19000992,0.191796931,0.161256961,0.168397411,0.187648402,0.197709154,0.202940083,0.201464708,0.199667388,0.197653
Bahrain,0.032527772,0.038620139,0.038399512,0.039368243,0.04159394,0.042839941,0.043892147,0.042558927,0.043132233,0.043633013,0.041361367,0.040249025,0.045069215,0.049772568,0.064866232,0.066017033,0.071778308,0.084746516,0.095743757,0.115836241,0.127181623,0.125101272,0.128957405,0.119311334,0.114930853,0.114448637,0.118627745,0.114115104,0.115452356,0.12157146,0.1263442
Bangladesh,0.072970216,0.070795729,0.075861406,0.080286897,0.075791885,0.081498843,0.080200409,0.085545817,0.096632181,0.108213704,0.111350266,0.119036501,0.121339067,0.140240665,0.144272588,0.172082584,0.171632222,0.179175847,0.161330013,0.165159382,0.166072838,0.160308533,0.15933564,0.14661582,0.171239347,0.219726807,0.229548159,0.222972384,0.238612049,0.240133227,0.2401794
Barbados,0.017740095,0.016871076,0.015338372,0.016672799,0.017515094,0.017761377,0.018276394,0.017803027,0.016831466,0.01749576,0.015605157,0.019200533,0.019748918,0.020369796,0.022365196,0.022597966,0.022868939,0.02312424,0.023267597,0.023591085,0.023627906,0.022794177,0.027069212,0.025500876,0.024542044,0.025764828,0.024089506,0.024345011,0.021297151,0.022528,0.022835
Belarus,--,--,--,--,--,--,0.791597976,0.619900305,0.512591765,0.48753415,0.438730788,0.39436133,0.36032435,0.333023167,0.335808246,0.325571227,0.335085457,0.343002014,0.339713962,0.315656314,0.363340933,0.337774414,0.343541828,0.384208344,0.314808059,0.365026396,0.372417907,0.334217966,0.350313412,0.288218658,0.284028
Belgium,0.959582872,0.964330176,0.994904064,0.975299885,0.985481234,1.05317848,1.069960039,1.053291751,1.163616095,1.15980597,1.251783808,1.281523314,1.305179365,1.265423194,1.298991625,1.31344309,1.319759316,1.388756151,1.417565484,1.411576402,1.385216672,1.3919885,1.490264701,1.310612122,1.378589425,1.282890475,1.25007544,1.285690118,1.260386378,1.291989259,1.322086274
Belize,0.003706413,0.002958679,0.002170795,0.003299884,0.004474302,0.005122906,0.00423037,0.004219679,0.004007066,0.004640998,0.00384811,0.006438024,0.006343403,0.006535154,0.007110946,0.007421169,0.007081943,0.007177939,0.006670774,0.007183963,0.007553798,0.006936074,0.006309599,0.006993087,0.007650772,0.006182629,0.006765303,0.007384702,0.007168964,0.0083198,0.008231122
Benin,0.006938075,0.005365737,0.006788055,0.006961391,0.008079239,0.009503914,0.010517156,0.011638828,0.012208374,0.013197488,0.014417728,0.01567363,0.017020826,0.007750556,0.02214085,0.025205827,0.029033862,0.033669875,0.035411035,0.033063201,0.045915429,0.054539607,0.055582493,0.061325609,0.070291623,0.065210943,0.061440526,0.062745586,0.066091262,0.07305374,0.092433
Bermuda,0.006898958,0.009947155,0.010856062,0.013118413,0.009310567,0.008157057,0.006372845,0.007404973,0.007136151,0.007319365,0.007552188,0.007531977,0.007531977,0.007531992,0.00823178,0.008349479,0.008786658,0.008766686,0.009077513,0.009558814,0.010795871,0.012539087,0.011995108,0.009438427,0.011113202,0.00718221,0.007767438,0.007802241,0.010104616,0.008497225,0.01081503
Bhutan,0.000401478,0.000477224,0.000477207,0.000477224,0.001071284,0.001071284,0.001074007,0.001071284,0.001222029,0.001626376,0.001630619,0.001720512,0.001877083,0.001877116,0.002183855,0.002367255,0.002469352,0.002729652,0.002864525,0.003066343,0.0031726,0.00329626,0.003202624,0.003570766,0.004526029,0.005330612,0.006054345,0.00638686,0.005985097,0.006696,0.006905
Bolivia,0.04199774,0.040904747,0.04462444,0.047826753,0.049005776,0.050053071,0.051696475,0.052169388,0.05875781,0.065182065,0.067089447,0.070124713,0.078231363,0.089769268,0.081698776,0.074640936,0.078415944,0.083471554,0.092698041,0.091748142,0.098376407,0.108325607,0.10074306,0.099060392,0.107960587,0.126256524,0.141731406,0.13700165,0.148530879,0.179030947,0.1788682
Bosnia and Herzegovina,--,--,--,--,--,--,0.073091225,0.047452884,0.041156232,0.040305965,0.038834247,0.038957618,0.043804015,0.044844375,0.048523225,0.047919656,0.046263016,0.043453503,0.050856163,0.048002055,0.051898122,0.05526985,0.063519495,0.070645808,0.071583654,0.073179856,0.066107181,0.061869314,0.063016853,0.064332658,0.074407
Botswana,0.007122555,0.008547459,0.009599621,0.011660473,0.012558044,0.014516087,0.016671483,0.016283453,0.016283453,0.016283453,0.016328065,0.018667382,0.018711785,0.018711805,0.024742596,0.02711262,0.027828742,0.029765872,0.028185707,0.029107019,0.03144583,0.034194359,0.038118644,0.035292094,0.037194388,0.038571607,0.03955327,0.04150615,0.043050315,0.047425,0.044297
Brazil,2.522126275,2.571449455,2.652796914,2.67365785,3.38855342,3.11331057,3.190327206,3.310666435,3.507212365,3.755538655,4.012347102,4.27541071,4.424202595,4.51341991,4.485033018,4.445431331,4.417579196,4.297271449,4.459103405,4.550029283,4.620906694,4.930463371,5.269750217,5.276100601,5.698197494,5.858226587,6.099145499,6.371987731,6.648106148,6.497555,6.051311
British Virgin Islands,0.000256425,0.000660772,0.000662478,0.000660772,0.000660772,0.000660772,0.000662478,0.000660772,0.000660772,0.000660772,0.000854738,0.000852506,0.000852506,0.000852523,0.001492735,0.001527765,0.001616028,0.001726392,0.001814655,0.0018668,0.002033656,0.002108205,0.002265235,0.002374254,0.002435842,0.00249301,0.002484319,0.002484319,0.00252418,0.00253287,0.002566914
Brunei,0.010927415,0.012234942,0.012269743,0.013678975,0.014282507,0.02142352,0.014411777,0.019077096,0.021533871,0.022379393,0.025875285,0.025803223,0.024801351,0.027352209,0.026423497,0.026370254,0.027331404,0.028190535,0.028388,0.028394265,0.030139836,0.030970793,0.034487647,0.033961641,0.035252375,0.037346536,0.035759201,0.035233359,0.033555771,0.038745025,0.033914
Bulgaria,0.62026056,0.598940545,0.6046686,0.505645085,0.41014466,0.259538725,0.276069042,0.248511345,0.269698135,0.276807605,0.24819741,0.22487358,0.216662552,0.20381089,0.184474286,0.193018044,0.195689749,0.205829023,0.210741167,0.223628999,0.225658843,0.216528538,0.214261684,0.204434101,0.179205507,0.169026298,0.174010923,0.162174283,0.178371523,0.195558794,0.193727
Burkina Faso,0.006886218,0.007191413,0.007541693,0.006759017,0.006863448,0.007913087,0.007933335,0.008547808,0.009329966,0.009329966,0.009776109,0.016118309,0.014738974,0.014738976,0.013543204,0.015376119,0.015892632,0.017515099,0.015530487,0.016487431,0.016391751,0.023502656,0.025530302,0.023894534,0.025511826,0.029349834,0.0348624,0.042193525,0.039385885,0.050896672,0.041377965
Burma,0.036258279,0.033980807,0.034963577,0.034849762,0.031626046,0.032969757,0.034786618,0.034409098,0.03943606,0.038086886,0.040667852,0.051768583,0.061387351,0.076573051,0.081556058,0.065424407,0.065619535,0.075511138,0.076937511,0.075160208,0.076464892,0.07504824,0.058947065,0.048462614,0.055203462,0.051301031,0.093143064,0.123882101,0.189277181,0.149112985,0.178501955
Burundi,0.002077395,0.002214186,0.003539448,0.004047047,0.004260724,0.004894546,0.004501233,0.005105334,0.005317946,0.005105334,0.005349072,0.005334809,0.005547422,0.00554743,0.004535981,0.003503499,0.003140584,0.002490835,0.003127034,0.002488443,0.003096402,0.005264768,0.003037096,0.002948637,0.003326645,0.003947014,0.003509392,0.004124998,0.003374483,0.005380809,0.006478633
Cabo Verde,0.000656591,0.000697174,0.000962817,0.001173256,0.001173256,0.001173256,0.001389207,0.001385869,0.001621436,0.001577146,0.001776453,0.001772181,0.001772181,0.001772203,0.004580373,0.005127608,0.005578808,0.005555068,0.006069799,0.009500648,0.010089382,0.011252743,0.011415082,0.010800055,0.011597074,0.013604306,0.01174821,0.011435103,0.012331241,0.012237048,0.01284193
Cambodia,0.005885443,0.005885443,0.006339193,0.006321873,0.006321873,0.00672622,0.006744648,0.00672622,0.00672622,0.020429598,0.022484515,0.026838341,0.031540161,0.032544824,0.030092389,0.032063444,0.03199497,0.034595933,0.035768513,0.040429957,0.04367855,0.05074542,0.050409183,0.061515816,0.06916634,0.070038992,0.073756188,0.073660415,0.076520885,0.086518368,0.096228
Cameroon,0.045834128,0.042307296,0.040663844,0.049879112,0.050575714,0.050851946,0.05163173,0.04261886,0.046947505,0.048087144,0.046513513,0.048429332,0.04823924,0.04435053,0.046368762,0.045338492,0.047640121,0.049993644,0.050110114,0.04854106,0.05835344,0.06420791,0.06211666,0.072238924,0.079011967,0.08687978,0.080417324,0.062736655,0.086654712,0.082768412,0.0777204
Canada,3.048982856,3.184137221,3.33580465,3.482987514,3.502759833,3.36491653,3.454958755,3.489711223,3.546261517,3.638722309,3.759807117,3.930307588,3.933383333,4.096862744,4.098324605,4.120243006,4.155398319,4.385637081,4.554715478,4.738833246,4.722278876,4.903953077,4.733183216,4.603453818,4.834652359,4.886744919,4.988900709,4.93937582,4.885880435,5.005209262,5.061720987
Cayman Islands,0.001519515,0.001604863,0.003908296,0.0038981,0.004143399,0.00410115,0.004159819,0.003942102,0.004547746,0.004872268,0.004885616,0.004873146,0.004873146,0.004873167,0.007106775,0.007196546,0.007459981,0.007556409,0.007142248,0.007352567,0.007457443,0.008912809,0.009152626,0.008493058,0.008532452,0.008982827,0.008299163,0.008192369,0.008330495,0.008811742,0.008674789
Central African Republic,0.003490568,0.003206885,0.003215371,0.003206885,0.003440499,0.003653112,0.0034704,0.003860067,0.004067022,0.004066563,0.004290899,0.004279634,0.004279634,0.004279649,0.004627619,0.004805653,0.004805653,0.004544096,0.004522369,0.004625022,0.004855786,0.004948923,0.005037715,0.005037715,0.005209695,0.005442808,0.005671643,0.005632317,0.005693966,0.005752768,0.005794035
Chad,0.003905135,0.003468522,0.002107094,0.002310553,0.004842245,0.004734707,0.004747679,0.002278184,0.002490797,0.002490797,0.002497621,0.002697752,0.002697752,0.002697752,0.003521715,0.003380168,0.003336714,0.003298285,0.003474965,0.003740063,0.003796554,0.003831318,0.003855882,0.004073154,0.004416996,0.004647304,0.004660037,0.00469945,0.00469945,0.004808796,0.004870501
Chile,0.209375347,0.218216686,0.242151821,0.273415196,0.295262199,0.310241683,0.335589709,0.363639954,0.397469264,0.431152551,0.470938105,0.496350428,0.515177423,0.527413141,0.483083899,0.46953007,0.482816132,0.50228211,0.534986649,0.554028094,0.567220834,0.718218948,0.757142159,0.704651411,0.650950271,0.672539107,0.672740499,0.684490521,0.676517804,0.668712094,0.710714602
China,4.361179505,4.583327995,4.901685012,5.098849615,4.911002365,5.10769904,5.65465791,6.256997535,6.63366987,7.045953795,7.883265582,7.498833568,8.46390032,8.978183495,9.652490692,9.883304226,10.66870594,11.8532622,13.99649815,14.27620681,15.32877414,16.19389913,16.45946447,17.34506122,19.04033826,20.48698923,21.55855824,22.50531981,23.56275764,25.04304336,23.912695
Colombia,0.338908048,0.36677828,0.394836408,0.412918295,0.388738505,0.40496093,0.455975976,0.47706157,0.485103469,0.501626435,0.554020385,0.567095317,0.576343578,0.553976779,0.562445233,0.548870464,0.546337633,0.533995136,0.567071558,0.551161329,0.574303896,0.543931049,0.554680844,0.524468171,0.546237344,0.626772593,0.672141624,0.669764589,0.690770654,0.696152331,0.7268504
Comoros,0.000344091,0.000748207,0.000749374,0.000748207,0.000888831,0.000857187,0.000858934,0.000857187,0.000857187,0.000856587,0.000858934,0.000857187,0.001048922,0.001048939,0.001475394,0.001540576,0.001540576,0.001967424,0.002154279,0.00206737,0.002414631,0.001578951,0.001610723,0.001975741,0.002355781,0.002111567,0.002217072,0.002660491,0.002374466,0.00256362,0.003009193
Congo-Brazzaville,0.011640624,0.013022848,0.011496759,0.013022848,0.014166348,0.012414676,0.012128837,0.011150349,0.010726036,0.010738154,0.010576229,0.010300994,0.010335632,0.00866229,0.0092607,0.011840087,0.009559248,0.012393718,0.013433541,0.015077198,0.017448619,0.020341451,0.022013226,0.025272756,0.028035264,0.030909598,0.030611061,0.034895287,0.035674392,0.035402838,0.034381215
Congo-Kinshasa,0.043320507,0.038641411,0.048168955,0.045359684,0.042642677,0.044833206,0.051152709,0.053017966,0.041159554,0.042353527,0.044365317,0.043001198,0.040742979,0.043365753,0.016380033,0.014520618,0.016465481,0.019322048,0.021279548,0.026407053,0.029755109,0.030043754,0.025526477,0.021823324,0.031496033,0.038428638,0.03784033,0.055037814,0.074714485,0.043369464,0.03265707
Cook Islands,0.000626523,0.000626523,0.000628239,0.000626523,0.000626523,0.000430879,0.000628239,0.000626523,0.000626523,0.000626523,0.000628239,0.000626523,0.000626523,0.000626523,0.000837084,0.000798156,0.000431675,0.000398362,0.000674971,0.001082858,0.001153692,0.000973279,0.000998889,0.00091936,0.001091741,0.001224275,0.00129851,0.001290617,0.001361304,0.001258,0.001304
Costa Rica,0.028053791,0.032887084,0.037872399,0.041099037,0.038939259,0.041389285,0.052279111,0.056625151,0.058141909,0.064130683,0.060932302,0.064293582,0.072028926,0.079310558,0.077590068,0.077853453,0.080378044,0.083245913,0.082056404,0.088481545,0.095184523,0.103521402,0.102309396,0.097079387,0.099246619,0.100547477,0.100337319,0.104084753,0.106361897,0.104065164,0.1100478
Croatia,--,--,--,--,--,--,0.137281476,0.135335795,0.16582169,0.18886268,0.164836884,0.170238555,0.19154438,0.193256214,0.176278193,0.180332674,0.188323604,0.207952636,0.195336838,0.200548278,0.203189774,0.209937715,0.196909657,0.193666037,0.164669,0.163376307,0.15140035,0.141861545,0.140256532,0.142764807,0.141526
Cuba,0.481228045,0.473555745,0.47953503,0.487970325,0.475169045,0.444084915,0.393940806,0.390090465,0.394468275,0.40406376,0.414444492,0.431523805,0.422752819,0.357577178,0.340737083,0.322533714,0.324431754,0.33110842,0.335325459,0.332541718,0.324301543,0.320534215,0.349377109,0.352514308,0.411437841,0.366998135,0.401917499,0.380432079,0.384970161,0.384144974,0.2902532
Cyprus,0.047483544,0.051453795,0.051787024,0.064203719,0.06856025,0.069345766,0.08019243,0.080084212,0.092157244,0.090685747,0.089395061,0.091410454,0.098302348,0.104705762,0.109726019,0.110065692,0.109059292,0.117608967,0.105816481,0.116962698,0.121460359,0.124961724,0.129635463,0.124873523,0.119655175,0.118325389,0.110890698,0.098380587,0.099396898,0.101365481,0.11126
Czech Republic,--,--,--,--,--,--,--,0.325207486,0.332989361,0.350213948,0.360662262,0.349303858,0.362017503,0.35978802,0.349996387,0.368307645,0.361370731,0.385104502,0.424408824,0.438656538,0.43584654,0.43536226,0.445361682,0.423988091,0.416856363,0.407862704,0.403228126,0.387705835,0.415310511,0.403092464,0.370082448
Côte d’Ivoire,0.066359628,0.073700946,0.076956368,0.076864073,0.063861276,0.05254624,0.052871116,0.060301285,0.061785266,0.060689025,0.063437755,0.057504473,0.055022947,0.061809794,0.061923313,0.059877481,0.061337197,0.047683649,0.058001216,0.073975748,0.053292383,0.050252045,0.057026043,0.051460717,0.056881804,0.048090138,0.069647493,0.078614782,0.084545034,0.088923113,0.100333399
Denmark,0.461513993,0.448925831,0.429421284,0.41035539,0.40324414,0.407113136,0.403880488,0.416896948,0.444060869,0.466953767,0.494003468,0.473750128,0.465233948,0.459376365,0.439130706,0.445329396,0.410821269,0.392185541,0.386175535,0.381585106,0.396344924,0.397219169,0.378267076,0.34599114,0.348543422,0.339827321,0.32398293,0.322123462,0.319708045,0.321115949,0.329589922
Djibouti,0.00971641,0.00992811,0.009725206,0.022855789,0.023482312,0.023482312,0.023776751,0.023923487,0.02457253,0.024343055,0.024409748,0.02457253,0.02457253,0.02457253,0.012057651,0.012012843,0.012047991,0.012497622,0.012155557,0.011494758,0.010741764,0.011180997,0.01250318,0.010857237,0.012364418,0.00933997,0.012319518,0.01271693,0.012938669,0.011376212,0.010366822
Dominica,0.000503201,0.000694936,0.000731301,0.000729657,0.000729657,0.000729657,0.000731301,0.000729657,0.000965225,0.001221068,0.001224413,0.00122167,0.00122167,0.001221695,0.001479551,0.001654493,0.001516902,0.00173913,0.002067666,0.002035736,0.002031383,0.002569669,0.002303045,0.00230849,0.002425109,0.002344211,0.00233055,0.002231696,0.002372794,0.002538,0.002556
Dominican Republic,0.098125505,0.10843347,0.122989176,0.121854885,0.133999165,0.127579545,0.13719144,0.122050525,0.138936885,0.149396325,0.159909426,0.17179601,0.176616565,0.200654005,0.283472737,0.273215597,0.28689981,0.244166715,0.22634653,0.243330744,0.239157541,0.238541762,0.238963151,0.231954827,0.237082015,0.2261276,0.240784374,0.231215982,0.22026941,0.251026214,0.2668266
Ecuador,0.188320655,0.184577945,0.189169662,0.18236641,0.1962532,0.20929903,0.240767244,0.2232997,0.24092263,0.24869786,0.262100286,0.271422395,0.280310875,0.259121165,0.285744851,0.312684884,0.319299802,0.331646797,0.363371246,0.391292784,0.409963239,0.421225795,0.433960479,0.468331006,0.495941165,0.493647409,0.502853205,0.524977644,0.573512246,0.544098,0.513053
Egypt,0.919056495,0.941090085,0.93301269,0.94151823,0.990390635,0.96966484,0.946016304,0.953515415,1.003529905,1.029063115,1.123829352,1.1782127,1.2346198,1.213506375,1.155857462,1.142856758,1.149828042,1.173107627,1.304704537,1.319836873,1.350082482,1.428177227,1.472533908,1.557065623,1.623576849,1.57719481,1.65014059,1.658806258,1.782497864,1.764922873,1.6904404
El Salvador,0.030952329,0.030552544,0.033234081,0.032236837,0.034214261,0.039652724,0.045404789,0.045895721,0.051213077,0.065195899,0.062667472,0.06609566,0.077305394,0.078491608,0.077526533,0.079840251,0.083597109,0.087204821,0.087718929,0.088427627,0.091984025,0.097086279,0.090327756,0.090244228,0.08867202,0.089335299,0.091832679,0.087795624,0.090642058,0.096308272,0.097089
Equatorial Guinea,0.001036527,0.00107711,0.001079955,0.001714947,0.001714947,0.001714947,0.00171954,0.001714947,0.001714947,0.001714842,0.00171954,0.00192756,0.00192756,0.001927577,0.004136919,0.004845319,0.006272725,0.007695249,0.008634145,0.009102873,0.009780572,0.010294706,0.010517027,0.010488292,0.010488292,0.010488292,0.010517027,0.010488292,0.010488292,0.010269511,0.010512734
Eritrea,--,--,--,--,--,--,--,--,0.013251873,0.015181153,0.015516753,0.015676701,0.016648143,0.017280325,0.008858773,0.009705437,0.008848627,0.01060782,0.011553262,0.011560616,0.007938323,0.008152375,0.005799937,0.007016478,0.006994827,0.007124062,0.007574323,0.00772428,0.00806852,0.008001748,0.008146
Estonia,--,--,--,--,--,--,0.069480167,0.073167937,0.068087986,0.053372535,0.057689774,0.056753755,0.056409242,0.052592826,0.044711672,0.050398143,0.052622098,0.051105332,0.053247016,0.054547864,0.059242576,0.062445081,0.061193039,0.054156945,0.055520957,0.055089697,0.065427359,0.064604805,0.060948326,0.060808626,0.060526744
Eswatini,0.004122294,0.004705066,0.005005752,0.005240486,0.00502069,0.005815851,0.005432941,0.006537558,0.007061273,0.007061273,0.007080527,0.007061273,0.007061273,0.007061278,0.009355444,0.009252039,0.009231398,0.009294885,0.009233652,0.009200387,0.009158978,0.009534515,0.00981999,0.00956038,0.009611556,0.009718836,0.009895361,0.010088863,0.010474309,0.010922943,0.012128158
Ethiopia,0.036052875,0.040916683,0.039350453,0.041387423,0.041490244,0.034335806,0.049935832,0.0460338,0.030319565,0.032776964,0.024304889,0.024238482,0.035910727,0.045351307,0.048742523,0.05087873,0.052851227,0.056359226,0.05972449,0.069277724,0.074839295,0.085294569,0.091340091,0.093346966,0.093361581,0.099062522,0.104664387,0.122813652,0.141094044,0.146763666,0.1678348
Falkland Islands,0.00017063,0.00017063,0.00029693,0.000425225,0.000212613,0.000212613,0.000213195,0.000212613,0.000212613,0.000425225,0.000257024,0.000469037,0.000256425,0.000256442,0.000392819,0.000436273,0.000480102,0.000523557,0.000567386,0.000567386,0.000654669,0.000654669,0.000654669,0.000654669,0.000598066,0.000580722,0.000593833,0.000593833,0.000593833,0.000619,0.000643
Faroe Islands,0.007101851,0.007372964,0.007653286,0.00836323,0.009171012,0.00840201,0.008387984,0.008273167,0.00848578,0.009142891,0.009193584,0.009168465,0.009168713,0.009168717,0.01018471,0.011283143,0.010833611,0.010879188,0.011077308,0.01076211,0.010592779,0.011048959,0.010249311,0.009459347,0.010111358,0.009379666,0.009593132,0.010526875,0.009392731,0.009884637,0.010141
Fiji,0.013650599,0.011062676,0.011240409,0.013181282,0.014000378,0.011670999,0.01213645,0.012967866,0.013260487,0.014445021,0.014904398,0.014868421,0.014453599,0.015811107,0.020957262,0.021598707,0.017312251,0.020790373,0.029094623,0.024532955,0.027220004,0.02462004,0.014466339,0.01557911,0.014804445,0.029942783,0.016117571,0.020427306,0.026748693,0.034120061,0.032925859
Finland,0.471663396,0.487198834,0.486256707,0.47822042,0.477339533,0.477472078,0.478257866,0.44715939,0.465189371,0.429141066,0.431023673,0.429354048,0.444831592,0.445089293,0.442501007,0.444411638,0.457713021,0.467311845,0.460023933,0.456390465,0.463063578,0.472394648,0.452657875,0.423617591,0.441509786,0.428979119,0.411473899,0.421816931,0.412748105,0.414634221,0.422077063
Former Czechoslovakia,0.634706,0.636572492,0.604093709,0.66248085,0.618360663,0.513144038,0.510705375,--,--,--,--,--,--,--,--,--,--,--,--,--,--,--,--,--,--,--,--,--,--,--,--
Former Serbia and Montenegro,--,--,--,--,--,--,0.119235791,0.071257118,0.069288166,0.057835884,0.104850086,0.141698126,0.132102116,0.120601302,0.130731893,0.170261137,0.174154898,0.176367631,0.175711442,0.177188633,--,--,--,--,--,--,--,--,--,--,--
Former U.S.S.R.,19.02533629,19.0686231,18.81193518,18.23259753,17.47590545,17.38806163,--,--,--,--,--,--,--,--,--,--,--,--,--,--,--,--,--,--,--,--,--,--,--,--,--
Former Yugoslavia,0.645830417,0.664684236,0.671844353,0.660207781,0.673027515,0.531990055,--,--,--,--,--,--,--,--,--,--,--,--,--,--,--,--,--,--,--,--,--,--,--,--,--
France,3.618643067,3.658955425,3.700098747,3.781612848,3.754533186,3.992012846,3.983145539,3.862130697,3.835229917,3.949642648,4.017892323,4.050680025,4.217467291,4.199091096,4.142398572,4.242740382,4.108124471,4.137349931,4.167103672,4.121225015,4.117812984,4.080638395,4.007941313,3.840849497,3.758732358,3.788822781,3.719523904,3.6388175,3.585997271,3.588295347,3.51884427
French Guiana,0.005315742,0.006071562,0.006976814,0.008023492,0.009582354,0.010525495,0.008682426,0.011578312,0.011578312,0.013501388,0.013308001,0.013501388,0.013501388,0.01350139,0.007679289,0.008593572,0.007496205,0.009463088,0.009288299,0.00908333,0.007952483,0.008984807,0.009061195,0.011649281,0.010469834,0.011461398,0.009338144,0.010277209,0.010907776,0.010969989,0.012074701
French Polynesia,0.013653217,0.013799686,0.013611052,0.013727841,0.012908525,0.012970429,0.012127557,0.012094649,0.009563487,0.009962176,0.009797106,0.009962176,0.009962176,0.009962193,0.010977871,0.012259067,0.012847083,0.013783305,0.013468097,0.014093673,0.013725059,0.014442244,0.014855831,0.01478395,0.014804445,0.014235626,0.013869429,0.014042561,0.013725708,0.014353001,0.014102964
Gabon,0.020781713,0.022044066,0.024571666,0.033233214,0.032709329,0.033250588,0.03446783,0.032132483,0.032890844,0.02964603,0.031628951,0.033470938,0.0323901,0.039038612,0.028023374,0.030249704,0.029573016,0.028697292,0.029279493,0.033053906,0.032961183,0.034859164,0.034908351,0.033995167,0.041993733,0.044291745,0.046081631,0.048366819,0.048343933,0.046257944,0.045312
"Gambia, The",0.002197047,0.002674893,0.002682107,0.002674893,0.002687595,0.002674893,0.002682107,0.002887506,0.003328075,0.00307924,0.003087562,0.00307924,0.003286195,0.00328621,0.004318428,0.004704081,0.004684185,0.004684185,0.004943141,0.004985012,0.005417712,0.005610326,0.005828952,0.006253467,0.006821735,0.007170085,0.00699453,0.00696118,0.007699282,0.007881,0.007945
Georgia,--,--,--,--,--,--,0.057875726,0.033331873,0.015552139,0.016670134,0.029379552,0.030841588,0.03173675,0.051262644,0.031742263,0.02544968,0.024972256,0.025154379,0.025898241,0.033449463,0.033026702,0.042066947,0.037538005,0.03969533,0.042179922,0.04432809,0.0441899,0.04539067,0.047830848,0.054615065,0.066561
Germany,--,--,--,--,--,5.831183814,5.872094999,5.993785886,5.938289875,5.923539377,6.036963802,6.009670505,6.02521066,5.842131231,5.720481853,5.796210313,5.597451471,5.533565351,5.484392539,5.422144137,5.449269133,4.966503864,5.248259091,5.025676269,5.093740524,4.93701941,4.947372654,5.026041114,4.906570382,4.890500625,4.931441609
"Germany, East",0.763816838,0.717722551,0.673045735,0.622686257,0.5822079,--,--,--,--,--,--,--,--,--,--,--,--,--,--,--,--,--,--,--,--,--,--,--,--,--,--
"Germany, West",5.032150202,4.91413026,4.970185688,4.693783721,4.941805786,--,--,--,--,--,--,--,--,--,--,--,--,--,--,--,--,--,--,--,--,--,--,--,--,--,--
Ghana,0.032625854,0.037794144,0.044482542,0.049761545,0.041898241,0.041385525,0.046549271,0.048154779,0.053533419,0.055165042,0.056395586,0.053282153,0.054540709,0.063071964,0.074430572,0.074600482,0.078420336,0.079496472,0.088219994,0.088902088,0.086565077,0.09624414,0.097998557,0.116664911,0.117916499,0.133484628,0.15197024,0.154358719,0.154628292,0.162868857,0.1770782
Gibraltar,0.018503169,0.018940033,0.024845654,0.021123025,0.022024064,0.02250079,0.040196156,0.042381582,0.042594194,0.042594194,0.042710393,0.042594194,0.048913942,0.042805903,0.119759543,0.131712236,0.145462765,0.167166505,0.159577517,0.178630768,0.17451764,0.188691569,0.183519221,0.194336542,0.187859922,0.186975954,0.188620106,0.173709309,0.164229861,0.169010241,0.171555
Greece,0.522370943,0.565354559,0.593662592,0.6317517,0.664659433,0.668352213,0.683869561,0.702258672,0.718591181,0.749399121,0.776573069,0.787413432,0.824518301,0.807187965,0.843705105,0.85447663,0.859411962,0.901729381,0.884922873,0.887648116,0.933033152,0.942625734,0.903870025,0.844901461,0.77460945,0.734083478,0.639620895,0.587672091,0.589308675,0.613602638,0.615374766
Greenland,0.004761882,0.003294473,0.007708899,0.006796787,0.007763698,0.007668115,0.006815285,0.006968799,0.007009276,0.007009276,0.007428261,0.007620578,0.007620684,0.007620701,0.008410839,0.007845931,0.007324477,0.008235967,0.007776401,0.009651072,0.008772641,0.010090213,0.008772019,0.009202961,0.012036577,0.011470147,0.009029996,0.008790343,0.007822882,0.008401949,0.008482534
Grenada,0.000945975,0.001164638,0.001209296,0.001206494,0.001793621,0.001793621,0.001849169,0.002125772,0.002437925,0.002220373,0.002377653,0.003146462,0.002728506,0.002728532,0.002944203,0.003064312,0.003148728,0.003330809,0.003234494,0.0034012,0.003519108,0.003734979,0.003971559,0.003856071,0.003991101,0.003982103,0.004048848,0.0045715,0.00386105,0.004029215,0.004142105
Guadeloupe,0.013293758,0.015416876,0.017006125,0.018767607,0.020308089,0.021120725,0.020012331,0.022833378,0.023615391,0.024258776,0.024117716,0.024663123,0.024663123,0.024663123,0.028476308,0.029925623,0.030618751,0.03096759,0.030199876,0.029999808,0.031028369,0.032333125,0.030146483,0.029771191,0.031805923,0.034832391,0.026182731,0.025964716,0.025256155,0.028866074,0.027030224
Guam,0.015361578,0.010810866,0.011186488,0.01039093,0.026087034,0.02926132,0.035182807,0.046666103,0.067949264,0.050469536,0.044742625,0.050969696,0.042131731,0.04683399,0.047709922,0.066056882,0.045915398,0.038872407,0.0451893,0.052916668,0.055806638,0.040314751,0.025385925,0.04032835,0.035947667,0.03176485,0.034010609,0.028664733,0.027735401,0.029207811,0.02717786
Guatemala,0.046577541,0.04714789,0.051986713,0.052457618,0.054909177,0.052135104,0.063319976,0.068053411,0.077281085,0.085171473,0.089269816,0.09829012,0.119234915,0.120343785,0.125899973,0.132838741,0.134676778,0.136770304,0.126396013,0.130742579,0.137931799,0.150672158,0.134905848,0.153504767,0.136973868,0.13844785,0.140958113,0.142828005,0.150566067,0.172110269,0.1844304
Guinea,0.014102072,0.015140477,0.015352273,0.014761158,0.020014118,0.015379069,0.015902627,0.016699955,0.016891689,0.016699955,0.016745708,0.016891689,0.017103389,0.017103389,0.022405737,0.02344446,0.024312028,0.025433094,0.026339367,0.027287749,0.02819598,0.029466383,0.029910156,0.031762244,0.037426396,0.038902309,0.037007402,0.032447452,0.034227091,0.03805654,0.042143289
Guinea-Bissau,0.001572776,0.00271431,0.00312104,0.003156833,0.00386004,0.00386004,0.004100583,0.00449295,0.00449295,0.00449295,0.004312863,0.00449295,0.00449295,0.004492951,0.00340127,0.003463795,0.003538605,0.004113992,0.004256625,0.004311454,0.004409737,0.004685315,0.004563103,0.004727617,0.004851532,0.004922659,0.005019561,0.005138224,0.005395824,0.005575168,0.005804803
Guyana,0.019074609,0.014485528,0.014317225,0.009614419,0.009251062,0.010912783,0.012057102,0.015442905,0.015426042,0.013065321,0.014265033,0.015188626,0.01970572,0.023667658,0.023231663,0.022629285,0.022811451,0.023573397,0.022958103,0.020776394,0.018548624,0.023038874,0.021902489,0.022572729,0.024327861,0.02525602,0.028564786,0.027818582,0.027805509,0.02837552,0.031936631
Haiti,0.010269823,0.017415355,0.018917479,0.017626836,0.009829961,0.009636037,0.011237554,0.008814349,0.007548346,0.012972575,0.015286429,0.019855661,0.018406476,0.020562385,0.020993971,0.02305371,0.025805781,0.023741906,0.027704769,0.028963209,0.029670684,0.033364329,0.033364329,0.031393394,0.029263462,0.031393394,0.03370436,0.036321521,0.039735848,0.045519528,0.047403
Hawaiian Trade Zone,0.064647121,--,--,--,--,--,--,--,--,--,--,--,--,--,--,--,--,--,--,--,--,--,--,--,--,--,--,--,--,--,--
Honduras,0.024244322,0.024410653,0.027576014,0.033566422,0.037480025,0.036994539,0.038343478,0.037445204,0.041938318,0.048489082,0.052910827,0.053758295,0.061155385,0.064416295,0.059294939,0.070058873,0.07378974,0.081483295,0.090899022,0.090726992,0.083594054,0.107377343,0.105043817,0.094030809,0.09677549,0.098927071,0.107302477,0.108133391,0.11708882,0.129748,0.118975
Hong Kong,0.241838306,0.247491791,0.261156555,0.261169618,0.268653505,0.279054837,0.31974869,0.333576749,0.381143768,0.392397995,0.3866185,0.390262563,0.406491631,0.611416939,0.552022372,0.532551315,0.556262842,0.565430832,0.651897718,0.610898576,0.657380333,0.717183068,0.645363118,0.794000785,0.898055134,0.791675749,0.730770364,0.744865531,0.686855054,0.831165246,0.856493076
Hungary,0.407633337,0.416972804,0.379672969,0.379626872,0.366837302,0.339861798,0.34266442,0.336308424,0.339433113,0.32222465,0.302499405,0.309819817,0.323145867,0.309106858,0.296351226,0.283963511,0.287232167,0.276204614,0.278333536,0.315190316,0.332992147,0.328538861,0.324406242,0.319864143,0.303432685,0.289412488,0.269576506,0.263387844,0.294292906,0.313709577,0.315898222
Iceland,0.022791001,0.024665334,0.026386479,0.02766995,0.028137405,0.026435938,0.028401014,0.029415633,0.03319824,0.030339844,0.033585149,0.033058933,0.033756194,0.033808422,0.034465194,0.032817663,0.033601018,0.033658101,0.035189792,0.035626688,0.037452611,0.037343111,0.034291682,0.031720946,0.030471409,0.029953568,0.029721817,0.031078478,0.032542518,0.036053483,0.039825178
India,1.98653002,2.06910762,2.28751647,2.40021664,2.435768735,2.482115705,2.659680642,2.7264624,2.93664181,3.26704711,3.481923432,3.658614365,3.66229758,4.0414041,4.709073085,4.71021899,4.87294868,5.019032961,5.234381544,5.235513079,5.687828146,6.067318329,6.273533151,6.408126093,6.595880837,6.673555,7.057783,7.137878,7.36215,7.967827,8.756272
Indonesia,0.983849835,1.03277261,1.098176412,1.217132285,1.35990313,1.452858045,1.47692895,1.59758383,1.614724595,1.636414355,1.781405082,1.965829045,1.881178975,2.0037916,2.470054626,2.47160401,2.496830389,2.550283021,2.800518726,2.837699697,2.668551279,2.779716274,2.876566775,2.90960882,3.048761379,3.125207767,3.256008515,3.155578974,3.221916439,3.385147,3.2807
Iran,1.75303149,1.82992823,1.849078848,2.038694725,2.11135199,2.257553835,2.284523688,2.33736218,2.36333485,2.385746215,2.341646406,2.550759065,2.52731402,2.276200225,2.708207119,2.850701164,2.822751373,2.908039277,3.063190352,3.202544112,3.485826095,3.596460543,3.772025888,3.905462056,3.680167828,3.463731225,3.824777953,3.923463972,3.960573937,3.635036975,3.510398
Iraq,0.58643309,0.59445068,0.667734426,0.72642592,0.8281704,0.55511901,0.724129902,0.861873405,0.97761235,1.00400258,0.99779469,0.919644875,0.9370645,0.947060755,0.886093021,0.914296811,0.948307007,0.773521131,0.939104326,0.981444055,0.941913177,0.867847851,0.98373392,1.221522216,1.245914472,1.311665232,1.526585,1.597897,1.560104,1.329023,1.655434
Ireland,0.208333101,0.186514709,0.165571623,0.170807395,0.19126977,0.205372543,0.210801894,0.216878278,0.237928351,0.244653177,0.254400772,0.281237586,0.313357811,0.354631923,0.362008121,0.379233192,0.369966913,0.365955255,0.383069182,0.410531549,0.424600793,0.402468713,0.399211083,0.343617262,0.341187425,0.2988193,0.284303459,0.288826735,0.288438705,0.300794034,0.315382922
Israel,0.304413894,0.336488409,0.360279888,0.368787402,0.381072702,0.382590653,0.384044291,0.422557849,0.449891178,0.482224565,0.467269409,0.482513099,0.475457275,0.491196179,0.528295885,0.488175293,0.51798422,0.530580126,0.516833422,0.482723667,0.501712699,0.515426258,0.50714944,0.475064036,0.51353298,0.505505978,0.605041959,0.487415156,0.440306119,0.468783828,0.478247378
Italy,3.653091412,3.823493602,3.861238358,3.995650592,3.930381817,3.893685658,3.984005537,3.954716485,3.908265861,4.060208267,4.019326446,4.036440279,4.052765327,3.92500936,3.8518017,3.804610453,3.892555307,3.870674703,3.80324891,3.688207925,3.686872578,3.584715291,3.463636527,3.188113076,3.182185888,3.071791627,2.821944063,2.577941127,2.591566526,2.609184979,2.543132906
Jamaica,0.065791287,0.07224164,0.081884594,0.093689441,0.098412395,0.103325259,0.111275163,0.113162666,0.116588957,0.130607439,0.134367018,0.1403352,0.143728605,0.14723297,0.143537927,0.146678451,0.145292263,0.151427237,0.148044303,0.152615147,0.175457349,0.178760452,0.151087607,0.118249814,0.108484553,0.11442427,0.106374325,0.115920725,0.113723162,0.117375378,0.1211538
Japan,9.185443105,9.304905436,9.959864796,10.34557566,10.69665403,10.75610981,10.96752805,10.72398406,11.26609103,11.30936661,11.4155242,11.29101696,10.87450797,11.15529655,10.9149909,10.68226745,10.50569598,10.7544418,10.51665884,10.50291073,10.21986549,9.9391973,9.488668249,8.608188606,8.763764971,8.810047436,9.423563644,9.080044657,8.603040594,8.370918852,8.126939773
Jordan,0.130262149,0.139650533,0.130626388,0.131722405,0.138838773,0.13093426,0.154463126,0.150888628,0.171705125,0.17850252,0.19458573,0.186473755,0.20084709,0.20221438,0.213737309,0.20516496,0.214810167,0.22072163,0.214992128,0.23279516,0.21827868,0.214195387,0.192986905,0.200132702,0.220217295,0.271021351,0.301650106,0.289351626,0.324388658,0.277975053,0.234357
Kazakhstan,--,--,--,--,--,--,0.849526992,0.709390275,0.622537065,0.56015528,0.511206108,0.45476372,0.41322891,0.3102646,0.343450666,0.329857046,0.356104443,0.368656128,0.384390744,0.416543317,0.43681608,0.466726143,0.53680021,0.407592473,0.478710469,0.553139883,0.502244584,0.507464084,0.504762304,0.626622,0.680432
Kenya,0.081910234,0.072347417,0.081071159,0.087728407,0.087538644,0.076766545,0.085876154,0.087810861,0.091123856,0.096602506,0.101206466,0.092736244,0.106609967,0.107752672,0.131862666,0.122894172,0.117366387,0.104720643,0.117815847,0.131785576,0.145999549,0.145544458,0.149618785,0.172291246,0.177336685,0.182522366,0.169519676,0.181632877,0.184311304,0.215096396,0.2333804
Kiribati,0.000218761,0.000257563,0.000258144,0.000257563,0.000257563,0.000260355,0.000258144,0.000257563,0.000257563,0.000257563,0.000258144,0.000257563,0.000257563,0.000257576,0.000496226,0.000423423,0.000620575,0.000645183,0.000691051,0.000901517,0.001003302,0.000915651,0.001025108,0.00089432,0.000888705,0.000820201,0.000809325,0.0008187,0.000819913,0.000861122,0.000918368
Kosovo,--,--,--,--,--,--,--,--,--,--,--,--,--,--,--,--,--,--,--,--,--,--,0.023312242,0.024795947,0.023271147,0.027171307,0.024694715,0.024877864,0.023370866,0.028511106,0.028897206
Kuwait,0.251983955,0.23935313,0.253188918,0.25966319,0.17827038,0.1964357,0.253387656,0.27480631,0.350230275,0.368787605,0.404801124,0.455911645,0.512737035,0.59849488,0.469554896,0.527669863,0.593416123,0.627524029,0.64433614,0.716088371,0.703681526,0.789757752,0.856602118,0.964250935,0.86434,0.839161,0.83008,0.855341,0.810212,0.87098,0.838067
Kyrgyzstan,--,--,--,--,--,--,0.066684944,0.039755143,0.018169846,0.023852896,0.025467305,0.021314182,0.028900363,0.02375879,0.019540463,0.017737443,0.020835227,0.0207783,0.022142327,0.028227811,0.035293776,0.045816565,0.050686261,0.062409594,0.054429084,0.057484053,0.073008097,0.072970283,0.065497641,0.069790483,0.080158
Laos,0.002934272,0.002934272,0.002942311,0.003337706,0.003337706,0.003986749,0.003997672,0.003986749,0.004137494,0.004344449,0.004760891,0.005340717,0.005340717,0.005340717,0.014525595,0.015690073,0.016087631,0.017168978,0.017571993,0.018985798,0.023259684,0.022403366,0.025551795,0.028901329,0.030038337,0.031013209,0.034710366,0.035502835,0.036843282,0.04280905,0.04303577
Latvia,--,--,--,--,--,--,0.115013765,0.110554995,0.107147189,0.084035993,0.088081858,0.076892519,0.073872605,0.069336565,0.058425625,0.065670786,0.066625116,0.068290183,0.070734195,0.074301066,0.077010134,0.081973508,0.078987119,0.075057561,0.077720024,0.070693294,0.070636629,0.071356168,0.071668565,0.075529947,0.077821016
Lebanon,0.09501753,0.099806695,0.089387082,0.070521358,0.066828726,0.11174913,0.114044868,0.14020891,0.15814428,0.169147935,0.177122406,0.204327112,0.206856562,0.216705726,0.193829917,0.209414759,0.208580376,0.207266118,0.209512865,0.199662759,0.186025918,0.164163506,0.218566195,0.265342206,0.24759038,0.255964089,0.288929766,0.286439436,0.306360992,0.33685114,0.3475348
Lesotho,0.002347506,0.002347506,0.001579797,0.002347506,0.002347506,0.002347506,0.002353709,0.002322933,0.002590442,0.002590442,0.002597539,0.002590442,0.002484592,0.002484592,0.005489907,0.005533736,0.005645952,0.005642813,0.005918957,0.005995967,0.005909399,0.00902487,0.006377223,0.007304021,0.007574382,0.007923151,0.008558646,0.008579867,0.008958688,0.008861608,0.009474263
Liberia,0.017608677,0.013084204,0.017069801,0.013790193,0.008196495,0.004616982,0.004841422,0.005342852,0.005342852,0.005342852,0.005549614,0.005534587,0.005726321,0.005726323,0.006452131,0.006881554,0.006788357,0.007434339,0.008064537,0.009439875,0.009669227,0.00902487,0.007995725,0.00729852,0.011491141,0.01279475,0.014190969,0.012552892,0.016530062,0.016590672,0.019074297
Libya,0.265457565,0.28525407,0.300283602,0.308021675,0.324813865,0.34698871,0.312755784,0.33673659,0.34856989,0.37418632,0.391988196,0.4145013,0.391317595,0.378392945,0.534333853,0.533157677,0.548730071,0.568272142,0.542832094,0.572417196,0.548973385,0.521295392,0.542122433,0.630871456,0.646682091,0.38957434,0.52350828,0.528364101,0.552683485,0.448809,0.412457
Lithuania,--,--,--,--,--,--,0.186753605,0.162164281,0.151829308,0.136476781,0.143897503,0.142108747,0.160037559,0.127316568,0.099564804,0.109958665,0.108242335,0.101704148,0.110816697,0.1195028,0.118615787,0.123236729,0.130469564,0.113098707,0.114164096,0.110192651,0.11286544,0.10886297,0.106917505,0.117578144,0.127617344
Luxembourg,0.048993808,0.055438374,0.056963696,0.062583965,0.06866538,0.080029711,0.082411118,0.082125688,0.082095167,0.077006136,0.079804074,0.083320985,0.086938595,0.092752863,0.100244149,0.105674643,0.107734099,0.115681172,0.131445756,0.135263706,0.128259101,0.127423439,0.127982982,0.119855275,0.125273118,0.128316803,0.123858529,0.122146976,0.118584789,0.117399513,0.117556658
Macau,0.012679626,0.013823995,0.013444788,0.014281951,0.014901982,0.014689864,0.015155987,0.016720906,0.017734949,0.0176394,0.020212496,0.020760361,0.022256642,0.023633495,0.023182207,0.023578207,0.025463381,0.026183639,0.031313771,0.031548379,0.031545036,0.029923925,0.023894461,0.026316001,0.019775218,0.021678848,0.02230609,0.022100545,0.022736504,0.028477994,0.028018543
Madagascar,0.011895516,0.017420774,0.019151781,0.013333728,0.01292347,0.013585283,0.01491692,0.015160732,0.01672932,0.017606926,0.017655039,0.017819538,0.017819538,0.017819551,0.027116484,0.026313233,0.01912701,0.025324753,0.027776556,0.026596431,0.026318009,0.027833794,0.0300704,0.025317853,0.026958102,0.029332698,0.032551958,0.031563033,0.034730612,0.039367543,0.043177767
Malawi,0.005367398,0.00536096,0.00534715,0.006799192,0.00721876,0.0091615,0.0091866,0.008692703,0.009368455,0.009979757,0.010007099,0.009979757,0.009979757,0.009979757,0.010711061,0.009956274,0.009339128,0.010270148,0.010882945,0.009650729,0.01015095,0.009887944,0.01201056,0.010545539,0.013292704,0.012524643,0.012320688,0.012732112,0.012897817,0.011817881,0.013955506
Malaysia,0.40432145,0.41121484,0.424798632,0.454369155,0.550665645,0.584882205,0.623791734,0.6993327,0.787695185,0.82635051,0.907409526,0.938264985,0.921612955,0.916483975,0.948309984,1.000724034,1.013717531,0.99671136,1.066109531,1.050209651,1.055738064,1.231463089,1.168406533,1.237042154,1.179236466,1.311485166,1.293088224,1.433347017,1.461950899,1.417735208,1.3793938
Maldives,0.000976271,0.000976271,0.001191788,0.001188884,0.001439672,0.001439672,0.001443139,0.001683928,0.003379652,0.004644408,0.004859858,0.004198603,0.004623828,0.004623837,0.009765048,0.008187981,0.009790112,0.008511355,0.011133577,0.01007978,0.012773521,0.013215296,0.014368954,0.015267234,0.015432108,0.016678663,0.021237549,0.022396312,0.030009673,0.022432123,0.023766789
Mali,0.005084857,0.005980744,0.003178379,0.006566716,0.006579418,0.006580308,0.006984341,0.006965406,0.006965406,0.006965406,0.00742764,0.007407494,0.007599228,0.007599236,0.012646698,0.012782868,0.012994479,0.013082824,0.013559615,0.013911475,0.016441991,0.019746796,0.023563411,0.029753333,0.029753333,0.032487031,0.034604271,0.037180566,0.039855622,0.04316762,0.042618193
Malta,0.017041713,0.018678766,0.01995981,0.02094735,0.022531158,0.024573917,0.02677462,0.028444925,0.030694639,0.032874528,0.034822338,0.037159081,0.038903489,0.04314008,0.063169858,0.06959097,0.067900382,0.078912576,0.082838505,0.07067246,0.072224979,0.078678213,0.081485473,0.086823792,0.103642271,0.098458966,0.093705433,0.088858862,0.090586362,0.095359548,0.104592
Martinique,0.010372935,0.011851915,0.014453962,0.019965464,0.021812181,0.018227151,0.0200639,0.02733631,0.0270027,0.027386169,0.0274612,0.027810482,0.027597869,0.027597869,0.032104462,0.032220539,0.033449146,0.032970927,0.033083227,0.032442854,0.032301042,0.033550212,0.033716536,0.03366263,0.033647915,0.035074336,0.035602684,0.035883944,0.037123033,0.031958755,0.032233698
Mauritania,0.007056962,0.009810811,0.012781781,0.014732721,0.013202087,0.013840727,0.045688402,0.046784021,0.046650687,0.047333456,0.047906435,0.047967278,0.048196754,0.048196754,0.016884597,0.017612897,0.018935894,0.019531833,0.021057143,0.021736522,0.021156303,0.024129754,0.029742153,0.029030893,0.028749553,0.030894077,0.03429258,0.030211044,0.036523008,0.03618454,0.033696262
Mauritius,0.015223019,0.012999512,0.018974318,0.021222656,0.024794596,0.025143463,0.03009607,0.0304118,0.030562545,0.032290309,0.033276098,0.033604747,0.033834223,0.033834223,0.043166635,0.042891701,0.041678272,0.042494346,0.044722593,0.047230361,0.047347243,0.047285576,0.046533977,0.046011994,0.048959375,0.052438234,0.052083515,0.052076046,0.053663787,0.055573127,0.058677
Mexico,3.104555664,3.218602161,3.271091156,3.496651758,3.222764638,3.472428478,3.46665569,3.631873456,3.981085897,3.662284291,3.678972257,3.763416848,4.004526312,3.979230928,4.149484799,4.078241553,3.883876389,3.871577113,4.016049126,4.112805534,4.110647872,4.231634983,4.219279439,4.068107591,4.134500305,4.195109301,4.168877508,4.128185883,4.010070968,3.936013626,4.049421792
Micronesia,0,0,0,0,0,0,0,0,0,0,0,0,0,0,0,0,0,0,0,0,0,0,0,0,0,0,0,0,0,0,0
Moldova,--,--,--,--,--,--,0.121248828,0.089048539,0.047984183,0.046377898,0.041312762,0.038058258,0.031728136,0.017607308,0.019203252,0.020965294,0.023756496,0.025950294,0.028295181,0.028613922,0.027927431,0.028981134,0.031052543,0.030141497,0.033328108,0.034727516,0.032996864,0.032548089,0.034744069,0.035490521,0.036040451
Mongolia,0.035071062,0.035492637,0.036613981,0.033976646,0.031980716,0.029943761,0.027176378,0.025889998,0.026697779,0.023477676,0.02436817,0.016032985,0.016980805,0.017576899,0.019043329,0.019375934,0.020839523,0.022651384,0.024885382,0.024347088,0.028109333,0.034574277,0.036896814,0.033555689,0.035504668,0.044297868,0.050508528,0.052580632,0.049785207,0.0490466,0.042837
Montenegro,--,--,--,--,--,--,--,--,--,--,--,--,--,--,--,--,--,--,--,--,0.016145133,0.017167385,0.017635527,0.013998645,0.01326133,0.012686649,0.012005319,0.011663123,0.011857783,0.014140391,0.015024
Montserrat,0.000173811,0.000217623,0.000217647,0.000217623,0.000256425,0.000448159,0.000449283,0.000448159,0.000448159,0.000660772,0.000662478,0.000660772,0.000660772,0.000660789,0.000396879,0.000396879,0.000572051,0.000572051,0.000572051,0.000572051,0.000572051,0.000635877,0.000816372,0.000690278,0.000922334,0.000637589,0.000618552,0.000779384,0.000727782,0.00081906,0.000467246
Morocco,0.194437946,0.189785765,0.203974289,0.228086201,0.240153064,0.24270967,0.270589363,0.277414308,0.304461757,0.288110013,0.28139017,0.294991102,0.28934791,0.318930394,0.30237077,0.299357795,0.304290729,0.314421299,0.367032771,0.397604266,0.403720493,0.426544043,0.455691225,0.481179853,0.520610854,0.564143364,0.564226347,0.567248369,0.553003603,0.539550578,0.5364186
Mozambique,0.013978517,0.014191129,0.020977583,0.016628123,0.014613104,0.014486931,0.014444374,0.014192772,0.013560592,0.01485313,0.014887673,0.015251819,0.015750115,0.016385215,0.022214909,0.023506618,0.021177199,0.026746605,0.02279603,0.022677372,0.024253243,0.030747714,0.027569677,0.031026668,0.033097436,0.037324698,0.036053587,0.041910718,0.045628706,0.053084,0.082014
Namibia,--,--,--,--,0.032662828,0.015844733,0.014961385,0.01809086,0.017628807,0.017628807,0.018638404,0.019546152,0.020888293,0.030086731,0.027262112,0.0333237,0.029156428,0.03087127,0.031776372,0.033669365,0.03308251,0.034527652,0.03826824,0.040358034,0.042953219,0.044061247,0.044959829,0.048089251,0.05061667,0.05484942,0.0549108
Nauru,0.001905895,0.001905895,0.001910754,0.001905895,0.001905895,0.001905895,0.001910754,0.001905895,0.001905895,0.002135371,0.002140859,0.002135371,0.002135371,0.002135382,0.001562009,0.001415747,0.001328913,0.001191369,0.001118101,0.001095681,0.000797771,0.000776977,0.000790272,0.000768162,0.000809698,0.002372231,0.000791126,0.000896848,0.000941001,0.000972632,0.001011824
Nepal,0.007962678,0.008772288,0.008498176,0.008537328,0.008365444,0.010572345,0.012206224,0.012255715,0.01450594,0.014931165,0.019001512,0.022797973,0.029216316,0.031301926,0.030479178,0.030897594,0.030509228,0.031430762,0.030145087,0.031230547,0.028215044,0.026611237,0.03280589,0.038910574,0.042730324,0.044187569,0.048031494,0.052151775,0.05771369,0.04876248,0.083639
Netherlands,1.38646973,1.415306247,1.502310065,1.48263518,1.628648513,1.633722698,1.659618371,1.661301799,1.712680709,1.732213746,1.772573439,1.832752791,1.845069672,1.881382838,1.924038562,1.988545045,2.051317007,2.09987311,2.153476892,2.203326112,2.260755795,2.281946345,2.186298789,2.063292166,2.073642561,2.083686193,2.037227603,1.960685595,1.929157211,1.895027628,1.946058173
Netherlands Antilles,0.151507485,0.152043853,0.143635968,0.150339631,0.147085948,0.140197595,0.138572907,0.138521771,0.143189865,0.152404947,0.150699695,0.159678959,0.16161032,0.157933639,0.186431495,0.19147504,0.186160501,0.184854101,0.191820249,0.198836306,0.200193,0.211744648,0.211363514,0.202795863,0.174839058,0.197090503,0.183055064,0.183387088,0.185049796,0.189644889,0.191461193
New Caledonia,0.014085073,0.015831666,0.014494149,0.01579794,0.016675486,0.017802222,0.018727943,0.018677301,0.018043479,0.018043479,0.018935465,0.018884256,0.018884256,0.018884288,0.023168309,0.022260301,0.025008356,0.027610477,0.026602424,0.030527651,0.029729365,0.032575531,0.03220832,0.032554499,0.033342396,0.031719859,0.034544135,0.037982836,0.044306791,0.040889393,0.041229051
New Zealand,0.167420446,0.181462754,0.190701982,0.199378994,0.215148645,0.209336118,0.221199394,0.221479544,0.242873663,0.253576638,0.253844176,0.260217399,0.26201962,0.265442494,0.272109711,0.273109418,0.284382211,0.295492459,0.304796984,0.309812369,0.312625663,0.315433125,0.320461349,0.306056069,0.309204725,0.310363444,0.309005089,0.314133044,0.317589485,0.324685041,0.339069855
Nicaragua,0.029005236,0.029229054,0.029882656,0.029229054,0.027984842,0.026772714,0.032154161,0.031947063,0.034119689,0.037260733,0.03956826,0.041417682,0.047593007,0.050550018,0.051393512,0.054470113,0.05396209,0.05682072,0.059379514,0.058450189,0.059688188,0.062661363,0.059675744,0.06112535,0.060904718,0.06527815,0.062011844,0.062475537,0.065504843,0.075351331,0.0741156
Niger,0.005173693,0.00496108,0.008798734,0.008775445,0.009096532,0.009237919,0.009236396,0.009653523,0.009860478,0.009860478,0.010100412,0.01007309,0.01007309,0.010073106,0.007728809,0.007378236,0.007747654,0.008720484,0.009347981,0.008695855,0.008836679,0.010024594,0.011172267,0.013579104,0.017210585,0.016541138,0.024282182,0.029068695,0.025741681,0.028086193,0.025213
Nigeria,0.42377887,0.444330195,0.480757104,0.499193345,0.512626805,0.5273885,0.54111087,0.553773255,0.51848907,0.578634135,0.589037472,0.574784845,0.53648722,0.52391005,0.458981652,0.576145138,0.586461293,0.564263653,0.564356924,0.622087227,0.499472448,0.43155056,0.554174972,0.469434576,0.582799381,0.557718568,0.552385949,0.853832532,0.906598,0.816283,0.841334
Niue,4.34367E-05,4.34367E-05,4.34491E-05,4.34367E-05,4.34367E-05,4.34367E-05,4.34491E-05,4.34367E-05,4.34367E-05,4.34367E-05,4.34491E-05,4.34367E-05,4.34367E-05,4.34545E-05,9.685E-05,9.92537E-05,9.57561E-05,8.98957E-05,8.97174E-05,9.27535E-05,9.18456E-05,8.4767E-05,0.000134064,8.82333E-05,8.22038E-05,9.14044E-05,9.00688E-05,9.68242E-05,0.000100019,0.000108187,0.000104123
North Korea,0.143014535,0.14534579,0.135073069,0.132830551,0.152107946,0.160090095,0.154698303,0.148977145,0.145618733,0.130351882,0.099050539,0.083873885,0.074681026,0.159625221,0.04379277,0.048545024,0.048677172,0.04740843,0.047805448,0.040142091,0.030721718,0.036729426,0.03765243,0.036433291,0.036207771,0.03721366,0.035737308,0.038608669,0.036856003,0.042000085,0.044787946
North Macedonia,--,--,--,--,--,--,0.040824482,0.044870326,0.038229699,0.039010616,0.049332079,0.044331915,0.04719826,0.041874041,0.039434942,0.032427166,0.03677437,0.035196906,0.035940782,0.036784055,0.038147528,0.04198498,0.036918838,0.038842763,0.03787804,0.039138546,0.038901822,0.038631941,0.038391942,0.041980406,0.043131412
Northern Mariana Islands,0,0,0,0,0,0,0,0,0,0,0,0,0,0,0,0,0,0,0,0,0,0,0,0,0,0,0,0,0,0,0
Norway,0.406192428,0.404426311,0.390239862,0.378888963,0.399907548,0.379214441,0.380069616,0.389518495,0.400603791,0.416581863,0.44105895,0.44220939,0.445574093,0.446846898,0.420403341,0.438892565,0.433826478,0.458069252,0.434596958,0.445000635,0.456778838,0.483492736,0.452528959,0.453144218,0.443200953,0.438078875,0.432311547,0.42705455,0.413948849,0.417051022,0.418585693
Oman,0.061334673,0.05508664,0.053735315,0.064422391,0.079296798,0.079581498,0.08099558,0.080785012,0.083323719,0.087709865,0.096343201,0.100757032,0.102478282,0.111351002,0.134642393,0.151236817,0.172288481,0.164472524,0.152990259,0.168936972,0.188104428,0.212221653,0.274495593,0.225100362,0.255183521,0.275071244,0.310869317,0.31425712,0.358484292,0.376945824,0.3634958
Pakistan,0.35192643,0.38224552,0.408584466,0.43773136,0.464496445,0.47001999,0.484552524,0.550315975,0.60947189,0.64365487,0.708763758,0.71808348,0.752501155,0.758887195,0.816854298,0.786965923,0.779030287,0.637267143,0.70165976,0.720720557,0.809116955,0.854559789,0.848415018,0.850054616,0.880135094,0.881688142,0.894004119,0.979559745,1.05140892,1.121884008,1.1762242
Palestinian Territories,--,--,--,--,--,--,--,--,--,--,--,0.005769263,0.008975898,0.009785833,0.011947323,0.019579519,0.016838901,0.018607918,0.031450441,0.03964211,0.033061269,0.03405227,0.029909848,0.030610059,0.029987975,0.03335257,0.032390594,0.03603176,0.039448033,0.043966128,0.046576043
Panama,0.14752289,0.154386277,0.150479765,0.146513665,0.155475546,0.154926404,0.159736967,0.156362314,0.176402675,0.187057244,0.160431269,0.167432326,0.185193007,0.112124314,0.192259041,0.206409968,0.195164701,0.203442065,0.198485714,0.198786023,0.220398442,0.205638751,0.24327261,0.23552442,0.269216165,0.268480898,0.29237928,0.288163029,0.295864965,0.315645554,0.3323554
Papua New Guinea,0.030855494,0.03449898,0.032198879,0.032984157,0.033426245,0.03300102,0.032860937,0.032771545,0.032122502,0.032346878,0.032435107,0.033202967,0.031942441,0.031942453,0.038041629,0.045337554,0.048241798,0.055036393,0.063773519,0.060162068,0.060931266,0.066157475,0.066314269,0.070113327,0.066540579,0.041928457,0.07013615,0.075616876,0.079022177,0.073156014,0.0928095
Paraguay,0.022202549,0.02797798,0.026241834,0.034023548,0.032548729,0.029736185,0.033974682,0.035723828,0.041051806,0.046272656,0.038987963,0.041795895,0.048256431,0.05743364,0.04684196,0.048315392,0.051233827,0.05317957,0.053509821,0.049418775,0.05342361,0.05565006,0.057725267,0.059561196,0.067659264,0.06858781,0.07295417,0.071937356,0.075571772,0.092436384,0.1093028
Peru,0.284309815,0.288646745,0.294868266,0.25235443,0.252916895,0.234193855,0.247823724,0.259777435,0.272914515,0.294821085,0.321763044,0.32672318,0.330036285,0.348317675,0.347184165,0.32181908,0.319957322,0.314399605,0.355400547,0.344387338,0.341741902,0.326863456,0.38591572,0.39683547,0.408400132,0.430078662,0.451678312,0.450172258,0.440042885,0.467714851,0.4813578
Philippines,0.336523065,0.403955355,0.417887454,0.48975554,0.49724388,0.49713292,0.55264719,0.6006586,0.635957385,0.68938499,0.719917608,0.767669095,0.80027564,0.77035732,0.736265863,0.718953514,0.687246312,0.6808815,0.690552494,0.641716391,0.610981544,0.62510447,0.634960821,0.593425626,0.641675294,0.607144185,0.636508512,0.662004395,0.708553788,0.845623311,0.8663502
Poland,0.694106975,0.713886636,0.714872951,0.71080032,0.585825792,0.563522436,0.579694117,0.606818702,0.62578281,0.649588254,0.740151664,0.796586132,0.822249934,0.852261348,0.836765147,0.818037586,0.817510385,0.86250329,0.910291123,0.940692962,1.00256818,1.046894367,1.083585688,1.09008173,1.141707862,1.12422565,1.074025707,1.011229742,1.009566955,1.085225354,1.173879582
Portugal,0.411604718,0.400560703,0.423704941,0.523545578,0.5241066,0.524505684,0.583085406,0.548463448,0.556710009,0.599610919,0.57495262,0.611265954,0.67401011,0.696664629,0.688691458,0.68990856,0.710487219,0.672397281,0.679152129,0.699241019,0.62411066,0.635234232,0.604733695,0.56940746,0.563460864,0.52832049,0.47680593,0.47866549,0.473051668,0.484392266,0.486089427
Puerto Rico,0.2235207,0.222256551,0.221255241,0.22273525,0.221018636,0.220839753,0.222869938,0.222754331,0.22368987,0.223408256,0.223177656,0.223303203,0.223407909,0.222133542,0.422254412,0.449793985,0.44589641,0.454838178,0.470376193,0.45335756,0.399916438,0.38277736,0.351145275,0.32615684,0.268209493,0.294009151,0.292809923,0.236592135,0.216271225,0.221025209,0.194675822
Qatar,0.053520453,0.054681125,0.051464651,0.05289438,0.053163382,0.05346447,0.055148002,0.05764237,0.059199788,0.063251215,0.071778749,0.072287438,0.074889094,0.101806202,0.104029323,0.130888925,0.191238708,0.18129207,0.167887716,0.197385598,0.242490703,0.27977977,0.348906857,0.37379042,0.399408876,0.374203233,0.460735192,0.43485828,0.481432136,0.477247353,0.518197
Reunion,0.011264694,0.012748893,0.015229305,0.016514754,0.017278466,0.020344869,0.021009132,0.026675149,0.027705106,0.027300759,0.027375556,0.027300759,0.035113219,0.035113219,0.030489104,0.030614267,0.031380809,0.031876476,0.035734963,0.033818318,0.031403823,0.029944574,0.033607996,0.035165505,0.038453384,0.037488852,0.034527113,0.033226426,0.035005744,0.037172858,0.038425592
Romania,0.6892222,0.727338785,0.707581212,0.73506839,0.82524164,0.595555535,0.53345049,0.52941206,0.473112635,0.519456685,0.546832914,0.5773935,0.52878718,0.442488405,0.447549596,0.49205545,0.473707362,0.457231488,0.467182855,0.461088198,0.446623817,0.453560427,0.442689238,0.391530327,0.392244881,0.378919414,0.390475961,0.376429762,0.376387255,0.376875809,0.405319
Russia,--,--,--,--,--,--,9.32037666,6.84827016,5.552769455,5.837708165,5.678771454,5.43147886,5.154106235,5.282896485,5.328103965,5.36454825,5.313461954,5.319533141,5.286031583,5.335765348,5.534945904,5.487763705,5.740772701,5.521553381,5.934786029,6.283443234,6.381065235,6.686291636,7.139472884,7.001236098,6.910858
Rwanda,0.009513611,0.0094256,0.009363854,0.009638213,0.010268728,0.010475683,0.010504383,0.009645381,0.009857081,0.010048815,0.010076346,0.010048815,0.010048815,0.010048815,0.007779039,0.007735716,0.007709221,0.007603489,0.007648293,0.007583478,0.00766536,0.007806396,0.008031194,0.008330575,0.008979223,0.010109433,0.011067517,0.011855354,0.012271707,0.013595072,0.013694104
Saint Helena,4.34367E-05,8.83874E-05,8.83984E-05,8.83874E-05,8.83874E-05,4.34367E-05,4.34491E-05,4.34367E-05,4.34367E-05,4.34367E-05,4.34491E-05,4.34367E-05,4.34367E-05,4.34545E-05,0.000175546,0.000175289,0.000182785,0.000180843,0.000118045,0.000147334,0.000135697,0.000171927,0.000139921,0.000131572,0.000149168,0.000145937,0.000161661,0.000155076,0.000147213,0.000134,0.000135
Saint Kitts and Nevis,0.000704605,0.000704605,0.000750136,0.000748438,0.000748438,0.001004884,0.001007159,0.001228262,0.001440874,0.001228262,0.001444822,0.001440874,0.001440874,0.001440874,0.002631585,0.002720228,0.002975928,0.002980719,0.003223768,0.003003433,0.003112369,0.003290683,0.003286951,0.003363548,0.003387371,0.003500924,0.003455737,0.003442841,0.003486972,0.003573112,0.003670228
Saint Lucia,0.00179887,0.001961371,0.002503728,0.002497609,0.002497609,0.002497609,0.002503728,0.002497609,0.002949863,0.002949863,0.0029571,0.002949863,0.002949863,0.002949899,0.004998782,0.005420867,0.004898136,0.005420058,0.00543931,0.005610766,0.005659857,0.005851651,0.006014195,0.00586669,0.006131811,0.006223674,0.006194376,0.006178407,0.006238156,0.006271558,0.006338526
Saint Pierre and Miquelon,0.00235233,0.003024068,0.003037163,0.003666759,0.003450505,0.003241493,0.00298473,0.0017009,0.001736042,0.001098205,0.001101107,0.000637838,0.00085045,0.00085045,0.00096006,0.00096006,0.001046969,0.001178686,0.001135231,0.001178686,0.001178686,0.00122214,0.00122214,0.00122214,0.001265595,0.001274286,0.001256904,0.001287322,0.001361465,0.001361465,0.001386152
Saint Vincent/Grenadines,0.000496066,0.000496066,0.000592619,0.00094832,0.000999932,0.00094832,0.001163737,0.00094832,0.001751553,0.001943288,0.001755494,0.0020597,0.002266426,0.002266448,0.002137128,0.002572146,0.002769341,0.002923934,0.003194159,0.003217901,0.003222247,0.003293278,0.003288304,0.004507836,0.003244052,0.002999429,0.003692858,0.002996034,0.003196307,0.0032297,0.003234558
Samoa,0.001419996,0.001419996,0.001423886,0.001824343,0.001824343,0.001824343,0.001637081,0.001824343,0.001824343,0.001824343,0.001829341,0.001824343,0.001824343,0.001824343,0.002376616,0.002478216,0.002521972,0.002606493,0.002617254,0.002696038,0.002823863,0.002981155,0.003057472,0.003183606,0.003223258,0.003343019,0.003352109,0.003363471,0.003428488,0.004752917,0.004340701
Sao Tome and Principe,0.000448159,0.000448159,0.000449283,0.000448159,0.000873384,0.000924997,0.000927279,0.000924997,0.001137609,0.001137609,0.001140474,0.001137609,0.001137609,0.001137634,0.000894568,0.000889918,0.000992925,0.00110331,0.001268197,0.001364072,0.001413936,0.001454993,0.001597751,0.001714191,0.001871873,0.001929453,0.002043149,0.002043149,0.002043149,0.002121745,0.002204316
Saudi Arabia,2.076641585,2.07579515,2.106460662,2.01864783,2.21523099,2.308974305,2.425843974,2.44878208,2.481598135,2.41126884,2.576638536,2.678555785,2.80208018,3.14952733,3.259063187,3.31119033,3.413074624,3.539542752,3.864361902,4.032614926,4.224533442,4.408660834,4.728312817,5.123248578,5.565267171,5.797324306,6.190910172,6.164592836,6.642271142,6.862059,6.546
Senegal,0.039990714,0.040473354,0.034693396,0.035865156,0.035844132,0.033060058,0.040147528,0.04123624,0.049332269,0.05320313,0.053350722,0.049152871,0.052400824,0.057869874,0.065798918,0.071797734,0.069854893,0.069080636,0.073996713,0.076654382,0.075126286,0.079179505,0.082039057,0.075658121,0.079250029,0.083236026,0.080859952,0.083632579,0.091440474,0.108075963,0.1031108
Serbia,--,--,--,--,--,--,--,--,--,--,--,--,--,--,--,--,--,--,--,--,0.185010569,0.18779187,0.175555412,0.16874498,0.163733594,0.162482617,0.14265086,0.148379891,0.141914755,0.148310841,0.151305224
Seychelles,0.004250286,0.004488684,0.006626962,0.006895916,0.006158822,0.006983177,0.006923969,0.007118121,0.007118121,0.007368909,0.007388514,0.007825777,0.007825777,0.007825795,0.012832913,0.013804398,0.01202066,0.011991086,0.016736342,0.015245006,0.016196687,0.013315694,0.014515323,0.015822009,0.014308475,0.01228582,0.014136646,0.012702458,0.014856894,0.0153926,0.017149333
Sierra Leone,0.012404244,0.013592095,0.01478842,0.014381192,0.01459385,0.015459775,0.011174644,0.011156365,0.010590256,0.012179508,0.012000566,0.012616104,0.012616165,0.012616165,0.00575395,0.007392684,0.00743854,0.007671822,0.008125104,0.006842823,0.009039571,0.008211254,0.007828097,0.008128459,0.008707668,0.011120882,0.012876383,0.015307308,0.016785146,0.013404128,0.013802701
Singapore,0.570389333,0.631441605,0.672706902,0.73045114,0.799982545,0.827187455,0.912292698,0.978936205,1.1280544,1.084196365,1.294145622,1.39271663,1.476540705,1.57225867,1.593320584,1.694387071,1.674034766,1.709307909,1.813648808,1.886871073,2.062501643,2.187390136,2.246851283,2.288253953,2.60676786,2.81286048,2.788160332,2.772991786,2.742243702,2.814014,3.004565
Slovakia,--,--,--,--,--,--,--,0.136618913,0.137941666,0.135678147,0.14393145,0.154478392,0.156226147,0.145513769,0.139097298,0.14712597,0.163966133,0.153310331,0.152804278,0.162991569,0.163519175,0.172284561,0.177131515,0.165965702,0.173583403,0.17215559,0.158029289,0.159597077,0.151310756,0.163827336,0.169314355
Slovenia,--,--,--,--,--,--,0.067869527,0.081651736,0.088302839,0.097283902,0.11452317,0.111321424,0.105982964,0.106593857,0.101553342,0.105373704,0.102297699,0.103764849,0.107033192,0.109374943,0.113400288,0.113005978,0.131933156,0.11222671,0.113484014,0.112712246,0.111263025,0.105620017,0.103637574,0.101499014,0.108242008
Solomon Islands,0.001723834,0.002009336,0.002407773,0.00240206,0.00240206,0.00240206,0.002407773,0.00240206,0.00240206,0.00240206,0.002407773,0.00240206,0.00240206,0.002402081,0.002571884,0.002616692,0.002616692,0.002704955,0.00271147,0.00271147,0.002756279,0.003027003,0.002950233,0.002935394,0.003054784,0.002994448,0.00302098,0.003207827,0.00324332,0.003226688,0.002844771
Somalia,0.020183037,0.014911531,0.014957218,0.015320849,0.013882293,0.008272716,0.007688068,0.00809142,0.00809142,0.00809142,0.008113589,0.00809142,0.00809142,0.008091423,0.010121057,0.010289035,0.011122919,0.011122919,0.011130781,0.011238481,0.01132425,0.011486927,0.011365312,0.011335115,0.011618414,0.011618414,0.011618414,0.011618414,0.011618414,0.012047,0.012265
South Africa,0.725307925,0.719027735,0.714063072,0.7277297,0.782139885,0.82953623,0.849331914,0.82483722,0.841172795,0.860874765,0.877769016,0.896311885,0.916240155,0.952154695,0.938368024,0.937067475,0.973737747,1.005161206,1.033322828,1.037040247,1.025451881,1.20545082,1.266043624,1.206902273,1.217447409,1.353411967,1.287203294,1.320250732,1.25661963,1.327889578,1.2428282
South Korea,1.2553919,1.321116574,1.577096801,1.810911428,2.20374494,2.656641486,3.211747245,3.526899918,3.853297135,4.200129979,4.396409798,4.711018603,3.982799772,4.323680754,4.438430296,4.419856106,4.440161429,4.504547651,4.475127313,4.532829431,4.504029731,4.612653196,4.401534091,4.480875899,4.648181109,4.623659025,4.778017398,4.785627811,4.827264732,5.086478457,5.368483867
South Sudan,--,--,--,--,--,--,--,--,--,--,--,--,--,--,--,--,--,--,--,--,--,--,--,--,--,--,0.020346967,0.021522285,0.022266735,0.027286,0.024232
Spain,1.792207769,1.848845696,2.034695429,2.029634437,2.08516795,2.20167123,2.289084543,2.176650343,2.307335361,2.466006966,2.488425912,2.628975238,2.82226108,2.910651777,2.999856641,3.121676943,3.152282498,3.230427863,3.298821718,3.369527721,3.329912315,3.378526224,3.255432053,3.080484585,3.023221546,2.909862051,2.740467475,2.533099475,2.514725119,2.607471918,2.69505513
Sri Lanka,0.067029632,0.077655064,0.072499293,0.066981771,0.073952285,0.072360119,0.076638643,0.086861459,0.095333474,0.099770706,0.114289759,0.127365473,0.128436638,0.136088827,0.16553713,0.161036957,0.167800349,0.166994388,0.178298513,0.184293328,0.181233901,0.184913049,0.181565415,0.17300028,0.185332841,0.212048479,0.228543541,0.196992731,0.219051598,0.229962555,0.261486
Sudan,0.059262313,0.056725417,0.06221795,0.059973734,0.053701465,0.077640975,0.0704367,0.066240967,0.059672354,0.055693416,0.055710434,0.057391834,0.057604446,0.061431617,0.093150246,0.099903755,0.120792418,0.126993877,0.141101824,0.164253031,0.197589999,0.209816679,0.230019067,0.232077603,0.23860002,0.225807415,0.215454293,0.212929778,0.215210101,0.23163283,0.2968946
Suriname,0.018171288,0.015535617,0.017174612,0.018548632,0.022133447,0.020681198,0.019509136,0.020289264,0.020200386,0.020693611,0.020232187,0.021062264,0.021011208,0.021011211,0.021292932,0.020680585,0.023711851,0.020071064,0.023725511,0.023722038,0.026250982,0.02401401,0.029987217,0.030724031,0.03533054,0.028239465,0.033564119,0.031095723,0.032213925,0.030982804,0.028533
Sweden,0.774947224,0.755877222,0.724316676,0.687290286,0.686321532,0.694400664,0.757799727,0.747067384,0.800356474,0.797630674,0.855651603,0.810304361,0.825335421,0.809783628,0.744223691,0.755608523,0.760996768,0.761225114,0.758358041,0.73564318,0.725316454,0.713826773,0.688523685,0.652243054,0.687898175,0.638387336,0.609405449,0.594796958,0.609968893,0.604951182,0.655613882
Switzerland,0.561584638,0.541773907,0.54452412,0.536012367,0.533719537,0.561401144,0.568047921,0.537557729,0.529969621,0.538200058,0.546653839,0.540606541,0.561154692,0.56628098,0.5518869,0.56383191,0.535909046,0.541952175,0.541211929,0.544429025,0.542980327,0.519271782,0.537299652,0.522316975,0.533309609,0.49427835,0.504313538,0.514252841,0.471701534,0.464915672,0.469279749
Syria,0.347597895,0.38047454,0.405913032,0.420767255,0.432466235,0.37171089,0.385153512,0.44086598,0.47516357,0.481140445,0.491509818,0.514042275,0.525791625,0.539860915,0.502740604,0.509077707,0.518297408,0.491305573,0.556239582,0.703594197,0.743327446,0.785332174,0.807150744,0.698178043,0.644956417,0.596805637,0.447720372,0.30347159,0.26443079,0.25392819,0.2472836
Taiwan,0.851844665,0.8796135,1.0239948,1.10338259,1.141523995,1.150676005,1.171387026,1.29437906,1.38726207,1.555721615,1.639792728,1.63451526,1.694734055,1.786027125,1.831740236,1.898655886,1.919720922,2.009188295,2.05314287,2.048610253,2.067719409,2.163998007,2.041949651,2.015182172,2.110935533,1.944766341,1.931787593,1.914765923,1.931904737,1.959118641,2.032498148
Tajikistan,--,--,--,--,--,--,0.040803254,0.031515816,0.024481572,0.026553969,0.030870014,0.033660775,0.038769826,0.055947821,0.0083327,0.011910626,0.013932222,0.012370081,0.014688604,0.012644768,0.015761296,0.021855537,0.022916643,0.02206467,0.023268824,0.024513294,0.029452537,0.033367148,0.041071615,0.039079565,0.042653
Tanzania,0.037908809,0.033248799,0.035573992,0.034510495,0.038330811,0.031809312,0.034969031,0.036187305,0.032653849,0.031826029,0.032126419,0.032245597,0.032879419,0.034355297,0.036054818,0.039929773,0.045836095,0.048935723,0.063161362,0.063865691,0.066598845,0.06341338,0.065493062,0.060475812,0.072119601,0.091261108,0.117310013,0.12262741,0.121319737,0.110655336,0.108708782
Thailand,0.483142835,0.53594483,0.58449834,0.719697875,0.84468665,0.910192105,0.994056366,1.13826491,1.2597391,1.418534175,1.565068338,1.623810175,1.526514315,1.512985225,1.522508433,1.505653569,1.707825387,1.871700141,2.076719837,2.055955051,2.042513877,2.028769468,1.963626609,2.05640134,2.171174461,2.193860709,2.297061899,2.50367141,2.48216966,2.502725,2.598576
The Bahamas,0.032437222,0.036194313,0.033689535,0.038525006,0.040986445,0.036354511,0.03075791,0.032478073,0.036080871,0.043119494,0.04861029,0.047378898,0.053804395,0.047324477,0.05617403,0.057250513,0.059377343,0.041474845,0.045970253,0.044201716,0.051339875,0.05912388,0.057775414,0.04343478,0.045250107,0.039950406,0.046171364,0.042954567,0.042167629,0.0403098,0.042201368
Timor-Leste,--,--,--,--,--,--,--,--,--,--,--,--,--,--,--,--,--,0.0023855,0.002583076,0.002592068,0.002644516,0.002737274,0.003008348,0.00336633,0.003503897,0.003635614,0.004299131,0.006475917,0.007431916,0.007287,0.007123
Togo,0.00749637,0.007006234,0.007293344,0.008523501,0.008192627,0.014068684,0.010182632,0.007297436,0.008519137,0.008514392,0.008537719,0.008918739,0.008918739,0.013683266,0.013724204,0.012076132,0.0132284,0.016584929,0.016483496,0.015981047,0.013626961,0.014682813,0.018253108,0.035136276,0.032694853,0.029753204,0.026455319,0.027461826,0.028953121,0.031481264,0.031387
Tonga,0.000391297,0.000867727,0.001085061,0.001340408,0.001340408,0.001361523,0.001294553,0.001291731,0.00175547,0.001586691,0.00180324,0.001886969,0.001918613,0.001918646,0.00149509,0.001346621,0.001460142,0.001799039,0.001666132,0.001774258,0.001995766,0.00170861,0.001845121,0.002002684,0.001822789,0.001724913,0.001748405,0.001696758,0.001834027,0.00191068,0.002023912
Trinidad and Tobago,0.046398326,0.041336725,0.036775058,0.042408657,0.040678739,0.042877682,0.044594245,0.043431423,0.050041464,0.044827877,0.042346529,0.045448669,0.043876687,0.046515308,0.069711475,0.067295876,0.074701679,0.09173403,0.088984984,0.104393691,0.102115167,0.107377481,0.10439008,0.100552844,0.095615209,0.098051488,0.089954635,0.106886273,0.100849124,0.103777215,0.108028
Tunisia,0.129282015,0.10805325,0.128282195,0.129634641,0.129838019,0.141914154,0.150366745,0.153276421,0.153934188,0.144275777,0.148761725,0.159002468,0.166004665,0.163246615,0.175573174,0.178986645,0.176034339,0.176672983,0.183704065,0.188512907,0.188688594,0.190959503,0.186447491,0.176511856,0.17572871,0.161028968,0.171553248,0.175459049,0.191534794,0.204249997,0.1934498
Turkey,0.811832108,0.92093687,0.906964359,0.928989733,0.986034908,0.960481561,1.016232379,1.163269502,1.112296517,1.248003191,1.302558778,1.284814614,1.274216897,1.26666159,1.336931302,1.246223884,1.334799638,1.310032519,1.340364077,1.323803484,1.372539142,1.396732688,1.374326466,1.415191722,1.352654187,1.311620904,1.388076358,1.506949849,1.539285433,1.783349338,1.914720036
Turkmenistan,--,--,--,--,--,--,0.15565797,0.137961605,0.127951225,0.125648659,0.125429115,0.13889929,0.122279198,0.112669843,0.185856741,0.186146523,0.210370334,0.218160977,0.225722598,0.229536592,0.229169252,0.232034462,0.237296709,0.22318315,0.243930165,0.251822851,0.26333656,0.281439141,0.305219244,0.295358,0.291725
Turks and Caicos Islands,0,0,0,0,0,0,0,0,0,0.000189097,0.000189615,0.000189097,0.000208008,0.000208008,0.000986417,0.001047253,0.001394542,0.001433999,0.001477453,0.00173818,0.001998907,0.002346543,0.002498634,0.002520361,0.00260727,0.00260727,0.00260727,0.002628997,0.002824542,0.002911,0.003011
Tuvalu,0,0,0,0,0,0,0,0,0,0,0,0,0,0,0,0,0,0,0,0,0,0,0,0,0,0,0,0,0,0,0
U.S. Pacific Islands,0.001626951,0.001626951,0.002311581,0.003885524,0.004098137,0.004098137,0.004108882,0.003885524,0.003885524,0.004098137,0.004108882,0.004098137,0.004098137,0.004098153,0.00414439,0.00414439,0.00414439,0.00414439,0.00414439,0.00414439,0.004238468,0.004238468,0.00425008,0.004238468,0.004956992,0.004238468,0.00425008,0.004238468,0.004238468,0.00423685,0.004235017
U.S. Territories,0,0,0,0,0,0,0,0,0,0,0,0,0,0,0,0,0,0,0,0,0,0,0,0,0,0,0,0,0,0,0
U.S. Virgin Islands,0.042526461,0.042700868,0.041748512,0.041584401,0.041319855,0.041379979,0.041719328,0.042294392,0.04107325,0.040488976,0.040009495,0.039918749,0.040023997,0.04119201,0.132017404,0.191393671,0.19021955,0.223987681,0.229642104,0.224631748,0.239014743,0.223126669,0.129311754,0.112873924,0.102129341,0.067611568,0.038736843,0.020293257,0.041430528,0.041011346,0.033931448
Uganda,0.009086821,0.007975834,0.012140989,0.011068816,0.011942746,0.01298128,0.013644948,0.014029013,0.014427702,0.014240713,0.014492787,0.014872893,0.016861336,0.016861353,0.019752963,0.020262211,0.020462103,0.021480857,0.022735758,0.028365991,0.033658615,0.040790908,0.040768774,0.044099982,0.050780878,0.053956675,0.051163473,0.053277114,0.064368598,0.064068534,0.066427998
Ukraine,--,--,--,--,--,--,1.736851902,1.22171632,1.056835965,1.008228915,0.806619348,0.76324347,0.747463425,0.76831916,0.532893718,0.602006397,0.616259227,0.638335279,0.637859467,0.645039814,0.652852659,0.7061479,0.676540299,0.65409153,0.617990321,0.587364949,0.528554049,0.48359934,0.491236798,0.445427535,0.488461
United Arab Emirates,0.456015305,0.46162718,0.52075578,0.533129585,0.53317083,0.66069599,0.668961624,0.674645925,0.68764394,0.68811844,0.665777424,0.69570533,0.714175425,0.71844994,0.928124167,1.067294763,1.020178239,1.036895247,1.09151423,1.135296364,1.216799569,1.271304484,1.364870244,1.321843698,1.372669838,1.49051213,1.524673855,1.634640252,1.715176245,1.840557609,1.88663677
United Kingdom,3.364560984,3.287923611,3.470153167,3.541897137,3.645997062,3.695983724,3.736126964,3.750357875,3.748794425,3.712978452,3.797588521,3.700659125,3.660233547,3.695758716,3.611668466,3.56579945,3.540263601,3.579788825,3.653175093,3.703534235,3.679752591,3.574802422,3.534962205,3.347597696,3.312006651,3.223904678,3.143676593,3.093150188,3.103668191,3.184813252,3.244293165
United States,32.2105668,32.88696668,34.24328623,34.23545404,33.56336351,32.8626168,33.55124763,33.68525793,34.5627955,34.45844019,35.67307994,36.17167498,36.83754386,37.85455838,38.29187778,38.23269265,38.29542878,38.94853228,40.44410664,40.57256119,40.22892495,39.99704662,37.62981661,35.75674743,36.4478381,35.83308476,35.04573363,35.70090996,35.97729134,36.74288916,37.18763446
Uruguay,0.049251129,0.056661761,0.071650466,0.068128447,0.066125736,0.061778878,0.067580729,0.073494356,0.068064032,0.063359401,0.07012,0.075827264,0.091314715,0.09996047,0.089660018,0.087217091,0.068287091,0.074428326,0.094180279,0.093893851,0.101739211,0.096499369,0.132679527,0.135368593,0.112196419,0.125973705,0.136381634,0.120207041,0.10684118,0.111418897,0.107823
Uzbekistan,--,--,--,--,--,--,0.40280862,0.372910645,0.36137701,0.3844472,0.3018951,0.29464114,0.30697741,0.29933212,0.296666318,0.289767958,0.287464038,0.297513584,0.277200638,0.220127145,0.214438498,0.192402411,0.184853407,0.189944019,0.168805982,0.155627135,0.139379108,0.129935914,0.121706626,0.111977,0.100265
Vanuatu,0.001647149,0.001455415,0.00188554,0.001651164,0.001651164,0.001380532,0.000724002,0.000722233,0.000722233,0.000722233,0.000724002,0.000722233,0.000722233,0.000722267,0.001303174,0.001451473,0.00138512,0.001625359,0.00130815,0.001308167,0.001213372,0.001967185,0.001939716,0.002241757,0.002268336,0.002630893,0.002170779,0.00208981,0.002388675,0.00222426,0.002270035
Venezuela,0.81197973,0.811301195,0.793347456,0.7759462,0.78990672,0.804055215,0.82558254,0.837881225,0.863004905,0.88269337,0.872491662,0.895733725,0.902957075,0.90232307,0.949401654,1.040268236,1.056564397,0.994892048,1.121749428,1.253187899,1.270464469,1.297381873,1.454366806,1.485946175,1.545535984,1.442559323,1.671849468,1.50892985,1.535509247,1.348470561,1.173494
Vietnam,0.060484077,0.073467127,0.086067096,0.096921005,0.111969037,0.1175154,0.12857455,0.160980543,0.178685233,0.199405188,0.24406344,0.26481918,0.28216544,0.330903525,0.345187371,0.379489653,0.428681962,0.457655973,0.527660416,0.538553822,0.525250333,0.583132548,0.606658186,0.651703053,0.687540467,0.735957812,0.749166129,0.756690502,0.757815269,0.816479,0.878334
Wake Island,0.018478673,0.018478673,0.018321777,0.018271718,0.017857808,0.017857808,0.018114255,0.018064763,0.018060018,0.018266973,0.018530214,0.018691285,0.018691285,0.018691285,0.018697476,0.018697476,0.019017366,0.019017366,0.019017366,0.018878837,0.01932018,0.01932018,0.019373112,0.01932018,0.019158585,0.01932018,0.019373112,0.01932018,0.01932018,0.01931915,0.01932466
Western Sahara,0.002693074,0.002738025,0.002744544,0.002738025,0.002950637,0.002950637,0.002957739,0.002819158,0.002819158,0.003180113,0.003187844,0.003180113,0.003180113,0.003180153,0.003647336,0.003647336,0.003647336,0.003647336,0.003647336,0.003647336,0.003647336,0.003647336,0.003647336,0.003647336,0.003647336,0.003647336,0.003657328,0.003647336,0.003647336,0.00364424,0.003636017
Yemen,0.14051916,0.139347145,0.14372637,0.153514255,0.16057518,0.166174645,0.174183792,0.14352092,0.13591797,0.150717625,0.151614036,0.156428415,0.169373505,0.12716965,0.205197233,0.220808686,0.222743816,0.255379575,0.269637871,0.284178071,0.283935574,0.301475476,0.315332386,0.334589,0.299519928,0.256152687,0.225148662,0.305759906,0.306934427,0.142621581,0.1194888
Zambia,0.025009179,0.026373221,0.028697893,0.028184891,0.02793794,0.023500744,0.02721393,0.022446004,0.022259927,0.022466882,0.023371516,0.023307659,0.024789559,0.023273021,0.02230018,0.023399134,0.024754363,0.026159888,0.027530293,0.028512991,0.029620664,0.022092479,0.025527122,0.026330593,0.027609135,0.032793919,0.040073112,0.039991678,0.045937954,0.048919025,0.0484596
Zimbabwe,0.033121487,0.036085629,0.036030175,0.039567424,0.042127351,0.048770169,0.043016126,0.045731872,0.046927941,0.050130195,0.05734327,0.062348205,0.062549831,0.062549831,0.045349759,0.044751416,0.040020118,0.032512787,0.027166305,0.029490903,0.028349787,0.027860488,0.02385999,0.02352636,0.026203429,0.047715906,0.054063382,0.060039192,0.054641414,0.0567165,0.05054
