total energy consumption (quad Btu),1986,1987,1988,1989,1990,1991,1992,1993,1994,1995,1996,1997,1998,1999,2000,2001,2002,2003,2004,2005,2006,2007,2008,2009,2010,2011,2012,2013,2014,2015,2016
World,324.5344016,334.5932663,347.6354523,352.3576472,358.9595455,352.2644272,351.0744285,353.9732567,357.8829972,367.8566845,377.6252247,378.8062108,381.3731356,389.3954495,402.3626373,405.9035057,414.6744084,429.8071355,450.2379059,465.135003,479.9417227,493.091062,499.6972405,494.3132499,523.725112,538.7016471,550.8484054,561.7706158,567.0296292,570.0615279,573.9508257
Afghanistan,0.039111199,0.063065158,0.111220787,0.109364539,0.108320341,0.047438198,0.031281766,0.031068733,0.030081109,0.025348473,0.024860219,0.023673388,0.023039555,0.023027437,0.020178062,0.01591449,0.015109509,0.01776928,0.016413669,0.020995961,0.026428278,0.034254709,0.058526483,0.095348795,0.118538529,0.161050802,0.147607649,0.124017682,0.113619521,0.125483137,0.117133389
Albania,0.166075365,0.166640543,0.168590876,0.160340585,0.114845298,0.096323694,0.084191203,0.073833402,0.070178183,0.077549738,0.085342624,0.077946721,0.083842512,0.075456239,0.098037374,0.092923356,0.100649493,0.113522384,0.120150195,0.119471541,0.112489439,0.09682504,0.105744823,0.115070874,0.128327344,0.105875204,0.104431132,0.127732976,0.116326405,0.116576406,0.12436058
Algeria,1.073661264,1.148639374,1.222947634,1.18021525,1.212354841,1.354444964,1.30211942,1.197210337,1.233072137,1.289074909,1.258272942,1.203513696,1.251050206,1.246468079,1.269246842,1.275921943,1.319388143,1.329937049,1.30171688,1.498422297,1.572305772,1.558107806,1.68592524,1.783379231,1.777793483,1.938981898,2.099941293,2.039276069,2.30202481,2.354764812,2.337093871
American Samoa,0.006716584,0.006973009,0.006778814,0.007806191,0.008210538,0.008210538,0.008445519,0.008216196,0.008003583,0.007790971,0.007811607,0.008003583,0.008003583,0.008003594,0.007837103,0.007837103,0.007967312,0.007967312,0.007967312,0.008463481,0.008606956,0.008606956,0.008630536,0.008606956,0.008606956,0.004911509,0.004924966,0.004911509,0.004911509,0.004908811,0.004908869
Angola,0.072853256,0.075135479,0.077495249,0.074983449,0.079608634,0.083441112,0.084668242,0.083123161,0.081101856,0.086994519,0.08361172,0.093916459,0.084527679,0.094348783,0.110717366,0.120223226,0.128113413,0.142170629,0.157220993,0.133857304,0.168775405,0.193996338,0.227374466,0.258724455,0.283817648,0.297535913,0.310739985,0.347761278,0.383452814,0.401933174,0.392504519
Antarctica,0.002763963,0.002763963,0.00298473,0.002763963,0.002976575,0.002976575,0.00298473,0.002976575,0.002976575,0.003189188,0.003197925,0.003189188,0.003189188,0.003189188,0.003172179,0.003259088,0.003259088,0.003259088,0.003302542,0.00332254,0.00332238,0.003365764,0.000168117,0.000229959,0.000229943,0.000229783,0.000200957,0.00020046,0.000200429,0.000198729,0.000198478
Antigua and Barbuda,0.004624394,0.005755917,0.005771311,0.005755917,0.00596853,0.005947652,0.005963571,0.005947652,0.006367219,0.006788429,0.006806652,0.006995384,0.006995384,0.006995404,0.007289302,0.007289302,0.007814668,0.008213775,0.008519161,0.00864945,0.008914564,0.009342398,0.009556925,0.010013005,0.009681577,0.009654357,0.009921412,0.009922379,0.010145155,0.010381025,0.010544724
Argentina,1.904251569,1.953187266,1.966407569,1.942574521,1.884693778,1.971602727,2.046530959,2.210920825,2.237380664,2.306809816,2.391735123,2.457222207,2.567877207,2.557337732,2.766806267,2.714348857,2.553718673,2.768825153,2.976797969,3.128617718,3.326109088,3.38564379,3.5168705,3.434079085,3.573573724,3.730606466,3.791191174,3.848215989,3.866635894,3.896439408,3.90242516
Armenia,--,--,--,--,--,--,0.196473295,0.149610028,0.133930478,0.131433803,0.168291184,0.14183464,0.150753129,0.093167001,0.100216716,0.098558904,0.09440936,0.103813073,0.107678376,0.124743308,0.124551344,0.139759509,0.134875163,0.120518071,0.134215228,0.141301718,0.149730889,0.146899632,0.149737598,0.138745776,0.139726583
Aruba,0.001453868,0.001453868,0.005570153,0.0074045,0.007820675,0.008531306,0.009371014,0.009521171,0.010446587,0.01182344,0.007792578,0.01260235,0.01260235,0.012602367,0.015072691,0.015595912,0.01612162,0.017952978,0.018721994,0.020217968,0.02017945,0.020794461,0.019534151,0.019474918,0.018281778,0.014544212,0.018231637,0.017646844,0.017917408,0.018477739,0.01785964
Australia,3.237098549,3.346957902,3.471024553,3.663526511,3.750814194,3.7181113,3.794383043,3.8923272,3.959921801,4.078236285,4.258459638,4.368699914,4.520251123,4.637592821,4.675226306,4.807777827,4.925766922,4.972485312,5.114835974,5.256699852,5.343645252,5.566650193,5.519554776,5.650443417,5.524534581,5.61362946,5.681107844,5.691360905,5.641074022,5.745453058,5.918647776
Austria,1.097050387,1.047813915,1.130216887,1.144685251,1.179165408,1.241663161,1.216360379,1.23822844,1.232636642,1.290026091,1.351295672,1.351677176,1.374390513,1.389759581,1.378603699,1.445664034,1.445819397,1.470467641,1.527833892,1.584949845,1.574052352,1.542859578,1.545028067,1.475522376,1.51612179,1.44343371,1.483637828,1.490870857,1.435843051,1.436760624,1.471507561
Azerbaijan,--,--,--,--,--,--,0.991176564,0.843791608,0.759329018,0.728083313,0.643247202,0.638364746,0.546497308,0.563697552,0.507418543,0.445641752,0.531857415,0.567496986,0.626021359,0.648160443,0.656835706,0.540963171,0.579353365,0.54367249,0.586665063,0.555454516,0.603260386,0.567330902,0.58507,0.618316557,0.60894803
Bahrain,0.220987772,0.265819139,0.228953512,0.234110243,0.256230168,0.286790941,0.24059811,0.287332136,0.283094163,0.283594943,0.284285836,0.33493822,0.351590348,0.360730678,0.381740311,0.395092797,0.421559964,0.44044414,0.456248106,0.511836403,0.5461164,0.560708831,0.587176309,0.581349637,0.587708901,0.581509265,0.624670842,0.69469472,0.688657659,0.694737512,0.693193098
Bangladesh,0.187051828,0.201970595,0.225998602,0.244569576,0.23848478,0.256660643,0.285901754,0.318122585,0.348458885,0.38246783,0.389963162,0.403406809,0.41739994,0.463460897,0.502775809,0.552771922,0.580785009,0.637418217,0.659316528,0.700184485,0.748982393,0.790401602,0.853454001,0.90383846,0.954552242,1.000166703,1.086199006,1.113712585,1.164175974,1.278254859,1.382787445
Barbados,0.018158895,0.017289876,0.016280672,0.017719799,0.018772238,0.018981545,0.020051184,0.019540842,0.018532307,0.019233575,0.017269023,0.02079045,0.021116986,0.022107612,0.023766992,0.02378116,0.023941209,0.02419651,0.024376841,0.024565424,0.024621201,0.02349081,0.027698551,0.026104625,0.02515867,0.026404359,0.024816582,0.025202074,0.021917332,0.023314344,0.023851194
Belarus,--,--,--,--,--,--,1.511971194,1.292548195,1.064425739,1.001741672,1.000944296,0.980244041,0.961992122,0.994275519,1.085774634,1.00742934,0.977371426,1.023133926,0.95688157,1.078114083,1.152175705,1.118272199,1.132952404,1.054274979,1.121579695,1.160739772,1.17081157,1.118440707,1.120532663,0.953413549,0.94437423
Belgium,2.034368502,2.097857833,2.150803547,2.166145795,2.222473124,2.30353608,2.304289448,2.271041393,2.41730582,2.451952168,2.593241784,2.605081911,2.667774909,2.647727295,2.70913118,2.702551906,2.686364396,2.771060839,2.80751029,2.780189456,2.771630766,2.784068958,2.870143039,2.619429403,2.817928783,2.631997399,2.558366652,2.632728805,2.459752509,2.489488239,2.641712872
Belize,0.004124253,0.003375439,0.002583755,0.003717164,0.004890382,0.005540346,0.00464405,0.004632039,0.004419706,0.005465958,0.00488211,0.007541028,0.007414088,0.007711144,0.008233056,0.009058975,0.00876768,0.008602432,0.008287302,0.008880528,0.010214442,0.009631154,0.009313801,0.009711359,0.011532268,0.010069521,0.010479739,0.011417509,0.01135903,0.012563338,0.01257763
Benin,0.007501055,0.005942365,0.007368095,0.007592611,0.008724107,0.01019655,0.011329212,0.012457708,0.013034078,0.014067548,0.015359648,0.016615296,0.01791128,0.008794608,0.023423692,0.026659533,0.030545252,0.035464365,0.037393187,0.03510334,0.047978104,0.056636093,0.057919428,0.064302415,0.073744836,0.068747888,0.06524809,0.06648065,0.070284661,0.077838756,0.097657576
Bermuda,0.006898958,0.009947155,0.010856062,0.013118413,0.009310567,0.008157057,0.006372845,0.007404973,0.007136151,0.007319365,0.007552188,0.007531977,0.007531977,0.007531992,0.00823178,0.008349479,0.008786658,0.008766686,0.009077513,0.009558814,0.010795871,0.012539087,0.011995108,0.009438427,0.011113202,0.00718221,0.007767438,0.007802241,0.010104616,0.008497225,0.01081503
Bhutan,0.002721179,0.009399355,0.011871616,0.01202002,0.012655502,0.012864636,0.013061192,0.012871085,0.013644469,0.014642094,0.016237349,0.016378708,0.015843635,0.015849246,0.016206423,0.018032524,0.020082114,0.022251759,0.020803313,0.024333645,0.039975014,0.04956292,0.051850264,0.054070188,0.058367086,0.056603797,0.055540315,0.060885792,0.05903123,0.061747248,0.061788186
Bolivia,0.068174154,0.067039287,0.077011168,0.087252345,0.092257592,0.090781079,0.098022817,0.09670872,0.108020077,0.123788597,0.121256509,0.13599291,0.126144133,0.141700474,0.14872695,0.127276495,0.13882688,0.186630239,0.193554964,0.189623978,0.208718731,0.224261659,0.230186967,0.226865489,0.230573885,0.23859188,0.282684409,0.287167658,0.289650241,0.303396392,0.315379533
Bosnia and Herzegovina,--,--,--,--,--,--,0.148758373,0.107456183,0.113040824,0.18743133,0.116588963,0.166311738,0.196413889,0.199242397,0.22067626,0.21953871,0.220653932,0.192683959,0.198826691,0.183729915,0.187789605,0.179382335,0.202813607,0.243859906,0.261047373,0.252928966,0.246044683,0.249843362,0.24186524,0.24255466,0.24795795
Botswana,0.020171172,0.021299448,0.024545135,0.027702771,0.030628088,0.032037604,0.038802296,0.037664416,0.037507983,0.037968558,0.035968421,0.037113613,0.03978707,0.037627959,0.04904266,0.051553918,0.054092544,0.055276295,0.054389548,0.057853193,0.06175608,0.063397008,0.06594039,0.06221448,0.057171053,0.057700925,0.056619675,0.065533407,0.089412231,0.082009617,0.089737345
Brazil,4.973830448,5.120902162,5.293115139,5.467122561,6.169870565,6.095897092,6.213317009,6.446065733,6.760665745,7.185833003,7.638744976,8.032202314,8.292175961,8.474123359,8.714712755,8.499325168,8.661461902,8.801326133,9.19454487,9.479542228,9.724137305,10.3307231,10.80182474,10.68422754,11.71850131,12.16882576,12.44696133,12.82325915,13.13716238,12.95306933,12.53026084
British Virgin Islands,0.000256425,0.000660772,0.000662478,0.000660772,0.000660772,0.000660772,0.000662478,0.000660772,0.000660772,0.000660772,0.000854738,0.000852506,0.000852506,0.000852523,0.001492735,0.001527765,0.001616028,0.001726392,0.001814655,0.0018668,0.002033656,0.002108205,0.002265235,0.002374254,0.002446574,0.002503697,0.002494786,0.002494814,0.002534641,0.002544985,0.002578916
Brunei,0.050989415,0.081432942,0.070541743,0.082876975,0.070126507,0.05604352,0.054801777,0.052087266,0.050060751,0.061915433,0.057663023,0.061666312,0.055774018,0.065806006,0.067095783,0.076286241,0.089079328,0.092156947,0.10233761,0.115285057,0.177669308,0.186514792,0.191561704,0.127084117,0.144752889,0.148690493,0.14454137,0.134429675,0.151186454,0.167067296,0.174504091
Bulgaria,1.439468882,1.433885557,1.436218806,1.327902176,1.199798818,0.933851906,0.926683795,0.903368927,0.909465936,0.994866973,1.002289511,0.918556985,0.850832312,0.769584445,0.772910313,0.788354442,0.799551435,0.804684176,0.809166939,0.843681532,0.860070885,0.83915404,0.839929217,0.719116641,0.735327913,0.793334069,0.755840084,0.706453585,0.75273493,0.790724836,0.756880269
Burkina Faso,0.006886218,0.007191413,0.007541693,0.006759017,0.006957066,0.008048755,0.008140175,0.009032331,0.010072718,0.010299294,0.010954869,0.017292804,0.01553434,0.015996774,0.014532701,0.01614896,0.016919024,0.018722527,0.016859639,0.017903832,0.017659539,0.025012984,0.027324624,0.025667834,0.028015678,0.031913214,0.037628276,0.045116419,0.042013353,0.053391343,0.044976949
Burma,0.092770037,0.089023176,0.085686792,0.088858994,0.086488463,0.085085336,0.088407934,0.093614545,0.109774892,0.116792893,0.118052507,0.125969307,0.139652352,0.152232481,0.171194129,0.159040674,0.179885788,0.206881147,0.211317049,0.272351358,0.259441393,0.277520443,0.2544234,0.234585831,0.238259984,0.262618477,0.3098132,0.351699961,0.412711198,0.378270408,0.433349619
Burundi,0.002803313,0.003234516,0.004643764,0.005155467,0.00542833,0.006120982,0.005655277,0.006338126,0.006640686,0.006410786,0.006678272,0.006679789,0.006757843,0.006658772,0.005638039,0.004800881,0.004541802,0.003680759,0.00424343,0.0036806,0.00426485,0.006674036,0.004390202,0.004433741,0.005083942,0.005596462,0.005246032,0.005888502,0.005108063,0.007078254,0.008250793
Cabo Verde,0.000656591,0.000697174,0.000962817,0.001173256,0.001173256,0.001173256,0.001389207,0.001406487,0.001673016,0.001639018,0.001848833,0.001843672,0.001853757,0.001854011,0.004661981,0.005189606,0.005639846,0.005605693,0.006129895,0.009560642,0.010158815,0.011321931,0.011474206,0.010868375,0.011636098,0.013847206,0.012423846,0.012227006,0.013187141,0.013029163,0.013608186
Cambodia,0.006303283,0.006354298,0.006855393,0.006885201,0.006966797,0.007394124,0.007437562,0.007437541,0.007458656,0.021182374,0.023280695,0.027420482,0.032050011,0.032994768,0.030577569,0.032391945,0.032324608,0.035137123,0.036250614,0.041123377,0.044516582,0.052249259,0.052257376,0.06488677,0.074684692,0.076760012,0.086459774,0.093372329,0.110457489,0.135159625,0.15542457
Cameroon,0.06982859,0.066281415,0.06636028,0.077023176,0.077714532,0.078423858,0.078769138,0.069690294,0.074398381,0.076187344,0.075868773,0.079691325,0.079696985,0.078106556,0.08113377,0.080873679,0.079685071,0.085360269,0.08898221,0.085877326,0.10368876,0.103346746,0.104903174,0.11247714,0.128503088,0.135341573,0.130504395,0.117073368,0.14959483,0.148448631,0.147372035
Canada,9.992644236,10.30914672,10.75519158,10.87826383,10.76738468,10.87134241,11.21350325,11.47983373,11.8259224,11.99514542,12.34294259,12.36268017,12.06155873,12.71818637,12.78177959,12.84043735,13.0272755,13.36701267,13.5924307,13.7455552,13.85566432,13.8885363,13.58819095,13.33395078,13.84074408,14.18279581,14.33796302,14.75976988,14.86064342,14.82685908,14.70588001
Cayman Islands,0.001519515,0.001604863,0.003908296,0.0038981,0.004143399,0.00410115,0.004159819,0.003942102,0.004547746,0.004872268,0.004885616,0.004873146,0.004873146,0.004873167,0.007106775,0.007196546,0.007459981,0.007556409,0.007142248,0.007352567,0.007457443,0.008912809,0.009152626,0.008493058,0.008532452,0.008982827,0.008299163,0.008192369,0.008330495,0.008811742,0.008711717
Central African Republic,0.004284464,0.003967472,0.003979347,0.003978853,0.004231051,0.004435812,0.004266734,0.00465386,0.004881986,0.004891523,0.005128439,0.005127313,0.005105591,0.005107955,0.005474302,0.005652959,0.005639839,0.005384471,0.005764353,0.005954889,0.006234527,0.006293147,0.006377859,0.006355315,0.006517975,0.006864258,0.007093333,0.00694325,0.00729545,0.007322088,0.007357936
Chad,0.003905135,0.003468522,0.002107094,0.002310553,0.004842245,0.004734707,0.004747679,0.002278184,0.002490797,0.002490797,0.002497621,0.002697752,0.002697752,0.002697752,0.003521715,0.003380168,0.003336714,0.003298285,0.003474965,0.003740063,0.003796554,0.003831318,0.003855882,0.004073154,0.004416996,0.004647304,0.004660037,0.004700404,0.004700401,0.004811591,0.004956359
Chile,0.393567873,0.408933777,0.449237954,0.502877394,0.567969458,0.567784117,0.63012728,0.671148059,0.720497993,0.788511977,0.844898875,0.934558001,0.925281419,0.968895579,0.982995369,1.019324902,1.06950586,1.104525275,1.184061249,1.244681193,1.267068845,1.259534502,1.279610573,1.252332856,1.257914385,1.334875301,1.319485885,1.372508704,1.347160761,1.395730646,1.478111976
China,24.96700547,26.33932961,28.14206907,28.19915178,31.05258606,28.57557533,29.93062743,32.270316,34.69763497,37.4182711,39.1965528,37.23441859,38.29867543,40.17492922,42.93761768,45.47011579,48.86918772,56.97263029,66.4384717,74.5729564,82.43537198,88.79435068,92.91918384,100.4284226,109.3580724,120.8220432,129.406108,135.0366555,136.8982495,137.2783265,137.4165048
Colombia,0.88547801,0.838224426,0.897022903,0.950924495,0.94328572,0.953228226,0.957483484,1.048605922,1.100296908,1.113994514,1.190583896,1.208229395,1.223930545,1.177704894,1.180981269,1.18068812,1.187468002,1.194420944,1.243032752,1.23222484,1.29193858,1.294930847,1.289788341,1.273120823,1.29564245,1.468138524,1.526372875,1.581184347,1.69874567,1.732395749,1.780839742
Comoros,0.000364983,0.000769045,0.000770022,0.000769071,0.000909635,0.000878059,0.000879618,0.000877805,0.000877819,0.000877211,0.000879614,0.000877613,0.001069316,0.001069391,0.001495796,0.001561242,0.001571095,0.002007924,0.002204359,0.002117365,0.002464226,0.001628371,0.001659993,0.002024541,0.002404561,0.002160147,0.00224562,0.002679573,0.002393486,0.002582258,0.003027657
Congo-Brazzaville,0.015267762,0.018487049,0.014957811,0.017330756,0.019259086,0.01761724,0.016851315,0.015185364,0.014398984,0.01471911,0.015649009,0.015265432,0.014222327,0.01190119,0.013126512,0.01611331,0.014911864,0.017051001,0.018087221,0.02445004,0.029156608,0.035877621,0.04083737,0.049562202,0.067536661,0.081131347,0.083217992,0.105201723,0.100084225,0.100935878,0.096454705
Congo-Kinshasa,0.102736665,0.097835777,0.107311839,0.111179709,0.106410587,0.100571434,0.110030299,0.10515679,0.092025283,0.100594491,0.10286432,0.092523408,0.0871931,0.094677167,0.072808455,0.071664942,0.07371993,0.076774625,0.086963247,0.094363168,0.099565176,0.102563016,0.097036672,0.09485808,0.10487913,0.113467133,0.111882538,0.13516904,0.161923011,0.125000437,0.114996156
Cook Islands,0.000626523,0.000626523,0.000628239,0.000626523,0.000626523,0.000430879,0.000628239,0.000626523,0.000626523,0.000626523,0.000628239,0.000626523,0.000626523,0.000626523,0.000837084,0.000798156,0.000431675,0.000398362,0.000674971,0.001083858,0.001154684,0.000974267,0.000999875,0.000920336,0.001092717,0.001225246,0.001299462,0.00129825,0.001380324,0.001295276,0.001359392
Costa Rica,0.058254751,0.06445323,0.069719631,0.075876937,0.074321311,0.079329769,0.093690175,0.101925871,0.103257844,0.104967065,0.105959705,0.118978397,0.122060631,0.140167351,0.14527047,0.147887967,0.153955554,0.157089646,0.161970515,0.168348296,0.17568217,0.185641001,0.188044081,0.182915927,0.185896618,0.186842798,0.188644835,0.189840854,0.193679992,0.20271403,0.208534411
Croatia,--,--,--,--,--,--,0.307940379,0.311332335,0.332471002,0.349256811,0.344442375,0.351942925,0.371936801,0.375513268,0.369135706,0.382801439,0.37442058,0.409051063,0.406154963,0.406813444,0.407484662,0.404157879,0.40821158,0.397133253,0.402479305,0.360041951,0.359229128,0.362196155,0.34839396,0.336612304,0.345581771
Cuba,0.498333875,0.4908558,0.497695148,0.504880037,0.49823689,0.463417014,0.411642605,0.403487006,0.408331013,0.41601762,0.4270146,0.470402348,0.447571104,0.387353647,0.374558535,0.344709943,0.349065187,0.354312623,0.358718364,0.353002374,0.344060032,0.347532779,0.397717023,0.400656242,0.455071004,0.40937336,0.445307634,0.426557022,0.434568407,0.435547641,0.339607098
Cyprus,0.04804175,0.052986325,0.052710601,0.065238938,0.069544723,0.070330239,0.080456309,0.080398837,0.092431273,0.090888731,0.089577747,0.091603289,0.098566227,0.105010238,0.11022333,0.1106036,0.1095972,0.118146875,0.106405135,0.117510605,0.122028485,0.125498836,0.13019939,0.125399366,0.120631635,0.120186777,0.11334646,0.101524743,0.10242825,0.105175737,0.115168875
Czech Republic,--,--,--,--,--,--,--,1.710110908,1.644855322,1.685947228,1.764593138,1.735692395,1.658333696,1.555085856,1.668115849,1.703896453,1.704607384,1.812181974,1.852915033,1.833520953,1.842703312,1.833185752,1.817233331,1.734537449,1.789305859,1.771293898,1.763910625,1.720295933,1.716052199,1.704481276,1.669743358
Côte d’Ivoire,0.078675462,0.08637045,0.089623916,0.089904073,0.077477494,0.065507752,0.063606112,0.071507168,0.073772458,0.080492295,0.093637293,0.095577204,0.096477986,0.124703476,0.12542619,0.124262601,0.120783015,0.108892097,0.117558526,0.130490648,0.111555829,0.119365727,0.131223168,0.127671013,0.130527812,0.121461088,0.148054486,0.163911046,0.17315123,0.172438617,0.19761128
Denmark,0.795141138,0.80097015,0.780136844,0.735903376,0.748951153,0.817717614,0.785509038,0.82433899,0.873294201,0.88264092,0.979253022,0.926171194,0.90425338,0.887090188,0.865629641,0.877287021,0.845477694,0.883390247,0.857020642,0.837142329,0.891680377,0.86883363,0.836382594,0.786023421,0.825001159,0.785416814,0.746176226,0.760114535,0.734182618,0.724347215,0.736848728
Djibouti,0.00971641,0.00992811,0.009725206,0.022855789,0.023482312,0.023482312,0.023776751,0.023923487,0.02457253,0.024343055,0.024409748,0.02457253,0.02457253,0.02457253,0.012057651,0.012012843,0.012047991,0.012497622,0.012155557,0.011494758,0.010741764,0.011180997,0.01250318,0.010857237,0.012364418,0.00933997,0.012324276,0.012721701,0.012943424,0.011380872,0.010371438
Dominica,0.000638999,0.000840802,0.000896485,0.000896569,0.000896089,0.000896633,0.000896773,0.000894601,0.001140597,0.001416996,0.001420873,0.00142593,0.001496989,0.001548927,0.001805983,0.001933484,0.001822092,0.002032755,0.00240821,0.002307709,0.00230118,0.002780198,0.002503081,0.002546634,0.002663155,0.002697873,0.002591289,0.00258853,0.002671408,0.002774703,0.002901277
Dominican Republic,0.108598434,0.119289908,0.132197513,0.128587481,0.138733682,0.134099472,0.143400585,0.134474328,0.146293566,0.157910375,0.171617288,0.181517001,0.187892447,0.213401612,0.293787076,0.285568896,0.301608288,0.276742664,0.257945146,0.282818892,0.282487017,0.290483188,0.288733062,0.285293317,0.299140758,0.294335675,0.326760177,0.311962233,0.299517625,0.332147486,0.35322455
Ecuador,0.236825075,0.233787579,0.241755746,0.236778954,0.252807874,0.265933945,0.296282202,0.287186068,0.312555314,0.306893868,0.332554966,0.342081242,0.350580702,0.336453145,0.369084554,0.392478623,0.399895432,0.414144045,0.450205599,0.477770397,0.505176092,0.534545575,0.558170824,0.575202052,0.597347644,0.617201394,0.641528199,0.654639344,0.711025284,0.690748244,0.683090373
Egypt,1.240848735,1.29017712,1.303743657,1.345306561,1.42127738,1.423717896,1.426826121,1.514266024,1.59364994,1.635985663,1.770430565,1.832110525,1.895635943,1.941240427,2.005683318,2.243177046,2.234986726,2.439687145,2.629627244,2.751333151,2.91683871,3.097569537,3.212003352,3.364374296,3.503927751,3.619801374,3.776498886,3.739574363,3.727103457,3.732656448,3.769384152
El Salvador,0.048091537,0.046864737,0.051121721,0.051727029,0.053631217,0.053006992,0.059988619,0.062162863,0.068054039,0.084745972,0.086685209,0.086041776,0.098092036,0.103608796,0.100326051,0.104176781,0.106705905,0.113849272,0.113542825,0.117468931,0.124157437,0.129454501,0.12592556,0.121477994,0.125944033,0.12587725,0.126750205,0.123676343,0.126370326,0.13088249,0.131992852
Equatorial Guinea,0.001057419,0.001097948,0.001100603,0.001735811,0.001735751,0.001735819,0.001740224,0.001735565,0.001735579,0.001735466,0.00174022,0.001958199,0.002697647,0.002697751,0.005266565,0.005975229,0.053281592,0.05583337,0.012401737,0.057940042,0.058611582,0.066181511,0.066491643,0.06830676,0.069181652,0.070659524,0.069698499,0.066866298,0.064748065,0.05789462,0.059359087
Eritrea,--,--,--,--,--,--,--,--,0.013251873,0.015181153,0.015516753,0.015686914,0.01665834,0.017290551,0.008868974,0.00971577,0.0088588,0.010617945,0.011563278,0.011570615,0.007958161,0.008172143,0.005819645,0.007035998,0.007033851,0.007162926,0.007612387,0.007762444,0.00810656,0.008039024,0.008182928
Estonia,--,--,--,--,--,--,0.115816,0.094584735,0.088650338,0.079035418,0.086668923,0.094421417,0.113309819,0.087634098,0.083194011,0.094412385,0.07824469,0.075780053,0.083468754,0.0861186,0.094589823,0.092330001,0.096263553,0.084824002,0.080752541,0.078226539,0.097331392,0.090456115,0.086320228,0.090398854,0.088176736
Eswatini,0.010098553,0.011186717,0.011305945,0.012137305,0.011798917,0.012704298,0.01179217,0.01174945,0.01521872,0.014900666,0.014246371,0.016297177,0.016345404,0.016340273,0.019313166,0.019720175,0.020315827,0.01868127,0.018094807,0.019183947,0.018615987,0.019643971,0.020177219,0.019665826,0.019620476,0.020062213,0.02035854,0.019336988,0.020845597,0.021378511,0.022171155
Ethiopia,0.044629041,0.050147917,0.049220197,0.051756831,0.05280762,0.045784098,0.061591266,0.058930359,0.044143005,0.047358132,0.039763189,0.040068632,0.05211376,0.061804941,0.065870002,0.071720435,0.073686431,0.079697439,0.08521532,0.097855035,0.107383775,0.118866531,0.124444722,0.128999097,0.143027773,0.16196464,0.179452031,0.209569657,0.23744768,0.250175226,0.289190803
Falkland Islands,0.00017063,0.00017063,0.00029693,0.000425225,0.000212613,0.000212613,0.000213195,0.000212613,0.000212613,0.000425225,0.000257024,0.000469037,0.000256425,0.000256442,0.000392819,0.000436273,0.000480102,0.000523557,0.000567386,0.000567386,0.000654669,0.000654669,0.000674377,0.000674189,0.000646846,0.000639018,0.000660445,0.00066062,0.000660403,0.000702871,0.000726088
Faroe Islands,0.007613705,0.007883495,0.008293374,0.009103902,0.00994076,0.009174274,0.00924637,0.009025724,0.009269796,0.009926603,0.009927724,0.009944653,0.009964079,0.009884537,0.010959986,0.012068451,0.011820392,0.011770188,0.012088924,0.011842002,0.011733464,0.012225155,0.011313543,0.010493907,0.010901594,0.010419278,0.010639892,0.011585926,0.010876291,0.011636609,0.011590424
Fiji,0.017572792,0.01507268,0.014954962,0.01704239,0.018521864,0.016187683,0.016732291,0.017599164,0.018090883,0.019459579,0.019931693,0.019869863,0.019288604,0.020949174,0.026442581,0.027486066,0.023279144,0.025529298,0.033812552,0.028943579,0.031714413,0.030581082,0.020419264,0.020958037,0.019519612,0.035083628,0.021732067,0.026027908,0.031351585,0.03857459,0.038040399
Finland,0.997003272,1.075470715,1.071785304,1.080946477,1.131552261,1.145012412,1.149936645,1.140533645,1.194967843,1.139674548,1.156703209,1.177379416,1.232794399,1.221787429,1.236048637,1.251588793,1.262358636,1.319134857,1.345969482,1.265088413,1.334700997,1.341847009,1.311167994,1.213514124,1.297130317,1.237429,1.228373919,1.235924509,1.20172454,1.194103679,1.222997803
Former Czechoslovakia,3.243007512,3.331229856,3.257795557,3.241996367,3.237900411,2.927000439,2.639151327,--,--,--,--,--,--,--,--,--,--,--,--,--,--,--,--,--,--,--,--,--,--,--,--
Former Serbia and Montenegro,--,--,--,--,--,--,0.85328177,0.720572399,0.711086776,0.788887681,0.923170091,0.978598554,0.994250646,0.799223047,0.806856552,0.838213758,0.92361176,0.932500617,0.958660387,0.90414368,--,--,--,--,--,--,--,--,--,--,--
Former U.S.S.R.,62.48788778,63.8994198,65.99741261,64.96551611,66.15920759,62.12447431,--,--,--,--,--,--,--,--,--,--,--,--,--,--,--,--,--,--,--,--,--,--,--,--,--
Former Yugoslavia,2.818685181,2.876517657,2.892359988,2.903238579,2.791046732,2.574393079,--,--,--,--,--,--,--,--,--,--,--,--,--,--,--,--,--,--,--,--,--,--,--,--,--
France,8.624176554,8.742801176,8.861616357,9.028948279,9.227019531,9.839284713,9.93198026,9.872204709,9.868372086,10.14786779,10.49205997,10.42648378,10.6660946,10.80056135,10.92137768,11.18003845,11.06247,11.14328455,11.32914118,11.44311222,11.46662471,11.26359351,11.34347405,10.73470904,10.99945702,10.82542769,10.73270348,10.83560164,10.39337871,10.43926541,10.31233947
French Guiana,0.005315742,0.006071562,0.006976814,0.008023492,0.009582354,0.010525495,0.008682426,0.011578312,0.011578312,0.013501388,0.013308001,0.013501388,0.013501388,0.01350139,0.007679289,0.014070062,0.013081182,0.015244463,0.015227787,0.015242714,0.014290724,0.015537899,0.015850601,0.018588641,0.017767322,0.018252882,0.015238064,0.015496136,0.016271416,0.016151353,0.016746093
French Polynesia,0.014018827,0.014164351,0.014209844,0.014395489,0.013626263,0.013742693,0.013058337,0.013063695,0.010553823,0.011251176,0.011172326,0.011320505,0.011501923,0.010851855,0.012161187,0.013344032,0.014179746,0.015342555,0.015250945,0.015883494,0.015708859,0.016646376,0.016944879,0.01684331,0.017509784,0.01647322,0.01592774,0.016020411,0.015611541,0.016247554,0.01616447
Gabon,0.028775303,0.033296658,0.035142922,0.04381299,0.043142131,0.044354652,0.045570183,0.043159663,0.044303122,0.041509044,0.043277892,0.045420523,0.044357348,0.051223672,0.03916256,0.042259397,0.042270082,0.041117274,0.04190123,0.044860575,0.04601228,0.045724348,0.046665957,0.046166591,0.05380041,0.055060853,0.068995523,0.069711614,0.072786187,0.069967063,0.069324971
"Gambia, The",0.002197047,0.002674893,0.002682107,0.002674893,0.002687595,0.002674893,0.002682107,0.002887506,0.003328075,0.00307924,0.003087562,0.00307924,0.003286195,0.00328621,0.004318428,0.004704081,0.004684185,0.004684185,0.004943141,0.004995011,0.005427631,0.005630094,0.00584866,0.006283723,0.00685393,0.007205062,0.007024029,0.006990757,0.007728763,0.007909889,0.007973619
Georgia,--,--,--,--,--,--,0.323522455,0.197684948,0.152947071,0.150842969,0.15876913,0.163565304,0.165571899,0.160586535,0.137121087,0.126668426,0.149248363,0.13274631,0.13725168,0.156140292,0.141116174,0.176576502,0.176860583,0.179631402,0.192763319,0.180305387,0.186458411,0.211723224,0.219495598,0.232836367,0.245936172
Germany,--,--,--,--,--,13.88309237,13.66585763,13.57080002,13.48478056,13.7783288,13.95571796,13.81279893,13.82821581,13.69985395,13.81815716,14.27914941,14.02708711,14.02429931,14.17572989,14.00783035,14.36111593,13.75900355,14.13288386,13.2794752,14.04010246,13.52587495,13.6093045,13.99022752,13.56144474,13.71572542,13.8378998
"Germany, East",6.505424554,6.458365377,6.395085506,6.215205302,5.355718304,--,--,--,--,--,--,--,--,--,--,--,--,--,--,--,--,--,--,--,--,--,--,--,--,--,--
"Germany, West",11.73826201,11.76166784,11.79885619,11.53518707,11.71216335,--,--,--,--,--,--,--,--,--,--,--,--,--,--,--,--,--,--,--,--,--,--,--,--,--,--
Ghana,0.077535048,0.085044085,0.093189122,0.102823081,0.100163477,0.104060881,0.113182399,0.111390223,0.114712127,0.116640574,0.12325005,0.121328635,0.094913733,0.115323342,0.142038426,0.142858939,0.130766144,0.119742464,0.141450622,0.145367013,0.141417164,0.133459808,0.157693447,0.181376903,0.186906468,0.234972112,0.241124201,0.253305989,0.257153215,0.263945011,0.258131527
Gibraltar,0.018503169,0.018940033,0.024845654,0.021119613,0.022020652,0.022497378,0.040192744,0.042364522,0.042594194,0.042594194,0.042710393,0.042594194,0.048913942,0.042805903,0.119759543,0.131712236,0.145462765,0.167166505,0.159577517,0.178630768,0.17451764,0.188691569,0.183519221,0.194336542,0.187859922,0.186975954,0.188620106,0.173709309,0.164229861,0.169010241,0.171555
Greece,0.778901663,0.834962418,0.884874751,0.924209131,0.961285862,0.976993313,1.011949744,1.017967734,1.049428161,1.084402067,1.131079078,1.139712841,1.209283619,1.215953307,1.285129317,1.306477204,1.322686307,1.397228667,1.396282567,1.404665617,1.44954542,1.468406521,1.445798306,1.375003963,1.319573458,1.282806838,1.185018735,1.131389246,1.124352946,1.134079177,1.118270356
Greenland,0.004761882,0.003294473,0.007708899,0.006796787,0.007763698,0.007668115,0.006815285,0.006968799,0.007009276,0.007009276,0.007428261,0.007620578,0.007620684,0.009369347,0.01015521,0.009478545,0.009175963,0.010058467,0.009699473,0.011680869,0.010716765,0.012106549,0.010762527,0.011789361,0.014895085,0.014725007,0.012284468,0.012358677,0.011550802,0.01230661,0.012147638
Grenada,0.000945975,0.001164638,0.001209296,0.001206494,0.001793621,0.001793621,0.001849169,0.002125772,0.002437925,0.002220373,0.002377653,0.003146462,0.002728506,0.002728532,0.002944203,0.003064312,0.003148728,0.003330809,0.003234494,0.0034012,0.003519108,0.003735968,0.003972544,0.003857047,0.004011588,0.004012223,0.004078348,0.004601077,0.0040037,0.004047853,0.004169801
Guadeloupe,0.013607138,0.015729446,0.017315845,0.019080567,0.020620149,0.021433805,0.020322591,0.023152957,0.023935187,0.024578448,0.024438256,0.025020578,0.025071003,0.025072163,0.029761634,0.031041587,0.031920895,0.03313434,0.03254362,0.03217959,0.033250225,0.034576793,0.032225677,0.031908631,0.033932731,0.037096219,0.028123995,0.027891998,0.027329335,0.030813745,0.028848928
Guam,0.015361578,0.010810866,0.011186488,0.01039093,0.026087034,0.02926132,0.035182807,0.046666103,0.067949264,0.050469536,0.044742625,0.050969696,0.042131731,0.04683399,0.047709922,0.066056882,0.045915398,0.038872407,0.0451893,0.052916668,0.055806638,0.040314751,0.025385925,0.040329326,0.035949618,0.031766793,0.034016319,0.028683815,0.027763931,0.0294967,0.027787172
Guatemala,0.064941609,0.065360302,0.071664257,0.07494901,0.079988399,0.07776592,0.085606986,0.09146515,0.102122013,0.109266293,0.112993292,0.12205183,0.141762993,0.15124405,0.162431569,0.167707425,0.171233984,0.18798742,0.177470365,0.183195875,0.194175812,0.208155874,0.193322911,0.20279063,0.205081348,0.208962899,0.21476156,0.223102396,0.236985521,0.271930754,0.292294423
Guinea,0.01580477,0.016859612,0.017086705,0.016534598,0.021813664,0.017215805,0.017743503,0.018555575,0.018769201,0.018669547,0.018762008,0.019802394,0.020233868,0.021101755,0.026547343,0.029086278,0.030303925,0.029442594,0.031838151,0.03217726,0.032719044,0.034734555,0.035073652,0.036816948,0.042137568,0.042923761,0.041640742,0.037046214,0.038287861,0.046378407,0.052243097
Guinea-Bissau,0.001572776,0.00271431,0.00312104,0.003156833,0.00386004,0.00386004,0.004100583,0.00449295,0.00449295,0.00449295,0.004312863,0.00449295,0.00449295,0.004492951,0.00340127,0.003463795,0.003538605,0.004113992,0.004256625,0.004311454,0.004409737,0.004685315,0.004563103,0.004727617,0.004851532,0.004922659,0.005019561,0.005138224,0.005398677,0.005584487,0.005814035
Guyana,0.019126839,0.014537623,0.014368845,0.009666579,0.009303072,0.010964963,0.012177052,0.015535394,0.015528802,0.013185121,0.014367913,0.015287459,0.019766902,0.023729014,0.023649904,0.023114936,0.023381139,0.024089772,0.023518999,0.021228349,0.018997954,0.023507376,0.022349861,0.023016809,0.024792246,0.025778741,0.029002522,0.028219304,0.028338069,0.028907635,0.032399154
Haiti,0.015242931,0.022176589,0.023465156,0.021832332,0.014021932,0.014188549,0.015338389,0.011608088,0.009931342,0.015550575,0.018067889,0.021877835,0.021496167,0.023272275,0.023850251,0.02594695,0.028420242,0.026293406,0.030278881,0.031582947,0.032328976,0.034866697,0.035128195,0.033394194,0.030979543,0.032568058,0.035807396,0.037676343,0.040601258,0.046376876,0.04823388
Hawaiian Trade Zone,0.064647121,--,--,--,--,--,--,--,--,--,--,--,--,--,--,--,--,--,--,--,--,--,--,--,--,--,--,--,--,--,--
Honduras,0.03755893,0.036218426,0.045539686,0.052615058,0.058980793,0.05890459,0.060788277,0.060622921,0.060584343,0.06549889,0.073273674,0.075239713,0.08073571,0.086505713,0.083188741,0.090688579,0.091548059,0.100443367,0.106889141,0.109540019,0.105385042,0.130542064,0.129314356,0.122552589,0.129704055,0.12990575,0.139783557,0.139998145,0.148856639,0.165544138,0.160275806
Hong Kong,0.399205015,0.443961053,0.479443092,0.49311754,0.531226831,0.55730465,0.613494274,0.65719208,0.65437337,0.678566575,0.687169709,0.680761857,0.715727911,0.908707821,0.859637058,0.870095379,0.903680832,0.93651525,1.043446811,1.02521666,1.083514985,1.15588643,1.086366588,1.254672741,1.340309636,1.259631136,1.188209748,1.209486997,1.170288778,1.275953699,1.305379637
Hungary,1.178655377,1.202612774,1.182309275,1.186762646,1.12381026,1.09122222,0.996853919,1.019897217,1.015071863,1.024176135,1.055423364,1.029144076,1.028077811,1.023581347,0.995088534,1.031115469,1.028927464,1.052483528,1.062189037,1.140225776,1.124907235,1.093573447,1.087466013,1.011313677,1.03179562,1.002109817,0.939457138,0.911559524,0.937532987,0.982909932,1.002685042
Iceland,0.06830182,0.070452834,0.074547718,0.077045764,0.077166452,0.075485149,0.076786023,0.07951219,0.084802698,0.083423261,0.0886788,0.091876621,0.099936785,0.109043989,0.116219828,0.118956694,0.122460442,0.12272648,0.125097247,0.125878274,0.13889705,0.159162436,0.199082955,0.198100752,0.197455891,0.1972074,0.198361797,0.206843673,0.205460897,0.212841541,0.211695144
India,5.657328549,5.964408477,6.600253648,6.960810397,7.460755176,7.857381735,8.278263008,8.62637611,9.26800549,9.876121666,10.32691469,10.8456512,11.00625267,11.73475996,12.56505519,12.79674127,13.39337945,13.88789515,15.09675772,15.93693808,17.2070854,18.63329334,19.13197983,20.22608682,21.69790702,22.81170341,25.10523359,25.70778491,27.3079453,28.37694192,29.47808804
Indonesia,1.653456489,1.733195003,1.873418791,2.096781558,2.309260842,2.574535812,2.659820373,2.822031559,2.989685408,3.158868606,3.419722195,3.607847912,3.458089166,3.840075978,4.184356737,4.039276815,4.142737093,4.267562184,4.455121702,4.659610978,4.819220075,5.164774468,5.464010097,5.718329965,6.237653234,6.115062463,6.330711581,6.494325886,6.622229329,7.006718964,7.07667145
Iran,2.422957947,2.531710869,2.702340601,2.96702565,3.011764265,3.222688667,3.353643128,3.473933644,3.670933694,3.815485814,3.912228692,4.424980401,4.585359441,4.60862217,5.144679721,5.575432445,5.913827201,6.151655707,6.420588307,7.344160991,7.782762386,8.054644832,8.327426159,9.296429055,9.216005001,9.350124304,9.778864403,10.01580615,10.64118699,10.77808757,11.1657442
Iraq,0.620907014,0.637388756,0.767128198,0.824758528,0.91507167,0.599155862,0.837043908,0.962282442,1.100528594,1.127030198,1.123424818,1.038290505,1.052125814,1.070766009,1.008735261,1.022671069,1.040776122,0.818537042,1.013195059,1.098685875,1.077500447,0.985455054,1.097386729,1.314245487,1.358578631,1.401409066,1.626546332,1.728490974,1.663506701,1.434806985,1.768347218
Ireland,0.331368036,0.328446698,0.321250862,0.338643786,0.359921532,0.374525722,0.374374745,0.391099759,0.40923933,0.419133018,0.449294726,0.47609199,0.515380599,0.556047951,0.59338733,0.616994725,0.614190299,0.608842714,0.635026066,0.660988805,0.690413221,0.680653962,0.683864645,0.617665029,0.632248056,0.581080312,0.569792188,0.569910023,0.572619724,0.600691868,0.631577569
Israel,0.384949983,0.42284982,0.44498053,0.459347427,0.473459308,0.48357317,0.507312688,0.563820474,0.59968216,0.643843918,0.659895577,0.694550755,0.704244165,0.714922364,0.779091532,0.771464288,0.817745863,0.842144208,0.852392293,0.817705334,0.84561883,0.881773755,0.861961757,0.873369906,0.93932832,0.928413115,1.000746183,0.954144509,0.996373384,1.041778103,1.063460184
Italy,6.118595254,6.334642873,6.497867888,6.682138296,6.731485289,6.885300251,6.885650117,6.827297729,6.767750928,7.075316083,7.109649745,7.186291713,7.397771742,7.517550105,7.58372763,7.643417855,7.668631326,7.921803321,8.10855074,8.150024005,8.099951688,7.987510347,7.932118402,7.383863249,7.680711338,7.51846811,7.239760921,6.924372394,6.703538709,6.768595461,6.721844893
Jamaica,0.067493985,0.074179574,0.084000778,0.097437862,0.101973299,0.106438253,0.115130246,0.116868003,0.120509874,0.134344358,0.138457079,0.144589861,0.147842998,0.151401121,0.147443479,0.149601163,0.148935959,0.155216644,0.151844202,0.156572097,0.178862883,0.182176354,0.154929344,0.122782912,0.112949297,0.119625315,0.111785379,0.12198553,0.12008687,0.124022397,0.128749386
Japan,16.03771989,16.45508401,17.46115054,18.00649075,18.95906691,19.38243939,19.5067861,19.77500244,20.46610041,21.12385508,21.53111543,21.9025807,21.48369606,21.92754257,22.20953665,22.04019063,21.89771208,22.06261782,22.34404647,22.48156999,22.66953011,22.55838296,21.48317287,20.51144828,21.50711636,20.82695324,20.33752316,20.506633,20.10347447,19.69084493,19.64886952
Jordan,0.129563319,0.139507294,0.130905136,0.134831349,0.143842141,0.136369398,0.160723618,0.158998376,0.18271955,0.191529367,0.205840288,0.198937907,0.212762254,0.214958729,0.226361007,0.217415502,0.228016996,0.248989687,0.270503556,0.29368761,0.303659698,0.292034193,0.281328274,0.292569132,0.304518974,0.318877469,0.338368099,0.335761252,0.348014142,0.373266845,0.39894029
Kazakhstan,--,--,--,--,--,--,4.064744653,3.541705317,3.365016629,2.774790364,2.663326102,2.322241494,2.258735761,2.084911257,2.163205208,2.178002859,2.312596386,2.261758084,2.600981125,2.584823038,2.710106643,3.21122406,3.656102761,2.972590276,3.184009723,3.481876099,3.435240214,3.458657576,3.287529936,3.313168111,3.50160722
Kenya,0.107797139,0.09900912,0.112486426,0.121364047,0.122596066,0.114089495,0.123127192,0.127016995,0.129787771,0.137913557,0.144298165,0.134143677,0.147794084,0.140268644,0.155734185,0.158557123,0.159978236,0.152195208,0.163624093,0.177847338,0.1951006,0.196528658,0.193984969,0.211891294,0.229938156,0.237242606,0.233678981,0.245904188,0.255248609,0.30518448,0.319110346
Kiribati,0.000218761,0.000257563,0.000258144,0.000257563,0.000257563,0.000260355,0.000258144,0.000257563,0.000257563,0.000257563,0.000258144,0.000257563,0.000257563,0.000257576,0.000496226,0.000423423,0.000620575,0.000645183,0.000691051,0.000905516,0.00100727,0.000919604,0.001030035,0.0008992,0.000895534,0.000827002,0.000816938,0.000826332,0.000829423,0.000898398,0.000964528
Kosovo,--,--,--,--,--,--,--,--,--,--,--,--,--,--,--,--,--,--,--,--,--,--,0.083732317,0.094086423,0.096773591,0.097840472,0.09007992,0.090570747,0.08361511,0.095782254,0.100049372
Kuwait,0.451960955,0.53670113,0.620685918,0.69416819,0.407142367,0.2152817,0.350261331,0.475209439,0.570969285,0.589526615,0.62554071,0.798668087,0.84551028,0.917957195,0.824513472,0.841957355,0.889217491,0.96399641,1.002994411,1.170891881,1.162563012,1.235693427,1.326194461,1.421985627,1.401359936,1.467894368,1.507370775,1.545297722,1.496965553,1.653163379,1.669469364
Kyrgyzstan,--,--,--,--,--,--,0.285104547,0.248716276,0.231611755,0.181374972,0.232253441,0.219053616,0.219578516,0.23623962,0.238814594,0.226613623,0.193577543,0.20448794,0.208783539,0.196479198,0.200194329,0.219810101,0.209374749,0.21188947,0.202770957,0.230766236,0.26076731,0.246039588,0.250013411,0.224387424,0.228700795
Laos,0.009554942,0.007548933,0.007103451,0.009018586,0.010168812,0.011062913,0.011021811,0.011322919,0.011245085,0.013310404,0.015673285,0.016141219,0.020633785,0.023143862,0.03862055,0.041027725,0.040765643,0.039722281,0.041181971,0.047628911,0.054601352,0.052921913,0.060155778,0.063147637,0.099792464,0.131108137,0.136547113,0.16127806,0.163862368,0.240404144,0.417183736
Latvia,--,--,--,--,--,--,0.227582319,0.191597364,0.18259289,0.166936043,0.159459852,0.163857314,0.159461097,0.152448176,0.152601263,0.16452677,0.162014771,0.16691433,0.17957607,0.18706879,0.183342468,0.182169771,0.168234912,0.173991639,0.184431717,0.165592477,0.172146991,0.16477678,0.155948337,0.157795756,0.165025718
Lebanon,0.10207729,0.107164315,0.096730798,0.076981758,0.0712488,0.11732439,0.120056578,0.150622806,0.169612456,0.18212134,0.193141224,0.221148768,0.223156294,0.228749098,0.206796448,0.22006051,0.221792296,0.224403335,0.223327739,0.21351574,0.197932913,0.175191234,0.226180334,0.279699119,0.270206373,0.272889047,0.305422595,0.304489446,0.313752296,0.346141576,0.354305902
Lesotho,0.002347506,0.002347506,0.001579797,0.002347506,0.00300261,0.003050378,0.003176001,0.003281705,0.003648162,0.00369593,0.003740559,0.003675458,0.0031977,0.004666322,0.008468739,0.008615121,0.008894866,0.009063094,0.008979009,0.010629864,0.011253354,0.014671206,0.012302559,0.014051589,0.015030858,0.013571111,0.014241142,0.014465902,0.01482854,0.01469121,0.015390635
Liberia,0.020899167,0.016376608,0.020383805,0.017034545,0.008196495,0.004616982,0.004841422,0.005342852,0.005342852,0.005342852,0.005549614,0.005534587,0.005726321,0.005726323,0.006452131,0.006881554,0.006788357,0.007434339,0.008064537,0.009439875,0.009669227,0.00902487,0.007995725,0.00729852,0.011491141,0.01279475,0.014190969,0.012552892,0.016530062,0.016590672,0.019074297
Libya,0.441353565,0.45382107,0.464662602,0.480776675,0.508035049,0.53037076,0.494933784,0.512736662,0.53010922,0.55351648,0.584996678,0.616013987,0.592830282,0.535166118,0.726602839,0.732451876,0.755049483,0.743902466,0.762092688,0.788140673,0.722682691,0.717909231,0.745320084,0.852991086,0.899516409,0.590368921,0.735600889,0.7911765,0.772690163,0.615207506,0.601865306
Lithuania,--,--,--,--,--,--,0.479512157,0.388468483,0.333156128,0.356479059,0.367974483,0.360478417,0.401221265,0.303452019,0.281114126,0.315488001,0.340817826,0.350563043,0.353805658,0.330842973,0.319973986,0.352866761,0.36609251,0.321164669,0.265250557,0.277242024,0.276541981,0.275430431,0.257711328,0.256484831,0.263322767
Luxembourg,0.128193984,0.127019051,0.132213856,0.14190052,0.147569081,0.158274189,0.157865436,0.160098273,0.156527745,0.14023092,0.143345137,0.141809924,0.138799725,0.14604326,0.155596141,0.162395005,0.17122564,0.17915314,0.201113579,0.203728328,0.201101359,0.19760466,0.196707954,0.185788457,0.197447242,0.19437834,0.189893757,0.184314938,0.179033007,0.177045895,0.177202143
Macau,0.01282293,0.013960475,0.013577856,0.014459375,0.015251744,0.015031854,0.015546076,0.017063269,0.018212771,0.018861378,0.020836472,0.021366158,0.022834133,0.024247508,0.023546783,0.024255941,0.026129233,0.02682448,0.031863334,0.032738671,0.034864022,0.035695579,0.031779593,0.033914525,0.034993047,0.035194322,0.03545935,0.035962954,0.03885921,0.042381503,0.043081499
Madagascar,0.014933188,0.020683193,0.022531566,0.016915509,0.016717065,0.017327754,0.018731603,0.01900611,0.020565328,0.021625684,0.022221809,0.022671744,0.023174394,0.023256845,0.032838654,0.031982688,0.024783195,0.031653883,0.03434033,0.033370329,0.032899074,0.035089169,0.037172043,0.032790539,0.034685775,0.039309527,0.045939354,0.049341764,0.052227326,0.054994845,0.060654648
Malawi,0.012115874,0.012663966,0.012700327,0.014294171,0.01601676,0.018356808,0.018668894,0.018206558,0.019325197,0.020124956,0.020419758,0.020422789,0.021552868,0.021377924,0.023258008,0.022784287,0.022563207,0.023824171,0.025388081,0.024599833,0.02535999,0.025247594,0.028881199,0.026884186,0.032228969,0.031836578,0.031991564,0.032934275,0.03380358,0.032426919,0.03446721
Malaysia,0.74643486,0.74945595,0.792987887,0.859036549,0.843542921,0.927395406,0.989864497,1.139727178,1.339947133,1.458416499,1.543425425,1.62767258,1.634924954,1.641461319,1.818057902,1.930716939,2.089354583,2.085680768,2.127298337,2.362957098,2.558365128,2.711969404,2.768607805,2.834561326,2.974306275,3.06502136,3.109476271,3.286712999,3.430928743,3.329594117,3.304982554
Maldives,0.000976271,0.000976271,0.001191788,0.001188884,0.001439672,0.001439672,0.001443139,0.001683928,0.003379652,0.004644408,0.004859858,0.004198603,0.004623828,0.004623837,0.009765048,0.008187981,0.009790112,0.008511355,0.011133577,0.01007978,0.012773521,0.013235064,0.014388662,0.015286754,0.015452596,0.016700038,0.021256581,0.022415394,0.030028693,0.022450761,0.023785253
Mali,0.006735325,0.007647784,0.004892163,0.008319292,0.00846218,0.00847966,0.009135477,0.009212768,0.009234926,0.009264982,0.00959904,0.009725845,0.009944538,0.009951216,0.015023531,0.01520079,0.015395307,0.015452074,0.016043583,0.018381028,0.021193192,0.02440216,0.029199899,0.036312053,0.037002041,0.040016931,0.042575455,0.048045296,0.05176353,0.055588873,0.055928669
Malta,0.019784846,0.022098287,0.024656955,0.025400243,0.02766044,0.029139542,0.030626279,0.03232876,0.03461065,0.033583824,0.034835227,0.037159099,0.038918425,0.043149214,0.063174688,0.069591483,0.067900416,0.078912666,0.08284344,0.070676854,0.072228832,0.078682967,0.081487882,0.086837324,0.103662585,0.098556159,0.093981422,0.089211508,0.091318635,0.099910132,0.111046269
Martinique,0.010372935,0.011851915,0.014453962,0.019965464,0.021812181,0.018227151,0.0200639,0.02733631,0.0270027,0.027386169,0.0274612,0.027810482,0.027597869,0.027597869,0.032104462,0.032220539,0.033601741,0.033122802,0.033233467,0.032612837,0.03261845,0.033886268,0.034041718,0.03398471,0.033891815,0.035229792,0.03580252,0.036055682,0.037360783,0.032229006,0.032510658
Mauritania,0.007391753,0.010192745,0.013136036,0.015116878,0.013583595,0.014210434,0.046057245,0.047143149,0.047014181,0.047703164,0.048268156,0.048314288,0.048502713,0.0485038,0.017211029,0.017964219,0.019281776,0.019946958,0.021497847,0.022226473,0.021662172,0.02466349,0.030333393,0.030104493,0.029881249,0.032157157,0.035586756,0.032205113,0.038643738,0.039203896,0.037398294
Mauritius,0.017803111,0.015734787,0.021026022,0.024455045,0.027109842,0.027460168,0.032824556,0.03306955,0.032957908,0.03529378,0.035360405,0.035728415,0.036722299,0.040505016,0.054830534,0.055961326,0.054974202,0.056166778,0.057880788,0.062029428,0.0647513,0.067204322,0.069160327,0.066715098,0.071882566,0.073681399,0.07429351,0.075329618,0.07762994,0.08051611,0.08370224
Mexico,4.401801203,4.512362336,4.601506925,4.852125245,4.721370917,5.055513056,5.110356669,5.39716322,5.748156078,5.581116062,5.728999066,5.80716227,6.223646164,6.227460207,6.48863554,6.464437308,6.471746306,6.696248247,6.867704715,7.086612751,7.386782205,7.514162931,7.602054169,7.54673362,7.522427225,7.728797292,7.696043127,7.75800224,7.649045213,7.766301741,7.942053286
Micronesia,0,0,0,0,0,0,0,0,0,0,0,0,0,0,0,0,0,0,0,0,0,0,0,0,0,0,0,0,0,0,0
Moldova,--,--,--,--,--,--,0.26358071,0.206420039,0.15714659,0.140328857,0.152421951,0.153354511,0.14248217,0.112250972,0.115290829,0.111582161,0.123683253,0.137237301,0.126109873,0.137373097,0.145415274,0.126495241,0.130785302,0.117844057,0.116558525,0.112902329,0.154423053,0.151797731,0.145295677,0.13027685,0.130169082
Mongolia,0.199339746,0.208451077,0.21926077,0.20786587,0.192243033,0.19936615,0.178051186,0.163333606,0.152251592,0.150880329,0.150236332,0.139188966,0.13881184,0.139657353,0.145954483,0.145842288,0.155553727,0.148884845,0.146564904,0.150509897,0.165629698,0.172867163,0.170881767,0.170350994,0.179420776,0.180869025,0.189550404,0.194896105,0.190210807,0.195663566,0.205656684
Montenegro,--,--,--,--,--,--,--,--,--,--,--,--,--,--,--,--,--,--,--,--,0.052384375,0.047116804,0.053246755,0.04592808,0.057344665,0.047301318,0.045948715,0.049483124,0.044198195,0.045465239,0.045400406
Montserrat,0.000173811,0.000217623,0.000217647,0.000217623,0.000256425,0.000448159,0.000449283,0.000448159,0.000448159,0.000660772,0.000662478,0.000660772,0.000660772,0.000660789,0.000396879,0.000396879,0.000572051,0.000572051,0.000572051,0.000572051,0.000572051,0.000635877,0.000816372,0.000690278,0.000922334,0.000637589,0.000618552,0.000779384,0.000727782,0.00081906,0.000467246
Morocco,0.232803427,0.234716609,0.249791009,0.279066599,0.29170861,0.299503662,0.319126539,0.323247942,0.357074698,0.343450331,0.348962255,0.36701809,0.369984651,0.387452131,0.384420894,0.40207683,0.409163917,0.426708019,0.488565414,0.529359796,0.545196016,0.571984384,0.592883982,0.629596923,0.683327632,0.728767556,0.743231611,0.761374477,0.786165748,0.785276745,0.780609712
Mozambique,0.015416125,0.015567145,0.022592359,0.018258623,0.018644966,0.019133247,0.018883398,0.020369501,0.019700444,0.02076733,0.021706773,0.025820426,0.032056762,0.077787259,0.106740744,0.135058115,0.13270845,0.134748645,0.13758707,0.150997765,0.16453774,0.183631159,0.170817516,0.183809181,0.185457914,0.20847994,0.224787322,0.238903081,0.260836467,0.27898207,0.280158649
Namibia,--,--,--,--,0.03466226,0.018415675,0.017134146,0.021547557,0.020542654,0.032298179,0.031356143,0.030289954,0.033277522,0.044560466,0.043274434,0.050084684,0.048157134,0.050771209,0.05292724,0.055788791,0.055597366,0.05721154,0.060300042,0.061212366,0.063215618,0.065979469,0.068601113,0.069819521,0.074235905,0.07765797,0.077643278
Nauru,0.001905895,0.001905895,0.001910754,0.001905895,0.001905895,0.001905895,0.001910754,0.001905895,0.001905895,0.002135371,0.002140859,0.002135371,0.002135371,0.002135382,0.001562009,0.001415747,0.001328913,0.001191369,0.001118101,0.001095681,0.000797771,0.000776977,0.000790272,0.000768162,0.000809698,0.002372231,0.000791126,0.000896848,0.000941001,0.000972632,0.001011824
Nepal,0.013903515,0.016025612,0.0156136,0.014665291,0.018735912,0.021467042,0.021698174,0.022185103,0.026002225,0.028246735,0.032584586,0.035186583,0.042711153,0.048562223,0.050193235,0.05296292,0.055766216,0.058656962,0.05859025,0.060839327,0.060021786,0.058363315,0.065978046,0.07548485,0.080506223,0.085222996,0.089197853,0.095260281,0.102926533,0.091485599,0.134083223
Netherlands,3.11525189,3.204173671,3.209960106,3.231301449,3.360315489,3.529949561,3.492362098,3.568689021,3.598241735,3.696501069,3.901525383,3.844257809,3.856613878,3.837214969,3.916860379,4.029213972,4.072785478,4.139628735,4.237195921,4.261559624,4.247773937,4.245166456,4.203527671,4.050019496,4.248995178,4.07667791,4.007687121,3.941542389,3.767240229,3.791084561,3.854142393
Netherlands Antilles,0.151507485,0.152043853,0.143635968,0.150339631,0.147085948,0.140197595,0.138572907,0.13853208,0.143262077,0.152477131,0.150772075,0.15975045,0.161681699,0.158005221,0.186737525,0.19178503,0.186465691,0.185157851,0.192120729,0.199136276,0.20049057,0.212041168,0.211659134,0.203430263,0.175502466,0.197955227,0.185272292,0.185648305,0.187341706,0.191881449,0.193630713
New Caledonia,0.022729747,0.022452439,0.024293858,0.026488529,0.025623913,0.025863269,0.026623869,0.026254244,0.027076119,0.027143729,0.027275745,0.025458363,0.025968591,0.026505975,0.034220555,0.032724509,0.035391474,0.038289173,0.037133517,0.040753933,0.04011023,0.043042499,0.043206237,0.043460535,0.050608784,0.050027781,0.053145307,0.056073991,0.066931399,0.065840829,0.070719596
New Zealand,0.600419991,0.611108264,0.650433605,0.664054139,0.701930711,0.705554706,0.708185281,0.718533258,0.759818296,0.776850401,0.785127426,0.784438881,0.766530122,0.791978101,0.81031554,0.820065516,0.846010451,0.81089673,0.834247991,0.812529226,0.816968888,0.819980585,0.824957597,0.820746972,0.843649342,0.841559917,0.835762317,0.851598658,0.895256306,0.886777587,0.905002718
Nicaragua,0.034510906,0.036107896,0.03663242,0.03969667,0.036832812,0.035235922,0.039740505,0.040896443,0.041698857,0.044613189,0.0470265,0.048363764,0.052328373,0.056106338,0.055605463,0.059025039,0.060160688,0.063831949,0.066430184,0.067516292,0.067842949,0.070668323,0.071517145,0.07154903,0.073972478,0.077812894,0.078542044,0.083445454,0.088293779,0.096881889,0.097067388
Niger,0.008219527,0.008888292,0.012557405,0.012868243,0.012727906,0.012882725,0.012575594,0.013245895,0.013377408,0.013785229,0.013853471,0.013923656,0.014452983,0.013454429,0.011319624,0.011084372,0.011787458,0.012961611,0.014224662,0.013403337,0.013484972,0.014511297,0.016128462,0.01898883,0.023502847,0.02359203,0.031656085,0.035776201,0.033914904,0.035719753,0.033301237
Nigeria,0.585514329,0.618331565,0.662221311,0.717083234,0.696566742,0.766110719,0.785316046,0.798035216,0.743823243,0.827191949,0.847427133,0.847894242,0.813178879,0.8161265,0.765959746,0.867027977,0.905688087,0.954168175,0.989628433,1.082374429,0.965069991,0.885185584,1.064828915,0.668015668,0.831487009,1.182967607,1.18040122,1.517991243,1.657425365,1.566568174,1.57870441
Niue,4.34367E-05,4.34367E-05,4.34491E-05,4.34367E-05,4.34367E-05,4.34367E-05,4.34491E-05,4.34367E-05,4.34367E-05,4.34367E-05,4.34491E-05,4.34367E-05,4.34367E-05,4.34545E-05,9.685E-05,9.92537E-05,9.57561E-05,8.98957E-05,8.97174E-05,9.27535E-05,9.18456E-05,8.4767E-05,0.000134064,8.82333E-05,8.22038E-05,9.14044E-05,9.00688E-05,9.68242E-05,0.000100019,0.000108187,0.000104123
North Korea,0.984836746,0.969706233,1.138199505,0.943727906,0.962486984,0.958603864,0.807582902,0.884806118,0.866997398,1.015706972,0.975250935,0.941016934,0.834976092,1.067615834,0.947272753,0.922534366,0.901076279,0.898003354,0.934388664,0.916956961,0.869847205,0.797172768,0.860286617,0.72412919,0.691990674,0.51642597,0.493576207,0.384856783,0.359815603,0.315119788,0.368050534
North Macedonia,--,--,--,--,--,--,0.104012309,0.106633809,0.092963353,0.09589028,0.105436232,0.097676007,0.116844581,0.108255874,0.103325267,0.095815253,0.094941549,0.10286827,0.107572269,0.109820809,0.10945549,0.110778539,0.108716496,0.106029386,0.114951374,0.119650017,0.110241222,0.109472955,0.107760363,0.111428886,0.110259263
Northern Mariana Islands,,,,,,,,,,,,,,,,,,,,,,,,,,,,,,,
Norway,1.54450107,1.572936103,1.601852945,1.672078545,1.718697832,1.626842975,1.722006675,1.715211135,1.684779238,1.792762533,1.69418648,1.749411575,1.811254609,1.884432016,1.984894911,1.899879993,1.944425357,1.819267775,1.89906352,1.987155525,1.798254225,1.967535461,1.938116577,1.91312529,1.853891344,1.811352757,1.929633335,1.875601396,1.92207164,1.895573536,1.91929156
Oman,0.134624673,0.13884664,0.130166315,0.168075391,0.18294819,0.192364338,0.203382185,0.227204769,0.236772039,0.223411535,0.230191995,0.266773906,0.345033002,0.3014015,0.36647442,0.385657081,0.41410663,0.40074476,0.40036312,0.51468997,0.58632341,0.605395627,0.762064907,0.756460364,0.887175005,0.907773089,1.072162963,1.073449908,1.173402731,1.169375131,1.151568282
Pakistan,0.928240658,1.002279521,1.070072139,1.129104946,1.179039644,1.243977465,1.305431866,1.391633986,1.5189051,1.585734791,1.664653719,1.681357693,1.735128971,1.771808071,1.889707183,1.827207647,1.841683445,1.843461546,1.999013002,2.170764437,2.443422022,2.528623776,2.503766515,2.529254143,2.615086796,2.580873837,2.740756864,2.700763002,2.827445914,2.972896101,3.161155524
Palestinian Territories,--,--,--,--,--,--,--,--,--,--,--,0.009287035,0.014718294,0.014982309,0.019668679,0.026686715,0.024710385,0.026506698,0.040314817,0.049407254,0.043624821,0.044929726,0.043093816,0.044200055,0.044178483,0.049122834,0.049140102,0.052184168,0.056286253,0.062435284,0.065249919
Panama,0.1703632,0.17674855,0.174930712,0.170367093,0.180061557,0.178041226,0.181152245,0.181888753,0.202612167,0.213327133,0.191970258,0.197513162,0.207890687,0.144862672,0.228844831,0.232588234,0.229786481,0.231731433,0.23630422,0.235891566,0.256232611,0.241925065,0.283396892,0.274575164,0.311477668,0.314184013,0.348769477,0.343232634,0.35099433,0.383434407,0.405172516
Papua New Guinea,0.035577086,0.039010407,0.036741439,0.037678557,0.038159155,0.0377494,0.039786187,0.040420124,0.038721052,0.044931732,0.046899391,0.044449934,0.044768892,0.045315342,0.051636591,0.059055804,0.061800436,0.07016574,0.078415112,0.075773357,0.077668334,0.083704134,0.083522253,0.086103528,0.083002806,0.059077739,0.083363905,0.089411154,0.092662363,0.086545254,0.106062101
Paraguay,0.112650941,0.167498685,0.17428927,0.216759412,0.230903725,0.244768797,0.230839172,0.260673455,0.30110491,0.347234544,0.363371243,0.400112678,0.407530989,0.426425152,0.425470821,0.37835966,0.394247993,0.417962035,0.414895353,0.406501135,0.425622467,0.427414995,0.440825663,0.436909765,0.441834737,0.465521102,0.477767727,0.481835075,0.456039827,0.467779038,0.528406892
Peru,0.452042444,0.453743598,0.450989869,0.406401188,0.384871739,0.380070444,0.374069909,0.428204738,0.448811777,0.472829942,0.503707573,0.481824946,0.499767391,0.526711697,0.541864421,0.53311527,0.539351764,0.540392836,0.591929964,0.621341669,0.635478972,0.664442641,0.768200934,0.770579088,0.863032353,0.908677431,0.963500107,0.993446501,1.013894777,1.053957043,1.097907384
Philippines,0.487367647,0.550548024,0.589444606,0.661061149,0.670680535,0.676476562,0.714873196,0.777003413,0.830048269,0.890307034,0.956514724,1.023274741,1.070142079,1.103985278,1.13258988,1.090739121,1.111209494,1.125634901,1.174667159,1.12403297,1.116547827,1.143376241,1.212366371,1.160114567,1.214102394,1.239829755,1.274102228,1.400497142,1.433811781,1.616840319,1.726853175
Poland,4.481301722,4.732576247,4.629917192,4.469634029,3.707943264,3.668817101,3.535320299,3.618039681,3.517163034,3.496482338,3.733981238,3.669514157,3.509318025,3.439745348,3.345754325,3.344706434,3.274963042,3.419671906,3.509221413,3.545778073,3.660873446,3.737044622,3.834726825,3.73328245,3.957003477,4.018403378,3.976011895,3.927155951,3.901341844,4.002779591,4.132239518
Portugal,0.565303559,0.579976455,0.6434968,0.688893263,0.732450685,0.739348867,0.757974373,0.76608756,0.806939674,0.839777809,0.874784822,0.904471373,0.972548745,1.017145779,1.063826843,1.080586917,1.078806169,1.111642904,1.106197978,1.106747309,1.094842731,1.106823808,1.067555335,1.064336112,1.113859147,1.065541781,0.981926862,1.042963364,1.041892557,1.038000348,1.077474527
Puerto Rico,0.229686594,0.229779387,0.229983385,0.230500589,0.225965954,0.225256618,0.226812708,0.226637229,0.227059932,0.227033899,0.227384737,0.22720572,0.227352063,0.226405293,0.439391963,0.477025537,0.477626258,0.506062584,0.518428583,0.501503899,0.452751335,0.436424875,0.40731188,0.380646408,0.323053867,0.348019683,0.369070634,0.319480112,0.310718243,0.313065627,0.286252375
Qatar,0.255591453,0.261987125,0.268193651,0.27799938,0.285599456,0.335581761,0.521769727,0.556802237,0.558346568,0.562408465,0.578333577,0.609901103,0.62174646,0.617604731,0.660869886,0.502855464,0.602028792,0.632754439,0.723619035,0.888814452,0.967566629,1.05270858,1.141492385,1.201648181,1.254731113,1.375037197,1.914317452,2.067893558,2.093972369,2.05417817,2.029840008
Reunion,0.016456356,0.018208449,0.019544737,0.021647298,0.022937154,0.025103685,0.026076712,0.031757486,0.032790894,0.032425823,0.032545556,0.032805566,0.040731766,0.040768197,0.038802919,0.038963331,0.039620939,0.040016976,0.044458899,0.042267473,0.039914325,0.03887971,0.042565282,0.043471265,0.047321588,0.045553132,0.043776665,0.043301722,0.043926124,0.046855299,0.047657592
Romania,2.891758217,2.979243045,2.955067885,3.038310586,2.825656027,2.204852887,2.05458617,1.981518021,1.860705892,2.003607838,2.03106704,2.009351841,1.73009794,1.558903592,1.547920426,1.712032571,1.662267129,1.633352408,1.678209405,1.660085123,1.715621239,1.687120664,1.653270465,1.411925708,1.446718765,1.47533951,1.439627665,1.34963128,1.372782933,1.355812221,1.365031947
Russia,--,--,--,--,--,--,36.25990733,32.53098543,29.31500873,28.84352008,27.05116456,25.68518657,25.36034619,25.83410957,26.72888987,26.72150454,27.14619228,27.79346816,28.33237642,28.07305193,29.34225737,29.14928413,30.03626535,27.21681731,30.72590676,31.83026159,31.82851641,31.4027949,31.66538722,31.41407366,31.16440494
Rwanda,0.011134893,0.011188908,0.011145966,0.011486913,0.012015766,0.012234755,0.012293231,0.011253366,0.011503909,0.011708819,0.01158195,0.011740899,0.011915763,0.011548825,0.009232078,0.009068205,0.009142911,0.00919073,0.008878605,0.008543668,0.008263745,0.008513169,0.008992875,0.009509835,0.01033657,0.011649788,0.012671465,0.013587455,0.014514689,0.016514628,0.016503856
Saint Helena,4.34367E-05,8.83874E-05,8.83984E-05,8.83874E-05,8.83874E-05,4.34367E-05,4.34491E-05,4.34367E-05,4.34367E-05,4.34367E-05,4.34491E-05,4.34367E-05,4.34367E-05,4.34545E-05,0.000175546,0.000175289,0.000182785,0.000180843,0.000118045,0.000147334,0.000135697,0.000171927,0.000139921,0.000131572,0.000149168,0.000145937,0.000161661,0.000155076,0.000147213,0.000134,0.000135
Saint Kitts and Nevis,0.000704605,0.000704605,0.000750136,0.000748438,0.000748438,0.001004884,0.001007159,0.001228262,0.001440874,0.001228262,0.001444822,0.001440874,0.001440874,0.001440874,0.002631585,0.002720228,0.002975928,0.002980719,0.003223768,0.003003433,0.003112369,0.003290683,0.003286951,0.003363548,0.003445907,0.003549504,0.003531865,0.003519169,0.003563052,0.003647664,0.003744084
Saint Lucia,0.00179887,0.001961371,0.002503728,0.002497609,0.002497609,0.002497609,0.002503728,0.002497609,0.002949863,0.002949863,0.0029571,0.002949863,0.002949863,0.002949899,0.004998782,0.005420867,0.004898136,0.005420058,0.00543931,0.005610766,0.005659857,0.005851651,0.006014195,0.00586669,0.006131811,0.006223674,0.006195327,0.006179361,0.006240058,0.006280877,0.006347758
Saint Pierre and Miquelon,0.00235233,0.003024068,0.003037163,0.003666759,0.003450505,0.003241493,0.00298473,0.0017009,0.001736042,0.001098205,0.001101107,0.000637838,0.00085045,0.00085045,0.00096006,0.00096006,0.001046969,0.001178686,0.001135231,0.001178686,0.001178686,0.00122214,0.00122214,0.00122214,0.001285107,0.001293718,0.001275936,0.001306404,0.001361465,0.001361465,0.001386152
Saint Vincent/Grenadines,0.000788554,0.000819055,0.000953959,0.001323872,0.00124958,0.001083988,0.001370577,0.001185427,0.001968189,0.00215984,0.001972634,0.002274173,0.00249076,0.00249142,0.002392153,0.002768473,0.002993147,0.003136559,0.003464591,0.003477875,0.003450384,0.003510726,0.003514946,0.004732316,0.003497708,0.003242329,0.003930758,0.003225972,0.003430253,0.003471994,0.003483822
Samoa,0.001628916,0.001607538,0.001609718,0.002032983,0.002032383,0.002033063,0.001895631,0.002082068,0.002082243,0.002092455,0.002139541,0.002161372,0.002211829,0.002264061,0.002733651,0.0029742,0.003152698,0.003153243,0.003118054,0.003195988,0.003329732,0.003497099,0.003581705,0.003712598,0.003742277,0.003879343,0.003704201,0.003668783,0.00371569,0.00504367,0.00462874
Sao Tome and Principe,0.000521281,0.000531511,0.000531875,0.000531615,0.0009566,0.001008485,0.001010015,0.001007469,0.001220137,0.001220105,0.001223194,0.001219313,0.001208988,0.001229668,0.000996578,0.00093125,0.001053963,0.001174185,0.001328293,0.001404068,0.001493288,0.001553833,0.001676583,0.001782511,0.001920653,0.001987749,0.002100245,0.002100395,0.002100209,0.002196297,0.00226894
Saudi Arabia,3.008471585,3.06625715,3.182776662,3.12009183,3.342853831,3.492319151,3.68305506,3.776674282,3.876192436,3.81826506,4.105622211,4.35557612,4.533960666,4.858332602,5.101122266,5.296439799,5.509818709,5.76065538,6.293200808,6.66737733,6.941069837,7.160927039,7.703296616,8.024910989,8.807596745,9.209996421,9.793754753,9.791904403,10.35936817,10.64980423,10.46473157
Senegal,0.039990714,0.040473354,0.034693396,0.035865156,0.03630182,0.033519242,0.040602576,0.042335109,0.051064079,0.055268712,0.055741593,0.050913022,0.054170404,0.059651101,0.067926981,0.074025789,0.076815045,0.077441925,0.081929412,0.08500997,0.083482168,0.08788726,0.092266905,0.086444244,0.090803932,0.097263864,0.09333727,0.097355309,0.108463919,0.128211014,0.123598265
Serbia,--,--,--,--,--,--,--,--,--,--,--,--,--,--,--,--,--,--,--,--,0.699170103,0.695072573,0.692261987,0.66345584,0.683539678,0.692013987,0.651175018,0.649434058,0.578694016,0.640191165,0.655865376
Seychelles,0.004250286,0.004488684,0.006626962,0.006895916,0.006158822,0.006983177,0.006923969,0.007118121,0.007118121,0.007368909,0.007388514,0.007825777,0.007825777,0.007825795,0.012832913,0.013804398,0.01202066,0.011991086,0.016736342,0.015245006,0.016196687,0.013315694,0.014515323,0.015822009,0.014308475,0.01228582,0.014136646,0.012769245,0.014923464,0.015457833,0.017149333
Sierra Leone,0.012404244,0.013592095,0.01478842,0.014381192,0.01459385,0.015459775,0.011174644,0.011156365,0.010590256,0.012179508,0.012000566,0.012616104,0.012616165,0.012616165,0.005906965,0.007547679,0.007601308,0.007833822,0.00828536,0.007022805,0.009079247,0.008389166,0.008764227,0.008977579,0.009907656,0.012578282,0.013980239,0.016299572,0.017945366,0.01459696,0.015002861
Singapore,0.570669981,0.631741919,0.673073635,0.73099549,0.801950599,0.832506714,0.958241121,1.039357372,1.188232217,1.144821937,1.354632488,1.453212112,1.53702064,1.632741422,1.653780368,1.747797769,1.727197527,1.916388133,2.067910108,2.140562266,2.31657552,2.515835469,2.596437352,2.596820472,2.929173067,3.137687936,3.158512956,3.199161289,3.228307546,3.29114221,3.492176378
Slovakia,--,--,--,--,--,--,--,0.86717112,0.812380416,0.867048404,0.840679229,0.815835866,0.802941861,0.794330943,0.801315574,0.842154252,0.845724523,0.830047535,0.814818223,0.837690876,0.83152158,0.807429579,0.816992449,0.73391029,0.776943692,0.755109476,0.725700316,0.724945296,0.687815794,0.708821045,0.710665257
Slovenia,--,--,--,--,--,--,0.226036962,0.239389717,0.250042866,0.268690218,0.296361498,0.281545668,0.28164713,0.279141585,0.276786963,0.287772059,0.28792605,0.284174329,0.301179666,0.30202575,0.3040308,0.303446507,0.32801549,0.29809123,0.301224956,0.295459092,0.29001554,0.282190896,0.28546013,0.266473761,0.281167894
Solomon Islands,0.001723834,0.002009336,0.002407773,0.00240206,0.00240206,0.00240206,0.002407773,0.00240206,0.00240206,0.00240206,0.002407773,0.00240206,0.00240206,0.002402081,0.002571884,0.002616692,0.002616692,0.002704955,0.00271147,0.00271147,0.002766198,0.003046771,0.002969941,0.002964674,0.003074296,0.003033312,0.003059044,0.003245991,0.00329087,0.003282602,0.002900163
Somalia,0.020183037,0.014911531,0.014957218,0.015320849,0.013882293,0.008272716,0.007688068,0.00809142,0.00809142,0.00809142,0.008113589,0.00809142,0.00809142,0.008091423,0.010121057,0.010289035,0.011122919,0.011224169,0.011130781,0.011238481,0.01132425,0.011486927,0.011365312,0.011335115,0.011618414,0.011618414,0.011656478,0.011656578,0.011657405,0.012095459,0.012375784
South Africa,3.511732524,3.641194682,3.721141085,3.736549948,3.844659078,3.843405265,3.861045784,3.912396588,4.009054889,4.236720663,4.385073035,4.549851064,4.645734649,4.519379376,4.639127981,4.601611898,4.782331633,5.012408597,5.100700798,5.200981742,5.272395078,5.570812063,5.636605383,5.537567604,5.657429048,5.576333408,5.654726071,5.688440603,5.636142865,5.628756279,5.628887175
South Korea,2.674342256,3.031282696,3.365772792,3.625092437,4.073575732,4.523426448,5.038126388,5.472393435,5.865487274,6.398504727,6.919240707,7.454783786,6.870536879,7.543366335,8.106368411,8.319707013,8.437879946,8.773750924,8.945452161,9.252034643,9.41536158,9.762659001,9.911431854,9.99357676,10.85875931,11.29177114,11.50728559,11.48844313,11.60876611,11.92884601,12.28762614
South Sudan,--,--,--,--,--,--,--,--,--,--,--,--,--,--,--,--,--,--,--,--,--,--,--,--,--,--,0.020365999,0.021541367,0.022285755,0.027304638,0.024250464
Spain,3.474793979,3.566718191,3.799247179,3.934376955,4.005166757,4.195288814,4.208821655,4.098904233,4.254089805,4.461520229,4.567147443,4.825647887,5.062111905,5.220731487,5.516562453,5.762882031,5.870770653,6.125763207,6.410455056,6.550372642,6.56459295,6.693733093,6.460095957,6.040453016,6.198252127,5.918730809,5.796739486,5.668023933,5.604628008,5.597171799,5.740865374
Sri Lanka,0.094394879,0.100125655,0.099031973,0.095909707,0.106356227,0.104569151,0.106343569,0.125616343,0.137106922,0.145258376,0.147645372,0.162293997,0.168032167,0.178366826,0.197984525,0.19300587,0.195522313,0.202606468,0.210238105,0.22101173,0.221638124,0.225448808,0.224430433,0.213496132,0.243163599,0.270884031,0.27963557,0.2842912,0.304343854,0.342360674,0.361071856
Sudan,0.068809957,0.066269221,0.071695382,0.069633766,0.063562561,0.088369183,0.081585376,0.077374687,0.071123114,0.06561356,0.066701854,0.068043993,0.068137947,0.073682365,0.106115717,0.1140083,0.13497358,0.139964002,0.1534816,0.178171639,0.212428823,0.225482819,0.245755905,0.264754083,0.299828676,0.289223747,0.279066005,0.292918974,0.300379705,0.310520798,0.371727004
Suriname,0.026068464,0.018900954,0.022181752,0.029888216,0.034314189,0.035218546,0.03437059,0.035237314,0.035292694,0.033882659,0.033477727,0.034226821,0.034206126,0.034417497,0.028535642,0.02817201,0.031250044,0.027685064,0.031377735,0.031931217,0.03480116,0.032534018,0.038491219,0.039146911,0.047020179,0.039620787,0.044154476,0.041628987,0.043378665,0.041382808,0.03831892
Sweden,2.205765139,2.270041212,2.231807697,2.2040058,2.225464803,2.228805459,2.268649688,2.244844247,2.268608831,2.313543465,2.2820764,2.326780725,2.408781927,2.366749276,2.273461889,2.411630162,2.289628071,2.181461844,2.334601678,2.356606218,2.251068191,2.269816874,2.232907137,2.065230651,2.221123421,2.161775361,2.222607887,2.116496921,2.11392134,2.147947701,2.170059834
Switzerland,1.160164758,1.163090696,1.182537147,1.14704001,1.16174983,1.209796509,1.22360997,1.215577554,1.236804694,1.22941058,1.204291221,1.228531388,1.25323141,1.316138417,1.287346844,1.347657902,1.274144036,1.288206477,1.280310882,1.251219749,1.274956529,1.274523147,1.308129221,1.277714967,1.306610718,1.228278253,1.275056103,1.298562014,1.242429669,1.209827698,1.184733194
Syria,0.385645042,0.431091142,0.452089776,0.483189462,0.559663709,0.519020756,0.534806532,0.59337796,0.630707734,0.606821007,0.654312121,0.69535096,0.748502837,0.77048059,0.743083248,0.734342256,0.794776879,0.771833001,0.858638834,0.970082913,1.010975541,1.043035806,1.058689699,0.990720442,1.025288923,0.929107435,0.721430751,0.526432371,0.467569439,0.416289636,0.394732482
Taiwan,1.534942987,1.649387352,1.788708623,1.891074353,2.018790346,2.071011888,2.188497146,2.33049427,2.502232229,2.701500046,2.916882153,3.024457521,3.209244237,3.351824501,3.585558555,3.693339992,3.860585324,4.052279195,4.20957526,4.284242427,4.374391786,4.580727467,4.409574771,4.342985173,4.641630048,4.605568936,4.53800142,4.565234658,4.694931701,4.686083732,4.787461458
Tajikistan,--,--,--,--,--,--,0.291871395,0.261475474,0.253030194,0.208611447,0.230053242,0.218720406,0.225793475,0.254990938,0.200667025,0.210048005,0.216107488,0.227276638,0.231487001,0.236662892,0.231480726,0.218288791,0.2103933,0.188874025,0.195158791,0.192737857,0.203633736,0.210975397,0.215523806,0.215832747,0.221941815
Tanzania,0.049103648,0.045383742,0.048325171,0.049524783,0.054467,0.04993488,0.052462219,0.054672863,0.049103983,0.048685804,0.05154894,0.047961508,0.055420445,0.058266178,0.059680621,0.068740524,0.075628543,0.076970937,0.09319948,0.098390182,0.101224836,0.109606094,0.114075723,0.112594275,0.12963853,0.131750826,0.158469033,0.166250348,0.17151101,0.177520162,0.194130247
Thailand,0.713696392,0.796566384,0.903004366,1.063341689,1.246246203,1.362083696,1.464639914,1.676279981,1.865547191,2.110534269,2.381499753,2.548529061,2.393950849,2.445938775,2.561950658,2.712367712,3.028999239,3.311920682,3.582604775,3.684277333,3.755911289,3.879520536,3.912219033,4.056767902,4.420685457,4.531588452,4.80318527,5.100148407,5.078227298,5.153251661,5.306562682
The Bahamas,0.032437222,0.036194313,0.033689535,0.038525006,0.040986445,0.036354511,0.03075791,0.032478073,0.036080871,0.043119494,0.04861029,0.047378898,0.053804395,0.047324477,0.05617403,0.057250513,0.059377343,0.041474845,0.045970253,0.044201716,0.051339875,0.05912388,0.057775414,0.04343478,0.045254985,0.039956236,0.046179928,0.042963154,0.042186649,0.040328438,0.042219832
Timor-Leste,--,--,--,--,--,--,--,--,--,--,--,--,--,--,--,--,--,0.0023855,0.002583076,0.002592068,0.002644516,0.002737274,0.003008348,0.00336633,0.003503897,0.003635614,0.004299131,0.006475917,0.007431916,0.007287,0.007123
Togo,0.009075026,0.008678374,0.008965088,0.010493785,0.010156649,0.016816412,0.01248224,0.010726226,0.011120685,0.012201672,0.011696519,0.011062748,0.012126135,0.017123944,0.016184203,0.013957582,0.015809278,0.018993796,0.018973276,0.018474504,0.016272488,0.019610125,0.023427881,0.041422874,0.039467451,0.036814401,0.033159928,0.033950509,0.037150294,0.039589409,0.040729056
Tonga,0.000391297,0.000867727,0.001085061,0.001340408,0.001340408,0.001361523,0.001294553,0.001291731,0.00175547,0.001586691,0.00180324,0.001886969,0.001918613,0.001918646,0.00149509,0.001346621,0.001460142,0.001799039,0.001666132,0.001774258,0.001995766,0.00170861,0.001845121,0.002002684,0.001822789,0.001724913,0.001748405,0.001696758,0.001834027,0.00191068,0.002023912
Trinidad and Tobago,0.205499476,0.191073876,0.197973482,0.211959457,0.225966201,0.253207839,0.24791678,0.271540791,0.311316678,0.32530351,0.35880296,0.388871251,0.38728905,0.39877596,0.440085537,0.482426782,0.517120046,0.624452817,0.582306911,0.663077523,0.847605946,0.855064057,0.914529159,0.874373815,0.956372833,0.97184634,0.931103704,1.032509623,1.01148354,0.98364279,0.88274616
Tunisia,0.180624511,0.168208339,0.180287213,0.201654923,0.200428329,0.165696936,0.191263091,0.218322215,0.236486381,0.213570162,0.229464535,0.266616546,0.286639338,0.288735475,0.303867863,0.337319703,0.333900879,0.329145875,0.335613209,0.364263863,0.343545106,0.306121641,0.35404926,0.295297193,0.303004039,0.289076319,0.317642881,0.336452353,0.37078828,0.382936293,0.382225567
Turkey,1.45186027,1.64175013,1.69264425,1.787036096,1.940904571,1.991781792,2.09726091,2.294546851,2.258054266,2.529515769,2.779029771,2.912560542,3.000000312,2.933837612,3.189586839,2.909983031,3.156019884,3.320507034,3.509577004,3.731202606,4.070369212,4.381566503,4.274866797,4.327175998,4.505277066,4.826094361,5.058226256,5.086168114,5.213873152,5.75099378,5.967689809
Turkmenistan,--,--,--,--,--,--,0.309030515,0.282667789,0.277089146,0.297824374,0.295451385,0.303063458,0.279911522,0.317732681,0.456109303,0.53482345,0.632008039,0.79506201,0.834422889,0.883418998,0.685333,0.655990332,0.53548356,0.875274447,1.027367088,1.193773636,1.37257232,1.407979321,1.440514209,1.758353822,1.754723973
Turks and Caicos Islands,0,0,0,0,0,0,0,0,0,0.000189097,0.000189615,0.000189097,0.000208008,0.000208008,0.000986417,0.001047253,0.001394542,0.001433999,0.001477453,0.00173818,0.001998907,0.002346543,0.002498634,0.002520361,0.00260727,0.00260727,0.00260727,0.002628997,0.002824542,0.002911,0.003011
Tuvalu,0,0,0,0,0,0,0,0,0,0,0,0,0,0,0,0,0,0,0,0,0,0,0,0,0,0,0,0,0,0,0
U.S. Pacific Islands,0.001940331,0.001939521,0.002621301,0.004198484,0.004410197,0.004411217,0.004108882,0.003885524,0.003885524,0.004098137,0.004108882,0.004098137,0.004098137,0.004098153,0.00414439,0.00414439,0.00414439,0.00414439,0.00414439,0.00414439,0.004238468,0.004238468,0.00425008,0.004238468,0.004956992,0.004238468,0.00425008,0.004238468,0.004238468,0.00423685,0.004235017
U.S. Territories,0,0,0,0,0,0,0,0,0,0,0,0,0,0,0,0,0,0,0,0,0,0,0,0,0,0,0,0,0,0,0
U.S. Virgin Islands,0.042526461,0.042700868,0.041748512,0.041584401,0.041545189,0.041760376,0.042352116,0.04300435,0.04182951,0.041260669,0.040781188,0.040696616,0.040808037,0.041979137,0.132810704,0.192242601,0.19021955,0.223987681,0.229642104,0.224631748,0.239014743,0.223126669,0.129311754,0.112873924,0.102129341,0.067621284,0.038746359,0.020331421,0.041573178,0.041281596,0.034199176
Uganda,0.014984089,0.01375175,0.017763913,0.017759568,0.019483348,0.020613984,0.02332557,0.023516067,0.024323786,0.024521253,0.025546787,0.027144633,0.029047823,0.029114913,0.035321176,0.03600802,0.036902888,0.038914828,0.041458202,0.047127621,0.045719485,0.055154716,0.058010218,0.059248218,0.065365242,0.070769123,0.076577265,0.086241017,0.097802344,0.096202983,0.09891699
Ukraine,--,--,--,--,--,--,9.325390364,8.942847057,7.573769187,7.189940611,6.45521519,6.270106832,6.046929824,6.143308731,5.960808463,5.833630093,6.013540528,6.486928508,5.913346087,5.908607442,6.146809124,6.43870105,6.307273995,4.664220009,5.175662993,5.533708509,5.169661834,4.884570389,4.392599541,3.851992339,3.876943667
United Arab Emirates,0.907272305,1.06888718,1.17094278,1.268123585,1.227335881,1.48782599,1.613355624,1.509681822,1.4888921,1.60472506,1.66964338,1.767974675,1.837839749,1.863559651,2.090242289,2.268944525,2.371151416,2.441749429,2.583086183,2.666077415,2.820830559,3.094548341,3.575799612,3.508989622,3.634073096,4.034112477,3.989046171,4.16395202,4.24040875,4.651111329,4.721282589
United Kingdom,8.994009112,9.045166492,9.115132903,9.140118719,9.291080342,9.593021054,9.517766851,9.658330295,9.681594628,9.708591626,10.23342467,9.821198246,9.864230261,9.897479717,9.904164463,9.977709703,9.843848225,9.900250649,9.93965973,9.910262906,9.806357945,9.458943473,9.352978527,8.818764604,9.187035128,8.616194213,8.754386064,8.7294194,8.27324338,8.354045895,8.264434159
United States,76.59888807,79.00820267,82.65916904,84.73999296,84.4328603,84.38030008,85.72488506,87.26588762,88.98323406,90.93070401,93.93451089,94.50699934,94.92018984,96.54452444,98.70222416,96.06373375,97.53539089,97.83477319,100.0023681,100.1015762,99.39154056,100.8933632,98.75371116,93.94221562,97.51685893,96.85023039,94.38012321,97.11729191,98.27567333,97.37785199,97.32866214
Uruguay,0.113916764,0.121478299,0.11989391,0.104472363,0.134544582,0.119411074,0.137819057,0.14093882,0.139254312,0.123537125,0.129148604,0.141230212,0.176802128,0.158567158,0.164026258,0.17961093,0.159503568,0.160174413,0.154088722,0.166368222,0.151646509,0.179492698,0.190675332,0.19995783,0.207202118,0.202253312,0.20258018,0.210870929,0.215925148,0.221642334,0.22502139
Uzbekistan,--,--,--,--,--,--,1.679776515,2.090318689,1.760939841,1.861438567,1.88028996,1.877987103,1.845796072,1.852092061,1.951019433,2.031010122,2.074707661,2.114121135,2.21909092,2.087493239,2.110907458,2.10921509,2.171332667,1.969716058,1.941769525,2.110196619,2.095044271,1.90909054,2.0912822,1.963911987,1.721464508
Vanuatu,0.001647149,0.001455415,0.00188554,0.001651164,0.001651164,0.001380532,0.000724002,0.000722233,0.000722233,0.000722233,0.000724002,0.000722233,0.000722233,0.000722267,0.001303174,0.001451473,0.00138512,0.001625359,0.00130815,0.001308167,0.001213372,0.001967185,0.001939716,0.002241757,0.002317116,0.002680445,0.00224881,0.002177587,0.002485677,0.002345407,0.002362355
Venezuela,1.88314082,1.919688473,1.931123852,2.055376779,2.081151992,2.212632309,2.221354547,2.296039794,2.434151831,2.472982175,2.572197339,2.66356403,2.814151075,2.644758275,2.732191275,2.996543575,2.855076632,2.629718086,2.962151724,3.00466037,3.168127241,2.991411786,3.173835905,3.111590124,3.10905877,3.135463589,3.399166748,3.217814333,3.057338646,3.06032016,2.697475054
Vietnam,0.223252853,0.253654008,0.25667367,0.258662629,0.278221609,0.304118847,0.318806423,0.339115882,0.389855707,0.457568158,0.543701534,0.604694711,0.635060298,0.706142943,0.740102545,0.849946446,0.954365506,1.021631838,1.159358004,1.287153977,1.361447513,1.482219011,1.683832886,1.803978616,1.956424439,2.153219367,2.29923446,2.368281038,2.590155835,2.823773259,3.109810174
Wake Island,0.018478673,0.018478673,0.018321777,0.018271718,0.017857808,0.017857808,0.018114255,0.018064763,0.018060018,0.018266973,0.018530214,0.018691285,0.018691285,0.018691285,0.018697476,0.018697476,0.019017366,0.019017366,0.019017366,0.018878837,0.01932018,0.01932018,0.019373112,0.01932018,0.019158585,0.01932018,0.019373112,0.01932018,0.01932018,0.01931915,0.01932466
Western Sahara,0.002693074,0.002738025,0.002744544,0.002738025,0.002950637,0.002950637,0.002957739,0.002819158,0.002819158,0.003180113,0.003187844,0.003180113,0.003180113,0.003180153,0.003647336,0.003647336,0.003647336,0.003647336,0.003647336,0.003647336,0.003647336,0.003647336,0.003647336,0.003647336,0.003647336,0.003647336,0.003657328,0.003647336,0.003647336,0.00364424,0.003636017
Yemen,0.14051916,0.139347145,0.14372637,0.153514255,0.16057518,0.166174645,0.174183792,0.14352092,0.13591797,0.150717625,0.151614036,0.156428415,0.169373505,0.12716965,0.205197233,0.220808686,0.222743816,0.255379575,0.269638515,0.284180673,0.283937105,0.301475529,0.316567939,0.350699701,0.340316293,0.28594007,0.247767937,0.349652749,0.330280683,0.178162684,0.142733074
Zambia,0.128626303,0.119220214,0.121619767,0.10459841,0.112435294,0.108187471,0.110980834,0.106103355,0.105530356,0.101400682,0.096460359,0.104354814,0.102180029,0.099123576,0.099615008,0.104252595,0.107795175,0.11168175,0.115025647,0.121075867,0.125178998,0.118208216,0.122212429,0.124282899,0.130269229,0.145937225,0.156837196,0.166310499,0.178504171,0.172743622,0.158811534
Zimbabwe,0.163786035,0.184938093,0.182482572,0.197624775,0.209020859,0.21371582,0.196486645,0.189593691,0.181451067,0.17984206,0.184764597,0.182308361,0.183753024,0.21167263,0.198657565,0.187561346,0.186528625,0.1811947,0.167859104,0.173540534,0.17394342,0.170870349,0.142380883,0.140854773,0.157435469,0.171628087,0.186001476,0.18896955,0.186313529,0.187104178,0.160686017
