Country Name,Country Code,1986,1987,1988,1989,1990,1991,1992,1993,1994,1995,1996,1997,1998,1999,2000,2001,2002,2003,2004,2005,2006,2007,2008,2009,2010,2011,2012,2013,2014,2015,2016
Aruba,ABW,62644.0,61833.0,61079.0,61032.0,62149.0,64622.0,68235.0,72504.0,76700.0,80324.0,83200.0,85451.0,87277.0,89005.0,90853.0,92898.0,94992.0,97017.0,98737.0,100031.0,100834.0,101222.0,101358.0,101455.0,101669.0,102046.0,102560.0,103159.0,103774.0,104341.0,104872.0
Afghanistan,AFG,11736179.0,11604534.0,11618005.0,11868877.0,12412308.0,13299017.0,14485546.0,15816603.0,17075727.0,18110657.0,18853437.0,19357126.0,19737765.0,20170844.0,20779953.0,21606988.0,22600770.0,23680871.0,24726684.0,25654277.0,26433049.0,27100536.0,27722276.0,28394813.0,29185507.0,30117413.0,31161376.0,32269589.0,33370794.0,34413603.0,35383128.0
Angola,AGO,10320111.0,10689250.0,11068050.0,11454777.0,11848386.0,12248901.0,12657366.0,13075049.0,13503747.0,13945206.0,14400719.0,14871570.0,15359601.0,15866869.0,16395473.0,16945753.0,17519417.0,18121479.0,18758145.0,19433602.0,20149901.0,20905363.0,21695634.0,22514281.0,23356246.0,24220661.0,25107931.0,26015780.0,26941779.0,27884381.0,28842484.0
Albania,ALB,3022635.0,3083605.0,3142336.0,3227943.0,3286542.0,3266790.0,3247039.0,3227287.0,3207536.0,3187784.0,3168033.0,3148281.0,3128530.0,3108778.0,3089027.0,3060173.0,3051010.0,3039616.0,3026939.0,3011487.0,2992547.0,2970017.0,2947314.0,2927519.0,2913021.0,2905195.0,2900401.0,2895092.0,2889104.0,2880703.0,2876101.0
Andorra,AND,46517.0,48455.0,50434.0,52448.0,54509.0,56671.0,58888.0,60971.0,62677.0,63850.0,64360.0,64327.0,64142.0,64370.0,65390.0,67341.0,70049.0,73182.0,76244.0,78867.0,80993.0,82684.0,83862.0,84463.0,84449.0,83747.0,82427.0,80774.0,79213.0,78011.0,77297.0
Arab World,ARB,197338142.0,203084971.0,208889682.0,214753970.0,222653373.0,228731685.0,232956352.0,239243261.0,245449409.0,253107289.0,259000953.0,264822188.0,270575803.0,276393837.0,282344154.0,288432163.0,294665185.0,301113849.0,307862843.0,314965793.0,322452754.0,330290716.0,338395961.0,346629220.0,354890042.0,363158703.0,371443547.0,379705717.0,387907747.0,396028278.0,404024435.0
United Arab Emirates,ARE,1446380.0,1533536.0,1627066.0,1725681.0,1828432.0,1937153.0,2052891.0,2173139.0,2294385.0,2415090.0,2539126.0,2671362.0,2813214.0,2966034.0,3134062.0,3302719.0,3478777.0,3711932.0,4068570.0,4588225.0,5300174.0,6168838.0,7089487.0,7917372.0,8549988.0,8946777.0,9141596.0,9197910.0,9214175.0,9262900.0,9360980.0
Argentina,ARG,30698964.0,31184415.0,31668949.0,32148134.0,32618651.0,33079000.0,33529326.0,33970111.0,34402672.0,34828170.0,35246374.0,35657429.0,36063459.0,36467218.0,36870787.0,37275652.0,37681749.0,38087868.0,38491972.0,38892931.0,39289878.0,39684295.0,40080160.0,40482788.0,40788453.0,41261490.0,41733271.0,42202935.0,42669500.0,43131966.0,43590368.0
Armenia,ARM,3392264.0,3451947.0,3504659.0,3536474.0,3538171.0,3505258.0,3442817.0,3363108.0,3283667.0,3217348.0,3168221.0,3133089.0,3108687.0,3089022.0,3069591.0,3050687.0,3033978.0,3017932.0,3000720.0,2981269.0,2958307.0,2932618.0,2907618.0,2888092.0,2877319.0,2876538.0,2884229.0,2897584.0,2912403.0,2925553.0,2936146.0
American Samoa,ASM,41119.0,42740.0,44343.0,45894.0,47347.0,48685.0,49896.0,51020.0,52095.0,53161.0,54211.0,55221.0,56171.0,57053.0,57821.0,58494.0,59080.0,59504.0,59681.0,59562.0,59107.0,58365.0,57492.0,56683.0,56079.0,55759.0,55667.0,55713.0,55791.0,55812.0,55741.0
Antigua and Barbuda,ATG,61754.0,61717.0,61771.0,62008.0,62528.0,63367.0,64471.0,65777.0,67204.0,68670.0,70173.0,71704.0,73224.0,74674.0,76016.0,77212.0,78295.0,79300.0,80336.0,81465.0,82704.0,84026.0,85397.0,86746.0,88028.0,89253.0,90409.0,91516.0,92562.0,93566.0,94527.0
Australia,AUS,16018400.0,16263900.0,16532200.0,16814400.0,17065100.0,17284000.0,17495000.0,17667000.0,17855000.0,18072000.0,18311000.0,18517000.0,18711000.0,18926000.0,19153000.0,19413000.0,19651400.0,19895400.0,20127400.0,20394800.0,20697900.0,20827600.0,21249200.0,21691700.0,22031750.0,22340024.0,22733465.0,23128129.0,23475686.0,23815995.0,24190907.0
Austria,AUT,7569794.0,7574586.0,7585317.0,7619567.0,7677850.0,7754891.0,7840709.0,7905633.0,7936118.0,7948278.0,7959017.0,7968041.0,7976789.0,7992324.0,8011566.0,8042293.0,8081957.0,8121423.0,8171966.0,8227829.0,8268641.0,8295487.0,8321496.0,8343323.0,8363404.0,8391643.0,8429991.0,8479823.0,8546356.0,8642699.0,8736668.0
Azerbaijan,AZE,6778624.0,6893489.0,7010027.0,7126881.0,7159000.0,7271000.0,7382000.0,7495000.0,7597000.0,7685000.0,7763000.0,7838250.0,7913000.0,7982750.0,8048600.0,8111200.0,8171950.0,8234100.0,8306500.0,8391850.0,8484550.0,8581300.0,8763400.0,8947243.0,9054332.0,9173082.0,9295784.0,9416801.0,9535079.0,9649341.0,9757812.0
Burundi,BDI,4886743.0,5027138.0,5168698.0,5307069.0,5438957.0,5564926.0,5685565.0,5798053.0,5898967.0,5987043.0,6060111.0,6122130.0,6185562.0,6267124.0,6378871.0,6525545.0,6704113.0,6909154.0,7131693.0,7364862.0,7607849.0,7862214.0,8126102.0,8397668.0,8675602.0,8958406.0,9245988.0,9540289.0,9844297.0,10160030.0,10487998.0
Belgium,BEL,9861823.0,9870234.0,9901664.0,9937697.0,9967379.0,10004486.0,10045158.0,10084475.0,10115603.0,10136811.0,10156637.0,10181245.0,10203008.0,10226419.0,10251250.0,10286570.0,10332785.0,10376133.0,10421137.0,10478617.0,10547958.0,10625700.0,10709973.0,10796493.0,10895586.0,11038264.0,11106932.0,11159407.0,11209057.0,11274196.0,11331422.0
Benin,BEN,4404506.0,4535263.0,4672852.0,4820016.0,4978496.0,5149499.0,5331803.0,5521763.0,5714220.0,5905558.0,6094259.0,6281639.0,6470265.0,6664098.0,6865951.0,7076733.0,7295394.0,7520555.0,7750004.0,7982225.0,8216897.0,8454793.0,8696921.0,8944708.0,9199259.0,9460830.0,9729248.0,10004588.0,10286842.0,10575952.0,10872067.0
Burkina Faso,BFA,7930694.0,8140073.0,8356305.0,8579823.0,8811034.0,9050084.0,9297113.0,9552476.0,9816588.0,10089878.0,10372745.0,10665546.0,10968724.0,11282701.0,11607942.0,11944587.0,12293100.0,12654621.0,13030569.0,13421930.0,13829176.0,14252021.0,14689725.0,15141098.0,15605217.0,16081911.0,16571246.0,17072775.0,17586017.0,18110624.0,18646378.0
Bangladesh,BGD,93187603.0,95671163.0,98186350.0,100695497.0,103171956.0,105599127.0,107983704.0,110350639.0,112737683.0,115169930.0,117649932.0,120160564.0,122682815.0,125189651.0,127657854.0,130088702.0,132478086.0,134791603.0,136986432.0,139035505.0,140921167.0,142660376.0,144304167.0,145924797.0,147575430.0,149273778.0,151007807.0,152764676.0,154520167.0,156256276.0,157970840.0
Bulgaria,BGR,8958171.0,8971359.0,8981446.0,8876972.0,8718289.0,8632367.0,8540164.0,8472313.0,8443591.0,8406067.0,8362826.0,8312068.0,8256786.0,8210624.0,8170172.0,8009142.0,7837161.0,7775327.0,7716860.0,7658972.0,7601022.0,7545338.0,7492561.0,7444443.0,7395599.0,7348328.0,7305888.0,7265115.0,7223938.0,7177991.0,7127822.0
Bahrain,BHR,433480.0,448971.0,465198.0,481087.0,495931.0,509760.0,523086.0,536210.0,549583.0,563697.0,578666.0,594931.0,613700.0,636541.0,664611.0,697545.0,735146.0,778708.0,829844.0,889164.0,958418.0,1035919.0,1114641.0,1185076.0,1240860.0,1278151.0,1299943.0,1315029.0,1336075.0,1371851.0,1425791.0
"Bahamas, The",BHS,239017.0,243271.0,247451.0,251733.0,256223.0,261008.0,266029.0,271069.0,275846.0,280184.0,283978.0,287358.0,290597.0,294062.0,298051.0,302618.0,307660.0,313129.0,318894.0,324859.0,331033.0,337389.0,343681.0,349604.0,354942.0,359577.0,363584.0,367168.0,370633.0,374206.0,377931.0
Bosnia and Herzegovina,BIH,4435917.0,4479519.0,4509461.0,4507824.0,4463423.0,4369319.0,4233676.0,4078937.0,3936524.0,3829050.0,3764425.0,3736070.0,3734337.0,3743354.0,3751176.0,3755512.0,3759387.0,3762173.0,3764194.0,3765331.0,3765424.0,3762786.0,3754271.0,3735938.0,3705472.0,3661175.0,3604972.0,3542605.0,3482104.0,3429361.0,3386267.0
Belarus,BLR,10043000.0,10111000.0,10140000.0,10170000.0,10189000.0,10194000.0,10216000.0,10239000.0,10227000.0,10194000.0,10160000.0,10117000.0,10069000.0,10026738.0,9979610.0,9928549.0,9865548.0,9796749.0,9730146.0,9663915.0,9604924.0,9560953.0,9527985.0,9506765.0,9490583.0,9473172.0,9464495.0,9465997.0,9474511.0,9489616.0,9501534.0
Belize,BLZ,169568.0,174320.0,179028.0,183469.0,187552.0,191128.0,194324.0,197622.0,201680.0,206963.0,213664.0,221580.0,230244.0,238988.0,247315.0,255063.0,262378.0,269425.0,276504.0,283800.0,291329.0,299025.0,306823.0,314655.0,322464.0,330237.0,338000.0,345715.0,353366.0,360933.0,368400.0
Bermuda,BMU,57382.0,57849.0,58347.0,58841.0,59326.0,59021.0,58595.0,58910.0,59320.0,59746.0,60129.0,60497.0,60943.0,61285.0,61833.0,62504.0,62912.0,63325.0,63740.0,64154.0,64523.0,64888.0,65273.0,65636.0,65124.0,64564.0,64798.0,65001.0,65138.0,65237.0,64554.0
Bolivia,BOL,6309130.0,6442831.0,6580312.0,6721115.0,6864842.0,7011453.0,7160920.0,7312850.0,7466793.0,7622338.0,7779267.0,7937458.0,8096761.0,8257066.0,8418264.0,8580235.0,8742814.0,8905823.0,9069039.0,9232306.0,9395446.0,9558439.0,9721454.0,9884781.0,10048590.0,10212954.0,10377676.0,10542376.0,10706517.0,10869730.0,11031813.0
Brazil,BRA,138108912.0,140891602.0,143627503.0,146328304.0,149003223.0,151648011.0,154259380.0,156849078.0,159432716.0,162019896.0,164614688.0,167209040.0,169785250.0,172318675.0,174790340.0,177196054.0,179537520.0,181809246.0,184006481.0,186127103.0,188167356.0,190130443.0,192030362.0,193886508.0,195713635.0,197514534.0,199287296.0,201035903.0,202763735.0,204471769.0,206163058.0
Barbados,BRB,257107.0,258019.0,258977.0,259957.0,260936.0,261905.0,262886.0,263874.0,264893.0,265955.0,267049.0,268187.0,269336.0,270451.0,271515.0,272500.0,273425.0,274329.0,275284.0,276323.0,277477.0,278700.0,279946.0,281104.0,282131.0,282987.0,283700.0,284296.0,284825.0,285324.0,285796.0
Brunei Darussalam,BRN,230915.0,237563.0,244404.0,251458.0,258721.0,266210.0,273892.0,281681.0,289454.0,297114.0,304622.0,311958.0,319144.0,326210.0,333165.0,340034.0,346782.0,353293.0,359433.0,365114.0,370263.0,374965.0,379421.0,383906.0,388646.0,393688.0,398989.0,404421.0,409769.0,414907.0,419800.0
Bhutan,BTN,478692.0,494312.0,509540.0,522179.0,530804.0,534632.0,534516.0,532596.0,531897.0,534620.0,541465.0,551709.0,564377.0,577881.0,591021.0,603640.0,616018.0,627839.0,638815.0,648739.0,657410.0,664876.0,671613.0,678323.0,685503.0,693298.0,701583.0,710238.0,719056.0,727876.0,736709.0
Botswana,BWA,1110943.0,1154906.0,1200067.0,1244484.0,1286756.0,1326322.0,1363554.0,1399110.0,1434059.0,1469174.0,1504730.0,1540425.0,1575824.0,1610264.0,1643334.0,1674678.0,1704642.0,1734398.0,1765527.0,1799078.0,1835908.0,1875459.0,1915639.0,1953498.0,1987105.0,2015402.0,2039551.0,2062536.0,2088614.0,2120716.0,2159944.0
Central African Republic,CAF,2597761.0,2646840.0,2693973.0,2745734.0,2806734.0,2878509.0,2959236.0,3046149.0,3135015.0,3222656.0,3308233.0,3392436.0,3475492.0,3558014.0,3640427.0,3722018.0,3802128.0,3881181.0,3959875.0,4038382.0,4118069.0,4198010.0,4273366.0,4337625.0,4386768.0,4418636.0,4436415.0,4447942.0,4464175.0,4493170.0,4537687.0
Canada,CAN,26100278.0,26446601.0,26791747.0,27276781.0,27691138.0,28037420.0,28371264.0,28684764.0,29000663.0,29302311.0,29610218.0,29905948.0,30155173.0,30401286.0,30685730.0,31020902.0,31360079.0,31644028.0,31940655.0,32243753.0,32571174.0,32889025.0,33247118.0,33628895.0,34004889.0,34339328.0,34714222.0,35082954.0,35437435.0,35702908.0,36109487.0
Central Europe and the Baltics,CEB,109824166.0,110296425.0,110686740.0,110801640.0,110743128.0,110469467.0,110111454.0,110041924.0,110021594.0,109864246.0,109626194.0,109422013.0,109238340.0,109060951.0,108447824.0,107660041.0,106959751.0,106624167.0,106331716.0,106041911.0,105772481.0,105378748.0,105001883.0,104800475.0,104421447.0,104174038.0,103935318.0,103713726.0,103496179.0,103257886.0,102994278.0
Switzerland,CHE,6504124.0,6545106.0,6593386.0,6646912.0,6715519.0,6799978.0,6875364.0,6938265.0,6993795.0,7040687.0,7071850.0,7088906.0,7110001.0,7143991.0,7184250.0,7229854.0,7284753.0,7339001.0,7389625.0,7437115.0,7483934.0,7551117.0,7647675.0,7743831.0,7824909.0,7912398.0,7996861.0,8089346.0,8188649.0,8282396.0,8373338.0
Channel Islands,CHI,135249.0,136762.0,138245.0,139573.0,140671.0,141467.0,142006.0,142415.0,142863.0,143484.0,144335.0,145373.0,146498.0,147555.0,148443.0,149097.0,149596.0,150068.0,150716.0,151678.0,153008.0,154636.0,156433.0,158178.0,159734.0,160998.0,162056.0,163038.0,164100.0,165385.0,166923.0
Chile,CHL,12445823.0,12642924.0,12847708.0,13058758.0,13274623.0,13495258.0,13719819.0,13944937.0,14166340.0,14380866.0,14587370.0,14786220.0,14977733.0,15162800.0,15342353.0,15516113.0,15684409.0,15849652.0,16014971.0,16182721.0,16354504.0,16530195.0,16708258.0,16886186.0,17062536.0,17233576.0,17400347.0,17571507.0,17758959.0,17969353.0,18209068.0
China,CHN,1066790000.0,1084035000.0,1101630000.0,1118650000.0,1135185000.0,1150780000.0,1164970000.0,1178440000.0,1191835000.0,1204855000.0,1217550000.0,1230075000.0,1241935000.0,1252735000.0,1262645000.0,1271850000.0,1280400000.0,1288400000.0,1296075000.0,1303720000.0,1311020000.0,1317885000.0,1324655000.0,1331260000.0,1337705000.0,1344130000.0,1350695000.0,1357380000.0,1364270000.0,1371220000.0,1378665000.0
Cote d'Ivoire,CIV,10307281.0,10698194.0,11094748.0,11502449.0,11924877.0,12362407.0,12812421.0,13271643.0,13735433.0,14199762.0,14665127.0,15130663.0,15589414.0,16032573.0,16454668.0,16853026.0,17231539.0,17599610.0,17970494.0,18354514.0,18754916.0,19171237.0,19605569.0,20059147.0,20532950.0,21028655.0,21547188.0,22087505.0,22647683.0,23226143.0,23822714.0
Cameroon,CMR,10395480.0,10731064.0,11075422.0,11425800.0,11780088.0,12137912.0,12499499.0,12864090.0,13230984.0,13599988.0,13970813.0,14344449.0,14723768.0,15112592.0,15513945.0,15928910.0,16357602.0,16800865.0,17259322.0,17733410.0,18223674.0,18730282.0,19252666.0,19789919.0,20341241.0,20906388.0,21485266.0,22077298.0,22681858.0,23298368.0,23926539.0
"Congo, Dem. Rep.",COD,30683869.0,31528708.0,32443781.0,33464765.0,34612023.0,35908244.0,37333914.0,38815834.0,40252975.0,41576234.0,42757243.0,43827180.0,44849967.0,45919613.0,47105826.0,48428545.0,49871666.0,51425580.0,53068880.0,54785903.0,56578037.0,58453683.0,60411195.0,62448574.0,64563854.0,66755153.0,69020747.0,71358807.0,73767447.0,76244544.0,78789127.0
"Congo, Rep.",COG,2112361.0,2171321.0,2231465.0,2293166.0,2356737.0,2422305.0,2489952.0,2559873.0,2632345.0,2707537.0,2785810.0,2867280.0,2951647.0,3038433.0,3127411.0,3217933.0,3310387.0,3406922.0,3510468.0,3622775.0,3745141.0,3876119.0,4011486.0,4145391.0,4273731.0,4394844.0,4510198.0,4622761.0,4736974.0,4856095.0,4980999.0
Colombia,COL,30572478.0,31195413.0,31822525.0,32457499.0,33102575.0,33758337.0,34422569.0,35091275.0,35758979.0,36421438.0,37076387.0,37723800.0,38364309.0,38999471.0,39629968.0,40255967.0,40875360.0,41483869.0,42075955.0,42647723.0,43200897.0,43737516.0,44254975.0,44750054.0,45222700.0,45663099.0,46076848.0,46497267.0,46969209.0,47520667.0,48171392.0
Comoros,COM,365760.0,376654.0,387963.0,399632.0,411594.0,423872.0,436448.0,449274.0,462277.0,475394.0,488627.0,501953.0,515385.0,528848.0,542357.0,555888.0,569479.0,583211.0,597228.0,611627.0,626425.0,641620.0,657229.0,673252.0,689692.0,706569.0,723871.0,741505.0,759390.0,777424.0,795592.0
Cabo Verde,CPV,316616.0,321135.0,325746.0,331179.0,337950.0,346230.0,355757.0,366053.0,376407.0,386284.0,395533.0,404259.0,412514.0,420452.0,428188.0,435709.0,442951.0,449930.0,456617.0,463032.0,469170.0,475060.0,480842.0,486671.0,492654.0,498856.0,505235.0,511748.0,518269.0,524743.0,531146.0
Costa Rica,CRI,2810242.0,2884851.0,2960929.0,3039013.0,3119433.0,3202085.0,3286520.0,3372298.0,3458834.0,3545534.0,3632362.0,3718949.0,3803887.0,3885430.0,3962372.0,4034074.0,4100925.0,4164053.0,4225155.0,4285502.0,4345412.0,4404628.0,4463125.0,4520740.0,4577378.0,4633086.0,4688000.0,4742107.0,4795396.0,4847804.0,4899345.0
Caribbean small states,CSS,5855443.0,5894827.0,5930179.0,5967018.0,6009251.0,6058308.0,6112815.0,6170351.0,6227335.0,6281190.0,6331280.0,6378552.0,6423827.0,6468476.0,6513485.0,6559096.0,6604965.0,6650971.0,6696953.0,6742717.0,6788123.0,6833393.0,6878978.0,6925452.0,6973206.0,7022387.0,7072665.0,7123332.0,7173435.0,7222212.0,7269386.0
Cuba,CUB,10183899.0,10286643.0,10397511.0,10503972.0,10596987.0,10673542.0,10736387.0,10789306.0,10838462.0,10888252.0,10939293.0,10989732.0,11038692.0,11084670.0,11126430.0,11164667.0,11199651.0,11229183.0,11250365.0,11261582.0,11261248.0,11251122.0,11236971.0,11226709.0,11225832.0,11236670.0,11257101.0,11282720.0,11306902.0,11324781.0,11335109.0
Curacao,CUW,152662.0,151456.0,149254.0,146937.0,145400.0,144403.0,143912.0,144299.0,144630.0,145139.0,146306.0,146956.0,144472.0,139428.0,133860.0,129047.0,129205.0,131897.0,134192.0,137658.0,141239.0,144056.0,145880.0,146833.0,148703.0,150831.0,152088.0,153822.0,155909.0,157980.0,159664.0
Cayman Islands,CYM,20430.0,21544.0,22761.0,24039.0,25312.0,26544.0,27780.0,29069.0,30514.0,32166.0,34065.0,36156.0,38329.0,40420.0,42303.0,43935.0,45351.0,46632.0,47902.0,49261.0,50740.0,52280.0,53836.0,55322.0,56672.0,57878.0,58958.0,59932.0,60848.0,61724.0,62569.0
Cyprus,CYP,712340.0,723376.0,736474.0,751047.0,766615.0,783124.0,800611.0,818746.0,837110.0,855383.0,873423.0,891190.0,908702.0,926046.0,943290.0,960276.0,976964.0,993563.0,1010408.0,1027662.0,1045507.0,1063713.0,1081563.0,1098083.0,1112612.0,1124833.0,1135046.0,1143866.0,1152285.0,1160985.0,1170187.0
Czech Republic,CZE,10342227.0,10347318.0,10355276.0,10361068.0,10333355.0,10308578.0,10319123.0,10329855.0,10333587.0,10327253.0,10315241.0,10304131.0,10294373.0,10283860.0,10255063.0,10216605.0,10196916.0,10193998.0,10197101.0,10211216.0,10238905.0,10298828.0,10384603.0,10443936.0,10474410.0,10496088.0,10510785.0,10514272.0,10525347.0,10546059.0,10566332.0
Germany,DEU,77720436.0,77839920.0,78144619.0,78751283.0,79433029.0,80013896.0,80624598.0,81156363.0,81438348.0,81678051.0,81914831.0,82034771.0,82047195.0,82100243.0,82211508.0,82349925.0,82488495.0,82534176.0,82516260.0,82469422.0,82376451.0,82266372.0,82110097.0,81902307.0,81776930.0,80274983.0,80425823.0,80645605.0,80982500.0,81686611.0,82348669.0
Djibouti,DJI,454361.0,490330.0,528999.0,563864.0,590398.0,606844.0,615054.0,618495.0,622366.0,630388.0,643654.0,660863.0,680463.0,699975.0,717584.0,733015.0,746942.0,759641.0,771603.0,783254.0,794563.0,805451.0,816358.0,827823.0,840198.0,853674.0,868136.0,883293.0,898696.0,913993.0,929112.0
Dominica,DMA,72533.0,71842.0,71208.0,70723.0,70419.0,70374.0,70544.0,70831.0,71043.0,71098.0,70936.0,70599.0,70185.0,69835.0,69650.0,69661.0,69837.0,70100.0,70382.0,70589.0,70718.0,70795.0,70827.0,70851.0,70878.0,70916.0,70965.0,71016.0,71085.0,71183.0,71307.0
Denmark,DNK,5120534.0,5127024.0,5129516.0,5132594.0,5140939.0,5154298.0,5171370.0,5188628.0,5206180.0,5233373.0,5263074.0,5284991.0,5304219.0,5321799.0,5339616.0,5358783.0,5375931.0,5390574.0,5404523.0,5419432.0,5437272.0,5461438.0,5493621.0,5523095.0,5547683.0,5570572.0,5591572.0,5614932.0,5643475.0,5683483.0,5728010.0
Dominican Republic,DOM,6596962.0,6729933.0,6863441.0,6997888.0,7133494.0,7270409.0,7408342.0,7546463.0,7683707.0,7819247.0,7952763.0,8084407.0,8214426.0,8343283.0,8471321.0,8598601.0,8724975.0,8850317.0,8974444.0,9097257.0,9218686.0,9338861.0,9458075.0,9576737.0,9695121.0,9813210.0,9930911.0,10048224.0,10165178.0,10281680.0,10397743.0
Algeria,DZA,23102389.0,23774284.0,24443467.0,25106190.0,25758869.0,26400479.0,27028326.0,27635515.0,28213774.0,28757785.0,29266405.0,29742979.0,30192754.0,30623406.0,31042235.0,31451514.0,31855109.0,32264157.0,32692163.0,33149724.0,33641002.0,34166972.0,34730608.0,35333881.0,35977455.0,36661444.0,37383887.0,38140132.0,38923687.0,39728025.0,40551404.0
East Asia & Pacific (excluding high income),EAP,1500310487.0,1526774406.0,1553548245.0,1579666238.0,1605187670.0,1629631635.0,1652528229.0,1674580231.0,1696464141.0,1717901684.0,1738949813.0,1759750579.0,1779788443.0,1798639541.0,1816455805.0,1833423014.0,1849607538.0,1865132706.0,1880248895.0,1895275474.0,1909891462.0,1924018226.0,1938057249.0,1952017409.0,1965954304.0,1980035609.0,1994391099.0,2008921191.0,2023597462.0,2038190036.0,2053103802.0
Early-demographic dividend,EAR,1847526569.0,1892336374.0,1937278910.0,1982160371.0,2028993607.0,2073591146.0,2117785722.0,2161761711.0,2205758894.0,2249993940.0,2294576679.0,2339379434.0,2384127942.0,2428606153.0,2472852823.0,2516662236.0,2560101452.0,2603300736.0,2646483565.0,2689792049.0,2733278836.0,2776922496.0,2820636595.0,2864298834.0,2907916913.0,2951429048.0,2994364053.0,3037111086.0,3079708546.0,3122156912.0,3164386917.0
East Asia & Pacific,EAS,1710989831.0,1739071545.0,1767429690.0,1795159128.0,1822193192.0,1848222188.0,1872480731.0,1895897521.0,1919359723.0,1942431457.0,1965146504.0,1987315562.0,2008705489.0,2028650274.0,2047640119.0,2065912076.0,2083186112.0,2099602439.0,2115458616.0,2131146832.0,2146744075.0,2161785573.0,2177119142.0,2192059415.0,2206884624.0,2221673110.0,2236819053.0,2252046977.0,2267482299.0,2282855831.0,2298486142.0
Europe & Central Asia (excluding high income),ECA,348642871.0,352277839.0,355779850.0,358915230.0,361175670.0,363435421.0,365331302.0,366703368.0,367495486.0,367887319.0,368313051.0,368734967.0,369018877.0,369023434.0,369143668.0,369183312.0,369278345.0,369597930.0,370083723.0,370632537.0,371318140.0,372332605.0,373751805.0,375674687.0,377835769.0,380165082.0,382509766.0,385088778.0,387660810.0,390295673.0,392870484.0
Europe & Central Asia,ECS,822470024.0,827505323.0,832553366.0,837438580.0,841520445.0,845398091.0,848877903.0,851923757.0,854031998.0,855490651.0,856856889.0,858164737.0,859297753.0,860319225.0,861278548.0,862347940.0,863936840.0,866215690.0,868808156.0,871456632.0,874157201.0,877300672.0,880829122.0,884469375.0,887926820.0,890162706.0,893788642.0,898060416.0,902406816.0,906707416.0,910904758.0
Ecuador,ECU,9292474.0,9522360.0,9755579.0,9991870.0,10230934.0,10472475.0,10716129.0,10961466.0,11208001.0,11455204.0,11703174.0,11951452.0,12198449.0,12442115.0,12681123.0,12914667.0,13143465.0,13369678.0,13596388.0,13825847.0,14059384.0,14296557.0,14535739.0,14774424.0,15011117.0,15243883.0,15474102.0,15707474.0,15951838.0,16212020.0,16491115.0
"Egypt, Arab Rep.",EGY,50602354.0,51991700.0,53399246.0,54788685.0,56134475.0,57424549.0,58666814.0,59880658.0,61095804.0,62334034.0,63601629.0,64892270.0,66200269.0,67515591.0,68831561.0,70152661.0,71485043.0,72826097.0,74172073.0,75523569.0,76873663.0,78232126.0,79636079.0,81134798.0,82761235.0,84529250.0,86422240.0,88404640.0,90424654.0,92442547.0,94447072.0
Euro area,EMU,306640638.0,307488390.0,308516473.0,309837592.0,311262588.0,312708137.0,314162058.0,315449099.0,316366779.0,317181448.0,318003015.0,318761762.0,319433981.0,320258898.0,321310791.0,322547874.0,324125336.0,325885964.0,327682505.0,329380417.0,330922789.0,332645165.0,334274725.0,335360890.0,336151479.0,335419643.0,336159194.0,337302113.0,338462222.0,339488380.0,340481753.0
Spain,ESP,38584624.0,38684815.0,38766939.0,38827764.0,38867322.0,38966376.0,39157685.0,39361262.0,39549108.0,39724050.0,39889852.0,40057389.0,40223509.0,40386875.0,40567864.0,40850412.0,41431558.0,42187645.0,42921895.0,43653155.0,44397319.0,45226803.0,45954106.0,46362946.0,46576897.0,46742697.0,46773055.0,46620045.0,46480882.0,46444832.0,46484062.0
Estonia,EST,1540190.0,1552221.0,1561900.0,1568131.0,1569174.0,1561314.0,1533091.0,1494128.0,1462514.0,1436634.0,1415594.0,1399535.0,1386156.0,1390244.0,1396985.0,1388115.0,1379350.0,1370720.0,1362550.0,1354775.0,1346810.0,1340680.0,1337090.0,1334515.0,1331475.0,1327439.0,1322696.0,1317997.0,1314545.0,1315407.0,1315790.0
Ethiopia,ETH,41965693.0,43329231.0,44757203.0,46272299.0,47887865.0,49609969.0,51423585.0,53295566.0,55180998.0,57047908.0,58883530.0,60697443.0,62507724.0,64343013.0,66224804.0,68159423.0,70142091.0,72170584.0,74239505.0,76346311.0,78489206.0,80674348.0,82916235.0,85233913.0,87639964.0,90139927.0,92726971.0,95385785.0,98094253.0,100835458.0,103603501.0
European Union,EUU,415076369.0,416301856.0,417653043.0,419073156.0,420477979.0,421730525.0,422963892.0,424341130.0,425399124.0,426203343.0,426896863.0,427538058.0,428109863.0,428815493.0,429328624.0,429895628.0,430881944.0,432415939.0,434040236.0,435581949.0,436998049.0,438468400.0,439876674.0,440917800.0,441532412.0,440746976.0,441395932.0,442469471.0,443576663.0,444543759.0,445487728.0
Fragile and conflict affected situations,FCS,335239402.0,343415856.0,351924856.0,360897419.0,372396241.0,382637815.0,393457409.0,404641095.0,415886665.0,426987157.0,437852730.0,448573338.0,459140396.0,469945426.0,481415091.0,493531246.0,506165557.0,519241843.0,532634908.0,546253003.0,560082826.0,574141732.0,588463731.0,603084255.0,618029522.0,633349420.0,649019820.0,664904231.0,680813822.0,696641764.0,712328811.0
Finland,FIN,4918154.0,4932123.0,4946481.0,4964371.0,4986431.0,5013740.0,5041992.0,5066447.0,5088333.0,5107790.0,5124573.0,5139835.0,5153498.0,5165474.0,5176209.0,5188008.0,5200598.0,5213014.0,5228172.0,5246096.0,5266268.0,5288720.0,5313399.0,5338871.0,5363352.0,5388272.0,5413971.0,5438972.0,5461512.0,5479531.0,5495303.0
Fiji,FJI,718639.0,721783.0,722930.0,724594.0,728573.0,735401.0,744469.0,754963.0,765609.0,775425.0,784386.0,792736.0,800157.0,806303.0,811006.0,813925.0,815257.0,816076.0,817860.0,821604.0,827870.0,836190.0,845361.0,853637.0,859818.0,863449.0,865069.0,865608.0,866453.0,868627.0,872399.0
France,FRA,56976123.0,57302663.0,57627105.0,57940212.0,58235697.0,58559311.0,58851217.0,59106768.0,59327192.0,59541899.0,59753100.0,59964851.0,60186288.0,60496718.0,60912500.0,61357430.0,61805267.0,62244886.0,62704895.0,63179351.0,63621381.0,64016225.0,64374984.0,64707040.0,65027507.0,65342780.0,65659809.0,65998687.0,66312067.0,66548272.0,66724104.0
Faroe Islands,FRO,45818.0,46349.0,46830.0,47166.0,47274.0,47120.0,46739.0,46266.0,45856.0,45625.0,45615.0,45796.0,46096.0,46436.0,46735.0,46997.0,47233.0,47432.0,47600.0,47722.0,47792.0,47825.0,47820.0,47808.0,47814.0,47823.0,47843.0,47892.0,47960.0,48051.0,48173.0
"Micronesia, Fed. Sts.",FSM,87905.0,89979.0,91985.0,94057.0,96301.0,98770.0,101389.0,103915.0,106030.0,107529.0,108321.0,108480.0,108208.0,107781.0,107402.0,107173.0,107030.0,106901.0,106625.0,106129.0,105371.0,104444.0,103543.0,102975.0,102911.0,103450.0,104506.0,105926.0,107446.0,108895.0,110215.0
Gabon,GAB,850048.0,873867.0,898469.0,923711.0,949488.0,975783.0,1002579.0,1029778.0,1057255.0,1084946.0,1112955.0,1141338.0,1170061.0,1199052.0,1228360.0,1258003.0,1288315.0,1319953.0,1353795.0,1390549.0,1430152.0,1472575.0,1518540.0,1568928.0,1624140.0,1684635.0,1749682.0,1817071.0,1883800.0,1947686.0,2007873.0
United Kingdom,GBR,56681396.0,56802050.0,56928327.0,57076711.0,57247586.0,57424897.0,57580402.0,57718614.0,57865745.0,58019030.0,58166950.0,58316954.0,58487141.0,58682466.0,58892514.0,59119673.0,59370479.0,59647577.0,59987905.0,60401206.0,60846820.0,61322463.0,61806995.0,62276270.0,62766365.0,63258810.0,63700215.0,64128273.0,64602298.0,65116219.0,65611593.0
Georgia,GEO,4704500.0,4743500.0,4790700.0,4803300.0,4802000.0,4835900.0,4873500.0,4911100.0,4836076.0,4657722.0,4491699.0,4349913.0,4243607.0,4157192.0,4077131.0,4014373.0,3978515.0,3951736.0,3927340.0,3902469.0,3880347.0,3860158.0,3848449.0,3814419.0,3786695.0,3756441.0,3728874.0,3717668.0,3719414.0,3725276.0,3727505.0
Ghana,GHA,13164837.0,13552021.0,13947042.0,14353410.0,14773277.0,15207367.0,15653336.0,16106765.0,16561674.0,17014057.0,17462496.0,17908985.0,18357156.0,18812359.0,19278856.0,19756928.0,20246381.0,20750299.0,21272323.0,21814642.0,22379055.0,22963946.0,23563825.0,24170940.0,24779619.0,25387710.0,25996449.0,26607642.0,27224472.0,27849205.0,28481946.0
Gibraltar,GIB,29094.0,29115.0,29159.0,29187.0,29147.0,29022.0,28840.0,28675.0,28602.0,28692.0,28971.0,29408.0,29947.0,30529.0,31077.0,31602.0,32102.0,32555.0,32928.0,33219.0,33417.0,33517.0,33559.0,33565.0,33585.0,33612.0,33646.0,33692.0,33725.0,33736.0,33737.0
Guinea,GIN,5629418.0,5801326.0,5982486.0,6167475.0,6352283.0,6534939.0,6716038.0,6897166.0,7081116.0,7269625.0,7463782.0,7662075.0,7860781.0,8054743.0,8240730.0,8417081.0,8586074.0,8753093.0,8925743.0,9109581.0,9307425.0,9518162.0,9738792.0,9964469.0,10192176.0,10420471.0,10652029.0,10892810.0,11150977.0,11432088.0,11738441.0
"Gambia, The",GMB,791147.0,831023.0,873444.0,915635.0,955593.0,992673.0,1027475.0,1060862.0,1094212.0,1128575.0,1164091.0,1200526.0,1238125.0,1277133.0,1317703.0,1360074.0,1404261.0,1449925.0,1496527.0,1543741.0,1591445.0,1639848.0,1689285.0,1740279.0,1793196.0,1848147.0,1905011.0,1963711.0,2024042.0,2085860.0,2149139.0
Guinea-Bissau,GNB,892522.0,912754.0,933045.0,953790.0,975261.0,997522.0,1020350.0,1043423.0,1066346.0,1088854.0,1110833.0,1132510.0,1154371.0,1177131.0,1201301.0,1227106.0,1254453.0,1283305.0,1313492.0,1344930.0,1377581.0,1411543.0,1446936.0,1483921.0,1522599.0,1562989.0,1604979.0,1648257.0,1692439.0,1737202.0,1782437.0
Equatorial Guinea,GNQ,369023.0,382981.0,394961.0,406620.0,419188.0,432853.0,447266.0,462637.0,479098.0,496768.0,515853.0,536460.0,558492.0,581770.0,606181.0,631666.0,658384.0,686664.0,716949.0,749535.0,784496.0,821687.0,860840.0,901599.0,943639.0,986853.0,1031191.0,1076413.0,1122276.0,1168568.0,1215179.0
Greece,GRC,9967213.0,10000595.0,10036983.0,10089498.0,10196792.0,10319927.0,10399061.0,10460415.0,10512922.0,10562153.0,10608800.0,10661259.0,10720509.0,10761698.0,10805808.0,10862132.0,10902022.0,10928070.0,10955141.0,10987314.0,11020362.0,11048473.0,11077841.0,11107017.0,11121341.0,11104899.0,11045011.0,10965211.0,10892413.0,10820883.0,10775971.0
Grenada,GRD,100191.0,99436.0,98120.0,96924.0,96331.0,96460.0,97165.0,98230.0,99352.0,100288.0,101001.0,101567.0,102021.0,102432.0,102833.0,103249.0,103634.0,104005.0,104347.0,104661.0,104933.0,105190.0,105456.0,105789.0,106233.0,106796.0,107446.0,108170.0,108902.0,109599.0,110261.0
Greenland,GRL,53500.0,54100.0,54800.0,55300.0,55600.0,55500.0,55300.0,55200.0,55500.0,55800.0,55900.0,56000.0,56100.0,56100.0,56200.0,56350.0,56609.0,56765.0,56911.0,56935.0,56774.0,56555.0,56328.0,56323.0,56905.0,56890.0,56810.0,56483.0,56295.0,56114.0,56186.0
Guatemala,GTM,8104921.0,8332446.0,8566331.0,8805995.0,9050115.0,9296814.0,9544055.0,9790619.0,10037522.0,10286786.0,10536942.0,10788362.0,11046215.0,11311078.0,11589761.0,11871565.0,12147518.0,12415334.0,12682108.0,12948292.0,13213330.0,13477017.0,13739299.0,14000190.0,14259687.0,14521515.0,14781942.0,15043981.0,15306316.0,15567419.0,15827690.0
Guam,GUM,119232.0,121919.0,124673.0,127522.0,130482.0,133558.0,136692.0,139818.0,142802.0,145561.0,148060.0,150303.0,152277.0,153953.0,155329.0,156401.0,157176.0,157717.0,158101.0,158402.0,158648.0,158847.0,159036.0,159226.0,159444.0,159692.0,159996.0,160407.0,161016.0,161853.0,162951.0
Guyana,GUY,764446.0,757448.0,750639.0,745585.0,743309.0,744474.0,748602.0,754144.0,758896.0,761291.0,760795.0,757970.0,753778.0,749674.0,746715.0,745206.0,744789.0,745143.0,745737.0,746163.0,746343.0,746474.0,746817.0,747718.0,749436.0,752028.0,755399.0,759285.0,763380.0,767432.0,771366.0
High income,HIC,999310957.0,1006177585.0,1013181818.0,1020618218.0,1028439321.0,1036687788.0,1042741821.0,1050717710.0,1058314874.0,1067201834.0,1074336737.0,1081272105.0,1088081931.0,1094816047.0,1101479757.0,1108227429.0,1115120727.0,1122162867.0,1129635680.0,1137301501.0,1145660105.0,1154287221.0,1163465951.0,1171805563.0,1179329063.0,1184722247.0,1191504227.0,1198364441.0,1205404809.0,1212252369.0,1219052239.0
"Hong Kong SAR, China",HKG,5524600.0,5580500.0,5627600.0,5686200.0,5704500.0,5752000.0,5800500.0,5901000.0,6035400.0,6156100.0,6435500.0,6489300.0,6543700.0,6606500.0,6665000.0,6714300.0,6744100.0,6730800.0,6783500.0,6813200.0,6857100.0,6916300.0,6957800.0,6972800.0,7024200.0,7071600.0,7150100.0,7178900.0,7229500.0,7291300.0,7336600.0
Honduras,HND,4410269.0,4542214.0,4677024.0,4814702.0,4955303.0,5098591.0,5244678.0,5394412.0,5548960.0,5709014.0,5874809.0,6045699.0,6220406.0,6397151.0,6574509.0,6751912.0,6929265.0,7106319.0,7282953.0,7458985.0,7634298.0,7808518.0,7980955.0,8150775.0,8317470.0,8480671.0,8640691.0,8798521.0,8955589.0,9112916.0,9270795.0
Heavily indebted poor countries (HIPC),HPC,316358131.0,325095184.0,334249178.0,343887505.0,354047260.0,364782185.0,376055904.0,387705076.0,399503946.0,411298620.0,423019190.0,434736174.0,446608340.0,458867402.0,471680794.0,485112686.0,499113575.0,513601239.0,528444632.0,543555326.0,558909236.0,574560260.0,590590368.0,607115564.0,624219326.0,641921311.0,660193774.0,679012664.0,698336451.0,718128416.0,738387254.0
Croatia,HRV,4721446.0,4739745.0,4755207.0,4767260.0,4777368.0,4689022.0,4575818.0,4600463.0,4652024.0,4620030.0,4557097.0,4534920.0,4532135.0,4512597.0,4468302.0,4299642.0,4302174.0,4303399.0,4304600.0,4310145.0,4311159.0,4310217.0,4309705.0,4305181.0,4295427.0,4280622.0,4267558.0,4255689.0,4238389.0,4203604.0,4174349.0
Haiti,HTI,6478541.0,6618744.0,6758223.0,6897755.0,7037917.0,7178607.0,7319493.0,7460689.0,7602320.0,7744503.0,7887304.0,8030726.0,8174680.0,8319057.0,8463806.0,8608819.0,8754150.0,8900104.0,9047077.0,9195288.0,9344785.0,9495328.0,9646580.0,9798046.0,9949322.0,10100320.0,10250930.0,10400673.0,10549008.0,10695542.0,10839970.0
Hungary,HUN,10630564.0,10612741.0,10596487.0,10481719.0,10373988.0,10373400.0,10369341.0,10357523.0,10343355.0,10328965.0,10311238.0,10290486.0,10266570.0,10237530.0,10210971.0,10187576.0,10158608.0,10129552.0,10107146.0,10087065.0,10071370.0,10055780.0,10038188.0,10022650.0,10000023.0,9971727.0,9920362.0,9893082.0,9866468.0,9843028.0,9814023.0
IBRD only,IBD,3234352889.0,3294789958.0,3355391536.0,3414926061.0,3472779206.0,3529271857.0,3583653517.0,3636903390.0,3689394014.0,3740821087.0,3791695545.0,3842265420.0,3892058658.0,3940459765.0,3987195304.0,4032822516.0,4077663878.0,4122166248.0,4166322559.0,4210325712.0,4253873152.0,4296873746.0,4340024690.0,4383703296.0,4427061912.0,4471056276.0,4515492025.0,4560256590.0,4604835324.0,4648915927.0,4692789458.0
IDA & IBRD total,IBT,3981206555.0,4062409115.0,4144329629.0,4225751619.0,4306143231.0,4385562563.0,4463427780.0,4540549133.0,4617186584.0,4693043488.0,4768632551.0,4844173043.0,4919045853.0,4992708134.0,5065364308.0,5137401888.0,5209100117.0,5280932634.0,5352930964.0,5425296741.0,5497791209.0,5570347419.0,5643601090.0,5717826463.0,5792408554.0,5867932480.0,5943961722.0,6020879645.0,6098336986.0,6176134815.0,6254594188.0
IDA total,IDA,746853666.0,767619157.0,788938093.0,810825558.0,833364025.0,856290706.0,879774263.0,903645743.0,927792570.0,952222401.0,976937006.0,1001907623.0,1026987195.0,1052248369.0,1078169004.0,1104579372.0,1131436239.0,1158766386.0,1186608405.0,1214971029.0,1243918057.0,1273473673.0,1303576400.0,1334123167.0,1365346642.0,1396876204.0,1428469697.0,1460623055.0,1493501662.0,1527218888.0,1561804730.0
IDA blend,IDB,248127801.0,255551896.0,263097485.0,270718948.0,278496626.0,286142505.0,293874927.0,301679813.0,309568081.0,317616103.0,325908651.0,334399200.0,342980958.0,351519907.0,360173360.0,368820681.0,377512127.0,386309896.0,395320114.0,404615758.0,414232526.0,424192635.0,434469613.0,444998521.0,456049562.0,467268096.0,478336539.0,489626543.0,501147849.0,512877243.0,524790731.0
Indonesia,IDN,168374287.0,171702763.0,174975954.0,178209150.0,181413402.0,184591903.0,187739786.0,190851175.0,193917462.0,196934260.0,199901228.0,202826446.0,205724592.0,208615169.0,211513823.0,214427417.0,217357793.0,220309469.0,223285676.0,226289470.0,229318262.0,232374245.0,235469762.0,238620563.0,241834215.0,245116206.0,248452413.0,251806402.0,255129004.0,258383256.0,261554226.0
IDA only,IDX,498725865.0,512067261.0,525840608.0,540106610.0,554867399.0,570148201.0,585899336.0,601965930.0,618224489.0,634606298.0,651028355.0,667508423.0,684006237.0,700728462.0,717995644.0,735758691.0,753924112.0,772456490.0,791288291.0,810355271.0,829685531.0,849281038.0,869106787.0,889124646.0,909297080.0,929608108.0,950133158.0,970996512.0,992353813.0,1014341645.0,1037013999.0
Isle of Man,IMN,65198.0,66471.0,67926.0,69267.0,70298.0,70932.0,71254.0,71428.0,71661.0,72131.0,72878.0,73850.0,74943.0,76001.0,76941.0,77703.0,78318.0,78884.0,79520.0,80305.0,81285.0,82408.0,83508.0,84376.0,84857.0,84886.0,84533.0,83976.0,83488.0,83234.0,83287.0
India,IND,801975244.0,819682102.0,837468930.0,855334678.0,873277798.0,891273209.0,909307016.0,927403860.0,945601831.0,963922588.0,982365243.0,1000900030.0,1019483581.0,1038058156.0,1056575549.0,1075000085.0,1093317189.0,1111523144.0,1129623456.0,1147609927.0,1165486291.0,1183209472.0,1200669765.0,1217726215.0,1234281170.0,1250288729.0,1265782790.0,1280846129.0,1295604184.0,1310152403.0,1324509589.0
Ireland,IRL,3539690.0,3540057.0,3524949.0,3511009.0,3513974.0,3534235.0,3558430.0,3576261.0,3590386.0,3608841.0,3637510.0,3674171.0,3712696.0,3754786.0,3805174.0,3866243.0,3931947.0,3996521.0,4070262.0,4159914.0,4273591.0,4398942.0,4489544.0,4535375.0,4560155.0,4580084.0,4599533.0,4623816.0,4657740.0,4701957.0,4755335.0
"Iran, Islamic Rep.",IRN,49260255.0,51193782.0,53077313.0,54822003.0,56366217.0,57679034.0,58780370.0,59723764.0,60590614.0,61442664.0,62294920.0,63136312.0,63971836.0,64800880.0,65623405.0,66449112.0,67284796.0,68122938.0,68951281.0,69762347.0,70554760.0,71336475.0,72120604.0,72924837.0,73762519.0,74634956.0,75539862.0,76481943.0,77465753.0,78492215.0,79564016.0
Iraq,IRQ,15909762.0,16257070.0,16612322.0,16994948.0,17419113.0,17889459.0,18402734.0,18955085.0,19539340.0,20149338.0,20783073.0,21439574.0,22114324.0,22802064.0,23497585.0,24208180.0,24931919.0,25644499.0,26313838.0,26922284.0,27448124.0,27911248.0,28385746.0,28973162.0,29741976.0,30725300.0,31890011.0,33157050.0,34411951.0,35572261.0,36610632.0
Iceland,ISL,243180.0,245859.0,249740.0,252852.0,254826.0,257797.0,261057.0,263725.0,266021.0,267468.0,268916.0,271128.0,274047.0,277381.0,281205.0,284968.0,287523.0,289521.0,292074.0,296734.0,303782.0,311566.0,317414.0,318499.0,318041.0,319014.0,320716.0,323764.0,327386.0,330815.0,335439.0
Israel,ISR,4299000.0,4369000.0,4442000.0,4518000.0,4660000.0,4949000.0,5123000.0,5261000.0,5399000.0,5545000.0,5692000.0,5836000.0,5971000.0,6125000.0,6289000.0,6439000.0,6570000.0,6689700.0,6809000.0,6930100.0,7053700.0,7180100.0,7308800.0,7485600.0,7623600.0,7765800.0,7910500.0,8059500.0,8215700.0,8380100.0,8546000.0
Italy,ITA,56596155.0,56601931.0,56629288.0,56671781.0,56719240.0,56758521.0,56797087.0,56831821.0,56843400.0,56844303.0,56860281.0,56890372.0,56906744.0,56916317.0,56942108.0,56974100.0,57059007.0,57313203.0,57685327.0,57969484.0,58143979.0,58438310.0,58826731.0,59095365.0,59277417.0,59379449.0,59539717.0,60233948.0,60789140.0,60730582.0,60627498.0
Jamaica,JAM,2358161.0,2375393.0,2389411.0,2403464.0,2419906.0,2439334.0,2461049.0,2484581.0,2509043.0,2533711.0,2558637.0,2583916.0,2608873.0,2632675.0,2654701.0,2674702.0,2692845.0,2709437.0,2725015.0,2740003.0,2754407.0,2768227.0,2781876.0,2795837.0,2810460.0,2825929.0,2842132.0,2858709.0,2875136.0,2891021.0,2906238.0
Jordan,JOR,3015299.0,3131796.0,3256558.0,3399330.0,3565890.0,3760496.0,3977672.0,4201555.0,4410359.0,4588843.0,4732854.0,4848541.0,4943975.0,5031762.0,5122493.0,5217336.0,5317506.0,5434030.0,5580244.0,5765635.0,5991540.0,6255280.0,6556478.0,6893260.0,7261539.0,7663131.0,8090872.0,8520420.0,8920049.0,9266575.0,9551467.0
Japan,JPN,121492000.0,122091000.0,122613000.0,123116000.0,123537000.0,123921000.0,124229000.0,124536000.0,124961000.0,125439000.0,125757000.0,126057000.0,126400000.0,126631000.0,126843000.0,127149000.0,127445000.0,127718000.0,127761000.0,127773000.0,127854000.0,128001000.0,128063000.0,128047000.0,128070000.0,127833000.0,127629000.0,127445000.0,127276000.0,127141000.0,126994511.0
Kazakhstan,KAZ,15852525.0,16039251.0,16206002.0,16249500.0,16348000.0,16450500.0,16439095.0,16330419.0,16095199.0,15815626.0,15577894.0,15333703.0,15071300.0,14928426.0,14883626.0,14858335.0,14858948.0,14909018.0,15012985.0,15147029.0,15308084.0,15484192.0,15674000.0,16092822.0,16321872.0,16557201.0,16792089.0,17035550.0,17288285.0,17542806.0,17794055.0
Kenya,KEN,20622560.0,21382112.0,22153676.0,22935092.0,23724579.0,24521703.0,25326078.0,26136216.0,26950513.0,27768296.0,28589451.0,29415659.0,30250488.0,31098757.0,31964557.0,32848564.0,33751739.0,34678779.0,35635271.0,36624895.0,37649033.0,38705932.0,39791981.0,40901792.0,42030676.0,43178257.0,44343410.0,45519889.0,46699981.0,47878336.0,49051686.0
Kyrgyz Republic,KGZ,4066500.0,4144600.0,4218400.0,4307500.0,4391200.0,4463600.0,4515400.0,4516700.0,4515100.0,4560400.0,4628400.0,4696400.0,4769000.0,4840400.0,4898400.0,4945100.0,4990700.0,5043300.0,5104700.0,5162600.0,5218400.0,5268400.0,5318700.0,5383300.0,5447900.0,5514600.0,5607200.0,5719600.0,5835500.0,5956900.0,6079500.0
Cambodia,KHM,7960949.0,8198082.0,8435912.0,8691334.0,8975597.0,9289299.0,9623889.0,9970733.0,10317899.0,10656138.0,10982917.0,11298600.0,11600508.0,11886458.0,12155239.0,12405408.0,12637727.0,12856163.0,13066469.0,13273354.0,13477709.0,13679962.0,13883834.0,14093604.0,14312212.0,14541423.0,14780454.0,15026332.0,15274503.0,15521436.0,15766293.0
Kiribati,KIR,65505.0,67248.0,69089.0,70853.0,72400.0,73692.0,74766.0,75716.0,76670.0,77723.0,78903.0,80187.0,81556.0,82972.0,84396.0,85849.0,87305.0,88835.0,90499.0,92325.0,94343.0,96527.0,98761.0,100930.0,102927.0,104728.0,106370.0,107890.0,109391.0,110930.0,112524.0
St. Kitts and Nevis,KNA,41479.0,41041.0,40641.0,40354.0,40259.0,40379.0,40697.0,41135.0,41617.0,42074.0,42475.0,42854.0,43221.0,43614.0,44074.0,44599.0,45165.0,45746.0,46324.0,46857.0,47339.0,47778.0,48185.0,48599.0,49016.0,49447.0,49887.0,50331.0,50774.0,51203.0,51625.0
"Korea, Rep.",KOR,41213674.0,41621690.0,42031247.0,42449038.0,42869283.0,43295704.0,43747962.0,44194628.0,44641540.0,45092991.0,45524681.0,45953580.0,46286503.0,46616677.0,47008111.0,47370164.0,47644736.0,47892330.0,48082519.0,48184561.0,48438292.0,48683638.0,49054708.0,49307835.0,49554112.0,49936638.0,50199853.0,50428893.0,50746659.0,51014947.0,51217803.0
Latin America & Caribbean (excluding high income),LAC,385849520.0,393720726.0,401567028.0,409391897.0,417195821.0,424967299.0,432695338.0,440382414.0,448036597.0,455661646.0,463259085.0,470817399.0,478311486.0,485702157.0,492968031.0,500087474.0,507060159.0,513900750.0,520642949.0,527308231.0,533896503.0,540405229.0,546848933.0,553244956.0,559496784.0,565882120.0,572224389.0,578502021.0,584679495.0,590731810.0,596643917.0
Lao PDR,LAO,3794198.0,3905530.0,4020811.0,4138845.0,4258472.0,4379236.0,4500351.0,4619944.0,4735845.0,4846483.0,4951195.0,5050315.0,5144602.0,5235346.0,5323700.0,5409582.0,5493246.0,5576640.0,5662208.0,5751676.0,5846074.0,5944948.0,6046620.0,6148623.0,6249165.0,6347567.0,6444530.0,6541304.0,6639756.0,6741164.0,6845846.0
Lebanon,LBN,2660872.0,2667960.0,2684675.0,2726440.0,2803044.0,2921706.0,3076132.0,3246126.0,3403357.0,3528380.0,3610665.0,3658424.0,3693520.0,3747766.0,3842778.0,3991001.0,4182205.0,4388375.0,4569378.0,4698763.0,4759753.0,4767344.0,4764741.0,4813026.0,4953061.0,5202343.0,5538634.0,5914621.0,6262410.0,6532678.0,6711121.0
Liberia,LBR,2158429.0,2153316.0,2134097.0,2106431.0,2075912.0,2040139.0,2001624.0,1976699.0,1986493.0,2044661.0,2160478.0,2326202.0,2517481.0,2699712.0,2848456.0,2953927.0,3024729.0,3077058.0,3135651.0,3218116.0,3329211.0,3461911.0,3607860.0,3754133.0,3891356.0,4017443.0,4135659.0,4248334.0,4359505.0,4472230.0,4586788.0
Libya,LBY,3994597.0,4109725.0,4220450.0,4328939.0,4436661.0,4544242.0,4650885.0,4755133.0,4854875.0,4948798.0,5036171.0,5118007.0,5196780.0,5275926.0,5357891.0,5443248.0,5531089.0,5620547.0,5710154.0,5798614.0,5886872.0,5974787.0,6058748.0,6133984.0,6197663.0,6247439.0,6285750.0,6320359.0,6362037.0,6418315.0,6492164.0
St. Lucia,LCA,128449.0,130856.0,133367.0,135788.0,138020.0,139995.0,141760.0,143409.0,145083.0,146870.0,148834.0,150913.0,153021.0,154995.0,156729.0,158179.0,159392.0,160530.0,161816.0,163417.0,165381.0,167639.0,170011.0,172221.0,174085.0,175544.0,176646.0,177513.0,178296.0,179126.0,180024.0
Latin America & Caribbean,LCN,409162927.0,417353074.0,425524554.0,433681416.0,441826998.0,449938849.0,458011037.0,466051606.0,474058648.0,482028944.0,489970949.0,497858138.0,505687062.0,513366723.0,520903449.0,528283173.0,535509361.0,542599536.0,549590597.0,556504290.0,563337678.0,570091464.0,576783755.0,583430029.0,589932565.0,596538911.0,603097381.0,609600087.0,616002686.0,622301089.0,628484873.0
Least developed countries: UN classification,LDC,455193656.0,467290514.0,479814021.0,492803028.0,506275612.0,520262423.0,534731006.0,549559264.0,564581083.0,579681672.0,594801259.0,609983301.0,625342098.0,641046802.0,657215864.0,673903112.0,691061397.0,708587948.0,726331177.0,744190510.0,762132501.0,780219542.0,798563392.0,817322629.0,836614860.0,856472234.0,876869863.0,897797478.0,919226401.0,941131317.0,963511276.0
Low income,LIC,272367574.0,279547387.0,287081457.0,295019822.0,303390406.0,312235599.0,321531045.0,331155718.0,340941571.0,350774281.0,360601917.0,370477990.0,380522587.0,390910661.0,401768207.0,413123461.0,424933735.0,437166682.0,449765047.0,462679645.0,475927007.0,489505419.0,503324676.0,517267751.0,531260028.0,545266258.0,559335524.0,573583598.0,588174709.0,603234541.0,618780841.0
Liechtenstein,LIE,27559.0,27837.0,28129.0,28449.0,28789.0,29159.0,29553.0,29975.0,30426.0,30880.0,31348.0,31830.0,32311.0,32769.0,33184.0,33552.0,33879.0,34175.0,34452.0,34713.0,34970.0,35217.0,35471.0,35727.0,35994.0,36293.0,36615.0,36934.0,37223.0,37470.0,37658.0
Sri Lanka,LKA,16408859.0,16643952.0,16878189.0,17106753.0,17325773.0,17535729.0,17736821.0,17924823.0,18094477.0,18242912.0,18367288.0,18470900.0,18564599.0,18663284.0,18777601.0,18911730.0,19062482.0,19224037.0,19387153.0,19544988.0,19695972.0,19842044.0,19983984.0,20123508.0,20261737.0,20398670.0,20425000.0,20585000.0,20778000.0,20970000.0,21203000.0
Lower middle income,LMC,1608495285.0,1646753428.0,1685368183.0,1724253101.0,1765242835.0,1804249923.0,1843386680.0,1882431404.0,1921274347.0,1960170782.0,1999275190.0,2038516003.0,2077744727.0,2116794418.0,2155781287.0,2194583752.0,2233327611.0,2272093950.0,2310951151.0,2349947388.0,2389129523.0,2428529757.0,2468136919.0,2507929642.0,2548154994.0,2588455505.0,2628465458.0,2668772179.0,2709173405.0,2749824313.0,2790617792.0
Low & middle income,LMY,3925425850.0,4006377627.0,4088115463.0,4169378581.0,4251636963.0,4331377620.0,4409608111.0,4486793824.0,4563472320.0,4639487256.0,4715287102.0,4790982256.0,4865923593.0,4939675731.0,5012852779.0,5085444358.0,5157632247.0,5229719494.0,5301915964.0,5374446866.0,5447074437.0,5519916437.0,5593451953.0,5667768721.0,5742542551.0,5818138357.0,5894259181.0,5971275701.0,6048823568.0,6126712591.0,6205230249.0
Lesotho,LSO,1561692.0,1596394.0,1630996.0,1666563.0,1703747.0,1742539.0,1782285.0,1822236.0,1861324.0,1898598.0,1934291.0,1968044.0,1997516.0,2019731.0,2032804.0,2035740.0,2029829.0,2018348.0,2005940.0,1996114.0,1989939.0,1986922.0,1987129.0,1990131.0,1995581.0,2003787.0,2014990.0,2028519.0,2043437.0,2059021.0,2075001.0
Late-demographic dividend,LTE,1741726076.0,1769123547.0,1796650126.0,1823252480.0,1848477109.0,1872531754.0,1892668358.0,1913771949.0,1934414297.0,1955852554.0,1975201173.0,1994264448.0,2012571340.0,2029613550.0,2045125926.0,2059873511.0,2073757398.0,2087310554.0,2100746531.0,2114307497.0,2127750968.0,2140907334.0,2154245142.0,2167842734.0,2180828824.0,2193830506.0,2206932754.0,2220299295.0,2233869138.0,2247409050.0,2261409324.0
Lithuania,LTU,3578914.0,3616367.0,3655049.0,3684255.0,3697838.0,3704134.0,3700114.0,3682613.0,3657144.0,3629102.0,3601613.0,3575137.0,3549331.0,3524238.0,3499536.0,3470818.0,3443067.0,3415213.0,3377075.0,3322528.0,3269909.0,3231294.0,3198231.0,3162916.0,3097282.0,3028115.0,2987773.0,2957689.0,2932367.0,2904910.0,2868231.0
Luxembourg,LUX,368355.0,370750.0,373450.0,377100.0,381850.0,387000.0,392175.0,397475.0,402925.0,408625.0,414225.0,419450.0,424700.0,430475.0,436300.0,441525.0,446175.0,451630.0,458095.0,465158.0,472637.0,479993.0,488650.0,497783.0,506953.0,518347.0,530946.0,543360.0,556319.0,569604.0,582014.0
Latvia,LVA,2599892.0,2626583.0,2653434.0,2666955.0,2663151.0,2650581.0,2614338.0,2563290.0,2520742.0,2485056.0,2457222.0,2432851.0,2410019.0,2390482.0,2367550.0,2337170.0,2310173.0,2287955.0,2263122.0,2238799.0,2218357.0,2200325.0,2177322.0,2141669.0,2097555.0,2059709.0,2034319.0,2012647.0,1993782.0,1977527.0,1959537.0
"Macao SAR, China",MAC,295591.0,308180.0,320773.0,332783.0,343808.0,353626.0,362311.0,370199.0,377798.0,385513.0,393373.0,401352.0,409616.0,418383.0,427782.0,437938.0,448821.0,460165.0,471597.0,482858.0,493799.0,504511.0,515239.0,526400.0,538219.0,550832.0,564039.0,577372.0,590208.0,602085.0,612836.0
St. Martin (French part),MAF,14559.0,19275.0,24378.0,28722.0,31520.0,32449.0,31811.0,30200.0,28484.0,27321.0,26849.0,26909.0,27392.0,28116.0,28935.0,29853.0,30910.0,32053.0,33186.0,34248.0,35237.0,36137.0,36885.0,37377.0,37582.0,37446.0,37009.0,36453.0,36015.0,35858.0,36065.0
Morocco,MAR,22980335.0,23447252.0,23903592.0,24355619.0,24807462.0,25260404.0,25711406.0,26155203.0,26584478.0,26994250.0,27383473.0,27754571.0,28110443.0,28455509.0,28793679.0,29126330.0,29454768.0,29782884.0,30115214.0,30455561.0,30804683.0,31163673.0,31536811.0,31929087.0,32343389.0,32781850.0,33241898.0,33715693.0,34192347.0,34663603.0,35126296.0
Monaco,MCO,29041.0,29168.0,29229.0,29305.0,29438.0,29622.0,29865.0,30146.0,30435.0,30716.0,30995.0,31280.0,31556.0,31844.0,32147.0,32470.0,32806.0,33153.0,33500.0,33843.0,34190.0,34525.0,34872.0,35226.0,35612.0,36024.0,36460.0,36901.0,37322.0,37718.0,38070.0
Moldova,MDA,2893584.0,2918487.0,2940177.0,2957047.0,2969097.0,2975523.0,2977130.0,2973114.0,2964277.0,2952307.0,2946401.0,2935524.0,2934339.0,2929735.0,2923783.0,2917252.0,2910504.0,2902320.0,2895147.0,2888111.0,2880095.0,2873429.0,2867964.0,2864346.0,2861487.0,2859833.0,2859458.0,2858692.0,2856950.0,2834530.0,2802170.0
Madagascar,MDG,10352120.0,10647754.0,10952395.0,11268658.0,11598633.0,11942819.0,12301336.0,12675460.0,13066543.0,13475400.0,13902688.0,14347854.0,14808791.0,15282521.0,15766806.0,16260932.0,16765117.0,17279141.0,17802997.0,18336724.0,18880269.0,19433530.0,19996473.0,20569117.0,21151640.0,21743967.0,22346641.0,22961253.0,23589887.0,24234088.0,24894380.0
Maldives,MDV,196264.0,203028.0,209785.0,216510.0,223158.0,229751.0,236265.0,242605.0,248588.0,254139.0,259183.0,263842.0,268455.0,273527.0,279398.0,286306.0,294186.0,302683.0,311265.0,319608.0,327487.0,335169.0,343452.0,353398.0,365734.0,380495.0,397237.0,415593.0,435015.0,454915.0,475513.0
Middle East & North Africa,MEA,224549844.0,231570113.0,238565130.0,245453259.0,254215138.0,261046309.0,265656619.0,272107828.0,278384965.0,286096964.0,292041181.0,297891731.0,303641740.0,309436741.0,315326801.0,321297208.0,327362252.0,333608779.0,340143481.0,347029874.0,354302463.0,361929136.0,369823252.0,377883993.0,385917886.0,393944527.0,401974219.0,409977872.0,417932241.0,425821770.0,433597628.0
Mexico,MEX,77599098.0,79200081.0,80788721.0,82368931.0,83943132.0,85512623.0,87075138.0,88625440.0,90156400.0,91663285.0,93147044.0,94611002.0,96056321.0,97484832.0,98899845.0,100298153.0,101684758.0,103081020.0,104514932.0,106005203.0,107560153.0,109170502.0,110815271.0,112463887.0,114092963.0,115695473.0,117274155.0,118827161.0,120355128.0,121858258.0,123333376.0
Marshall Islands,MHL,40211.0,42173.0,44083.0,45820.0,47271.0,48404.0,49245.0,49831.0,50215.0,50457.0,50533.0,50450.0,50356.0,50423.0,50753.0,51422.0,52370.0,53456.0,54476.0,55258.0,55767.0,56051.0,56174.0,56250.0,56366.0,56531.0,56717.0,56938.0,57179.0,57439.0,57735.0
Middle income,MIC,3653058276.0,3726830240.0,3801034006.0,3874358759.0,3948246557.0,4019142021.0,4088077066.0,4155638106.0,4222530749.0,4288712975.0,4354685185.0,4420504266.0,4485401006.0,4548765070.0,4611084572.0,4672320897.0,4732698512.0,4792552812.0,4852150917.0,4911767221.0,4971147430.0,5030411018.0,5090127277.0,5150500970.0,5211282523.0,5272872099.0,5334923657.0,5397692103.0,5460648859.0,5523478050.0,5586449408.0
North Macedonia,MKD,1987538.0,1992274.0,1995513.0,1996870.0,1996228.0,1993302.0,1988659.0,1984028.0,1981703.0,1983252.0,1989443.0,1999598.0,2012057.0,2024394.0,2034819.0,2042842.0,2048928.0,2053426.0,2057048.0,2060273.0,2063131.0,2065426.0,2067313.0,2069039.0,2070741.0,2072487.0,2074278.0,2076067.0,2077775.0,2079328.0,2080745.0
Mali,MLI,7952865.0,8062219.0,8171522.0,8296915.0,8449913.0,8635527.0,8850334.0,9087176.0,9334880.0,9585653.0,9837571.0,10094368.0,10360561.0,10642936.0,10946445.0,11271600.0,11616887.0,11982695.0,12369070.0,12775516.0,13203378.0,13651464.0,14113577.0,14581429.0,15049353.0,15514591.0,15979499.0,16449864.0,16934220.0,17438778.0,17965429.0
Malta,MLT,342121.0,344485.0,347325.0,350722.0,354170.0,363845.0,367618.0,371308.0,374797.0,377419.0,379905.0,382791.0,385287.0,387578.0,390087.0,393028.0,395969.0,398582.0,401268.0,403834.0,405308.0,406724.0,409379.0,412477.0,414508.0,416268.0,420028.0,425967.0,434558.0,445053.0,455356.0
Myanmar,MMR,38698482.0,39404335.0,40085651.0,40731426.0,41335199.0,41890197.0,42401684.0,42890002.0,43383428.0,43901598.0,44452206.0,45027233.0,45611220.0,46181077.0,46719701.0,47225120.0,47702171.0,48148902.0,48564484.0,48949924.0,49301050.0,49621475.0,49929642.0,50250367.0,50600818.0,50990615.0,51413698.0,51852451.0,52280807.0,52680726.0,53045226.0
Middle East & North Africa (excluding high income),MNA,200443463.0,206447530.0,212456887.0,218415849.0,226259037.0,232101440.0,237828663.0,243429290.0,248897270.0,254233351.0,259431597.0,264504166.0,269440690.0,274350032.0,279279634.0,284249018.0,289264324.0,294343628.0,299502774.0,304755503.0,310109412.0,315573347.0,321168767.0,326900984.0,332777824.0,338814807.0,345004009.0,351299193.0,357637340.0,363975550.0,370276461.0
Montenegro,MNE,607711.0,608144.0,607413.0,606571.0,606372.0,607105.0,608516.0,610170.0,611389.0,611712.0,611003.0,609520.0,607662.0,606001.0,604950.0,607389.0,609828.0,612267.0,613353.0,614261.0,615025.0,615875.0,616969.0,618294.0,619428.0,620079.0,620601.0,621207.0,621810.0,622159.0,622303.0
Mongolia,MNG,1976310.0,2033344.0,2089715.0,2141011.0,2184145.0,2217917.0,2243495.0,2263186.0,2280479.0,2298020.0,2316568.0,2335734.0,2355664.0,2376225.0,2397418.0,2419588.0,2443271.0,2468762.0,2496391.0,2526424.0,2558856.0,2593820.0,2631898.0,2673796.0,2719896.0,2770362.0,2824699.0,2881792.0,2940108.0,2998439.0,3056359.0
Northern Mariana Islands,MNP,32370.0,36377.0,40288.0,43540.0,45752.0,46666.0,46476.0,45758.0,45364.0,45870.0,47521.0,50056.0,52997.0,55636.0,57453.0,58321.0,58420.0,57947.0,57246.0,56542.0,55882.0,55219.0,54625.0,54193.0,53971.0,54012.0,54311.0,54784.0,55305.0,55780.0,56188.0
Mozambique,MOZ,12808558.0,12786349.0,12758008.0,12805946.0,12987292.0,13328032.0,13806001.0,14370946.0,14948048.0,15483286.0,15960442.0,16397183.0,16813949.0,17244188.0,17711927.0,18221888.0,18764155.0,19331100.0,19910552.0,20493925.0,21080110.0,21673316.0,22276596.0,22894710.0,23531574.0,24187487.0,24862648.0,25560725.0,26286163.0,27042002.0,27829942.0
Mauritania,MRT,1829675.0,1879763.0,1930433.0,1981899.0,2034346.0,2087912.0,2142645.0,2198532.0,2255516.0,2313630.0,2372901.0,2433563.0,2496216.0,2561585.0,2630219.0,2702400.0,2778099.0,2857148.0,2939247.0,3024194.0,3111906.0,3202517.0,3296238.0,3393409.0,3494195.0,3598648.0,3706554.0,3817494.0,3930896.0,4046301.0,4163534.0
Mauritius,MUS,1028360.0,1036082.0,1043239.0,1051260.0,1058775.0,1070266.0,1084441.0,1097374.0,1112846.0,1122457.0,1133996.0,1148284.0,1160421.0,1175267.0,1186873.0,1196287.0,1204621.0,1213370.0,1221003.0,1228254.0,1233996.0,1239630.0,1244121.0,1247429.0,1250400.0,1252404.0,1255882.0,1258653.0,1260934.0,1262605.0,1263473.0
Malawi,MWI,7666391.0,8141146.0,8636690.0,9075572.0,9404500.0,9600355.0,9685973.0,9710331.0,9745690.0,9844415.0,10022789.0,10264906.0,10552338.0,10854322.0,11148758.0,11432000.0,11713664.0,12000181.0,12301838.0,12625952.0,12973699.0,13341806.0,13727890.0,14128155.0,14539612.0,14962112.0,15396005.0,15839269.0,16289540.0,16745303.0,17205289.0
Malaysia,MYS,16043731.0,16522000.0,17022465.0,17528961.0,18029824.0,18519937.0,19002656.0,19484898.0,19977500.0,20487607.0,21017613.0,21562793.0,22114654.0,22661298.0,23194257.0,23709119.0,24208391.0,24698819.0,25190652.0,25690611.0,26201961.0,26720370.0,27236006.0,27735040.0,28208035.0,28650955.0,29068159.0,29468872.0,29866559.0,30270962.0,30684804.0
North America,NAC,266290660.0,268793450.0,271349094.0,274154622.0,277373464.0,281077441.0,284943859.0,288662674.0,292185983.0,295640057.0,299064347.0,302623445.0,306070116.0,309502571.0,312909974.0,316052361.0,319048184.0,321815286.0,324809693.0,327824506.0,331015609.0,334185120.0,337406357.0,340466060.0,343391679.0,345960766.0,348610010.0,351141670.0,353803581.0,356403308.0,359115352.0
Namibia,NAM,1239928.0,1286797.0,1336536.0,1386010.0,1432905.0,1476388.0,1516958.0,1555101.0,1591822.0,1627865.0,1663378.0,1698032.0,1731639.0,1763859.0,1794571.0,1823672.0,1851523.0,1879117.0,1907745.0,1938320.0,1971317.0,2006514.0,2043394.0,2081044.0,2118874.0,2156701.0,2194784.0,2233510.0,2273430.0,2314904.0,2358041.0
New Caledonia,NCL,157350.0,160500.0,163650.0,166898.0,170899.0,175362.0,179799.0,184496.0,189482.0,193816.0,197564.0,201418.0,205279.0,209214.0,213230.0,217324.0,221490.0,225296.0,228750.0,232250.0,235750.0,239250.0,242750.0,245950.0,249750.0,254350.0,259000.0,263650.0,268050.0,272400.0,276550.0
Niger,NER,7118883.0,7328943.0,7548433.0,7780245.0,8026591.0,8288735.0,8566770.0,8860287.0,9168312.0,9490288.0,9826598.0,10178201.0,10545716.0,10929918.0,11331557.0,11751365.0,12189983.0,12647984.0,13125916.0,13624467.0,14143971.0,14685399.0,15250908.0,15843133.0,16464025.0,17114761.0,17795191.0,18504255.0,19240157.0,20001663.0,20788838.0
Nigeria,NGA,85766399.0,88048032.0,90395271.0,92788027.0,95212450.0,97667632.0,100161710.0,102700753.0,105293700.0,107948335.0,110668794.0,113457663.0,116319759.0,119260063.0,122283850.0,125394046.0,128596076.0,131900631.0,135320422.0,138865016.0,142538308.0,146339977.0,150269623.0,154324933.0,158503197.0,162805071.0,167228767.0,171765769.0,176404902.0,181137448.0,185960289.0
Nicaragua,NIC,3823130.0,3909671.0,3995533.0,4082958.0,4173434.0,4267568.0,4364512.0,4462497.0,4559006.0,4652185.0,4741578.0,4827661.0,4910647.0,4991040.0,5069302.0,5145366.0,5219328.0,5292118.0,5364935.0,5438690.0,5513763.0,5590055.0,5667432.0,5745526.0,5824065.0,5903039.0,5982526.0,6062454.0,6142733.0,6223240.0,6303974.0
Netherlands,NLD,14572278.0,14665037.0,14760094.0,14848907.0,14951510.0,15069798.0,15184166.0,15290368.0,15382838.0,15459006.0,15530498.0,15610650.0,15707209.0,15812088.0,15925513.0,16046180.0,16148929.0,16225302.0,16281779.0,16319868.0,16346101.0,16381696.0,16445593.0,16530388.0,16615394.0,16693074.0,16754962.0,16804432.0,16865008.0,16939923.0,17030314.0
Norway,NOR,4167354.0,4186905.0,4209488.0,4226901.0,4241473.0,4261732.0,4286401.0,4311991.0,4336613.0,4359184.0,4381336.0,4405157.0,4431464.0,4461913.0,4490967.0,4513751.0,4538159.0,4564855.0,4591910.0,4623291.0,4660677.0,4709153.0,4768212.0,4828726.0,4889252.0,4953088.0,5018573.0,5079623.0,5137232.0,5188607.0,5234519.0
Nepal,NPL,17239673.0,17623693.0,18020753.0,18445028.0,18905478.0,19405504.0,19938320.0,20489975.0,21040904.0,21576071.0,22090352.0,22584775.0,23057883.0,23509964.0,23941110.0,24347106.0,24725627.0,25080872.0,25419344.0,25744500.0,26066693.0,26382581.0,26666576.0,26883535.0,27013212.0,27041437.0,26989862.0,26917906.0,26906926.0,27015031.0,27261131.0
Nauru,NRU,8683.0,8865.0,9062.0,9278.0,9505.0,9764.0,10030.0,10287.0,10498.0,10628.0,10672.0,10647.0,10565.0,10449.0,10337.0,10215.0,10102.0,9994.0,9902.0,9849.0,9828.0,9842.0,9891.0,9939.0,10005.0,10057.0,10279.0,10821.0,11853.0,12475.0,13049.0
New Zealand,NZL,3246300.0,3274400.0,3283400.0,3299200.0,3329800.0,3495100.0,3531700.0,3572200.0,3620000.0,3673400.0,3732000.0,3781300.0,3815000.0,3835100.0,3857700.0,3880500.0,3948500.0,4027200.0,4087500.0,4133900.0,4184600.0,4223800.0,4259800.0,4302600.0,4350700.0,4384000.0,4408100.0,4442100.0,4509700.0,4595700.0,4693200.0
OECD members,OED,1068350096.0,1076848314.0,1085461183.0,1094539167.0,1104136517.0,1114575448.0,1124867021.0,1134697663.0,1144072691.0,1153301290.0,1162248642.0,1171146674.0,1179742977.0,1188381922.0,1196874050.0,1205753813.0,1214754896.0,1223690230.0,1232647026.0,1241535826.0,1250788448.0,1260210156.0,1270059587.0,1279114140.0,1287527866.0,1294064382.0,1302076238.0,1310420937.0,1319151470.0,1327822047.0,1336641415.0
Oman,OMN,1561185.0,1619863.0,1678110.0,1741156.0,1812161.0,1893768.0,1983275.0,2072104.0,2148419.0,2204277.0,2236654.0,2249762.0,2251864.0,2254904.0,2267973.0,2294962.0,2334858.0,2386166.0,2445517.0,2511251.0,2580758.0,2657158.0,2750963.0,2876186.0,3041434.0,3251108.0,3498029.0,3764805.0,4027260.0,4267348.0,4479219.0
Other small states,OSS,15754507.0,16180181.0,16610017.0,17031547.0,17430779.0,17813831.0,18156566.0,18476081.0,18801065.0,19125016.0,19460594.0,19809624.0,20163885.0,20540138.0,20917092.0,21276743.0,21639132.0,22018494.0,22442101.0,22929109.0,23486218.0,24104670.0,24762406.0,25417830.0,26050942.0,26647962.0,27227319.0,27794595.0,28364410.0,28948869.0,29542879.0
Pakistan,PAK,95215378.0,98285755.0,101389603.0,104512881.0,107647921.0,110778648.0,113911126.0,117086685.0,120362762.0,123776839.0,127349290.0,131057431.0,134843233.0,138624621.0,142343578.0,145978402.0,149549700.0,153093373.0,156664697.0,160304008.0,164022627.0,167808105.0,171648986.0,175525609.0,179424641.0,183340592.0,187281475.0,191262919.0,195306825.0,199426964.0,203627284.0
Panama,PAN,2268500.0,2318264.0,2368551.0,2419426.0,2470947.0,2523118.0,2575954.0,2629580.0,2684116.0,2739668.0,2796291.0,2853913.0,2912316.0,2971196.0,3030328.0,3089648.0,3149188.0,3209048.0,3269356.0,3330217.0,3391666.0,3453675.0,3516204.0,3579215.0,3642687.0,3706483.0,3770624.0,3835437.0,3901315.0,3968487.0,4037078.0
Peru,PER,20230384.0,20691283.0,21153459.0,21614193.0,22071433.0,22522378.0,22966818.0,23408131.0,23851408.0,24299160.0,24753824.0,25210954.0,25658062.0,26078293.0,26459944.0,26799285.0,27100968.0,27372226.0,27624213.0,27866145.0,28102056.0,28333052.0,28562317.0,28792655.0,29027674.0,29264318.0,29506788.0,29773987.0,30090359.0,30470734.0,30926032.0
Philippines,PHL,55755355.0,57263836.0,58795001.0,60340767.0,61895160.0,63454786.0,65020116.0,66593904.0,68180859.0,69784088.0,71401749.0,73030884.0,74672014.0,76325927.0,77991755.0,79672873.0,81365258.0,83051971.0,84710542.0,86326250.0,87888675.0,89405482.0,90901965.0,92414158.0,93966780.0,95570047.0,97212638.0,98871552.0,100513138.0,102113212.0,103663927.0
Palau,PLW,13831.0,14123.0,14402.0,14709.0,15058.0,15441.0,15856.0,16290.0,16717.0,17164.0,17593.0,18014.0,18410.0,18776.0,19105.0,19386.0,19637.0,19809.0,19867.0,19781.0,19540.0,19158.0,18704.0,18285.0,17955.0,17745.0,17640.0,17606.0,17626.0,17665.0,17725.0
Papua New Guinea,PNG,4186499.0,4292563.0,4399324.0,4506991.0,4615839.0,4725547.0,4836217.0,4949051.0,5065661.0,5187060.0,5314248.0,5446641.0,5581762.0,5716161.0,5847586.0,5974629.0,6098621.0,6223377.0,6354245.0,6494903.0,6646895.0,6808514.0,6976201.0,7144776.0,7310507.0,7472200.0,7631002.0,7788379.0,7946731.0,8107775.0,8271760.0
Poland,POL,37456119.0,37668045.0,37824487.0,37961529.0,38110782.0,38246193.0,38363667.0,38461408.0,38542652.0,38594998.0,38624370.0,38649660.0,38663481.0,38660271.0,38258629.0,38248076.0,38230364.0,38204570.0,38182222.0,38165445.0,38141267.0,38120560.0,38125759.0,38151603.0,38042794.0,38063255.0,38063164.0,38040196.0,38011735.0,37986412.0,37970087.0
Pre-demographic dividend,PRE,371878676.0,381918512.0,392393097.0,403416160.0,415057375.0,427398511.0,440397767.0,453849633.0,467465199.0,481049511.0,494517676.0,507968946.0,521617674.0,535773390.0,550660001.0,566366102.0,582828705.0,599938109.0,617518671.0,635451653.0,653695022.0,672318833.0,691447610.0,711257522.0,731868772.0,753326798.0,775573001.0,798495530.0,821931240.0,845759344.0,869943914.0
Puerto Rico,PRI,3409554.0,3441850.0,3473898.0,3505650.0,3537000.0,3562110.0,3585176.0,3615497.0,3649237.0,3683103.0,3724655.0,3759430.0,3781101.0,3800081.0,3810605.0,3818774.0,3823701.0,3826095.0,3826878.0,3821362.0,3805214.0,3782995.0,3760866.0,3740410.0,3721525.0,3678732.0,3634488.0,3593077.0,3534874.0,3473232.0,3406672.0
"Korea, Dem. Peoples Rep.",PRK,19156795.0,19431986.0,19708323.0,19993755.0,20293054.0,20609150.0,20937404.0,21265834.0,21577982.0,21862299.0,22113438.0,22335267.0,22536753.0,22731482.0,22929075.0,23132980.0,23339453.0,23542426.0,23732731.0,23904167.0,24054864.0,24188331.0,24310142.0,24428341.0,24548836.0,24673385.0,24800612.0,24929452.0,25057752.0,25183833.0,25307744.0
Portugal,PRT,10032734.0,10030031.0,10019610.0,10005000.0,9983218.0,9960235.0,9952494.0,9964675.0,9991525.0,10026176.0,10063945.0,10108977.0,10160196.0,10217828.0,10289898.0,10362722.0,10419631.0,10458821.0,10483861.0,10503330.0,10522288.0,10542964.0,10558177.0,10568247.0,10573100.0,10557560.0,10514844.0,10457295.0,10401062.0,10358076.0,10325452.0
Paraguay,PRY,3783074.0,3891734.0,4001681.0,4112386.0,4223415.0,4334345.0,4445016.0,4555521.0,4666094.0,4776843.0,4887632.0,4998100.0,5107839.0,5216349.0,5323201.0,5428444.0,5531962.0,5632983.0,5730549.0,5824096.0,5913209.0,5998427.0,6081296.0,6163972.0,6248020.0,6333976.0,6421512.0,6510276.0,6599526.0,6688746.0,6777872.0
Pacific island small states,PSS,1609574.0,1630891.0,1650442.0,1670947.0,1694332.0,1721237.0,1750921.0,1782120.0,1812834.0,1841693.0,1868414.0,1893444.0,1917135.0,1939992.0,1962452.0,1984496.0,2006078.0,2027846.0,2050572.0,2074778.0,2100869.0,2128664.0,2157454.0,2186314.0,2214519.0,2241798.0,2268708.0,2296101.0,2325136.0,2355672.0,2388307.0
Post-demographic dividend,PST,941386226.0,946693323.0,952208537.0,958128673.0,964232874.0,970954802.0,977682877.0,984081938.0,989857263.0,995277611.0,1000603731.0,1005700210.0,1010590849.0,1015421530.0,1020504904.0,1025401800.0,1030561684.0,1035711708.0,1041075168.0,1046366694.0,1052054839.0,1057981931.0,1064394156.0,1069878414.0,1074865103.0,1077815367.0,1082327434.0,1087064112.0,1091996107.0,1096860060.0,1101715022.0
French Polynesia,PYF,181817.0,186584.0,191266.0,195726.0,199905.0,203726.0,207245.0,210642.0,214197.0,218071.0,222322.0,226866.0,231570.0,236221.0,240686.0,244931.0,248972.0,252703.0,255992.0,258780.0,261010.0,262721.0,264061.0,265254.0,266455.0,267698.0,268998.0,270328.0,271705.0,273124.0,274575.0
Qatar,QAT,397740.0,422148.0,443605.0,461690.0,476278.0,487353.0,495395.0,501479.0,507041.0,513442.0,522531.0,535321.0,551562.0,570489.0,592468.0,615012.0,640868.0,681788.0,753334.0,865416.0,1022711.0,1218434.0,1436665.0,1654950.0,1856327.0,2035871.0,2196074.0,2336574.0,2459198.0,2565710.0,2654374.0
Romania,ROU,22836841.0,22949430.0,23057662.0,23161458.0,23201835.0,23001155.0,22794284.0,22763280.0,22730211.0,22684270.0,22619004.0,22553978.0,22507344.0,22472040.0,22442971.0,22131970.0,21730496.0,21574326.0,21451748.0,21319685.0,21193760.0,20882982.0,20537875.0,20367487.0,20246871.0,20147528.0,20058035.0,19983693.0,19908979.0,19815616.0,19702267.0
Russian Federation,RUS,144894000.0,145908000.0,146857000.0,147721000.0,147969407.0,148394216.0,148538197.0,148458777.0,148407912.0,148375787.0,148160129.0,147915361.0,147670784.0,147214776.0,146596869.0,145976482.0,145306497.0,144648618.0,144067316.0,143518814.0,143049637.0,142805114.0,142742366.0,142785349.0,142849468.0,142960908.0,143201721.0,143506995.0,143819666.0,144096870.0,144342396.0
Rwanda,RWA,6443751.0,6779983.0,7088191.0,7276985.0,7288882.0,7083935.0,6702244.0,6263757.0,5936261.0,5836495.0,6013107.0,6419901.0,6962802.0,7501234.0,7933681.0,8231156.0,8427060.0,8557161.0,8680524.0,8840215.0,9043337.0,9273757.0,9524534.0,9782770.0,10039338.0,10293331.0,10549678.0,10811543.0,11083635.0,11369071.0,11668818.0
South Asia,SAS,1036437892.0,1060208539.0,1084281155.0,1108702403.0,1133495196.0,1158655617.0,1184133314.0,1209847786.0,1235693869.0,1261587756.0,1287476190.0,1313346377.0,1339202708.0,1365067928.0,1390946064.0,1416822959.0,1442644058.0,1468324422.0,1493757846.0,1518861552.0,1543610696.0,1568003159.0,1592010819.0,1615610198.0,1638792934.0,1661534412.0,1683747130.0,1705772050.0,1727640967.0,1749417068.0,1771167194.0
Saudi Arabia,SAU,13794165.0,14445671.0,15070082.0,15666297.0,16233785.0,16772694.0,17282691.0,17763298.0,18214470.0,18638787.0,19033845.0,19407142.0,19783304.0,20194527.0,20663843.0,21202642.0,21805313.0,22456649.0,23132682.0,23816183.0,24498310.0,25184597.0,25888541.0,26630303.0,27421461.0,28267685.0,29155187.0,30052518.0,30916994.0,31717667.0,32442572.0
Sudan,SDN,17757491.0,18303435.0,18867560.0,19476647.0,20147590.0,20891441.0,21696244.0,22527834.0,23338464.0,24094747.0,24782383.0,25413917.0,26015521.0,26626520.0,27275015.0,27971082.0,28704778.0,29460519.0,30214193.0,30949516.0,31661823.0,32360621.0,33060837.0,33783788.0,34545013.0,35349681.0,36193783.0,37072550.0,37977655.0,38902950.0,39847440.0
Senegal,SEN,6670663.0,6875754.0,7086627.0,7303517.0,7526307.0,7755496.0,7990096.0,8226760.0,8461068.0,8690164.0,8912861.0,9130877.0,9347774.0,9568722.0,9797734.0,10036104.0,10283699.0,10541467.0,10810083.0,11090116.0,11382268.0,11687080.0,12004701.0,12335084.0,12678148.0,13033809.0,13401991.0,13782420.0,14174731.0,14578459.0,14993528.0
Singapore,SGP,2733373.0,2774789.0,2846108.0,2930901.0,3047132.0,3135083.0,3230698.0,3313471.0,3419048.0,3524506.0,3670704.0,3796038.0,3927213.0,3958723.0,4027887.0,4138012.0,4175950.0,4114826.0,4166664.0,4265762.0,4401365.0,4588599.0,4839396.0,4987573.0,5076732.0,5183688.0,5312437.0,5399162.0,5469724.0,5535002.0,5607283.0
Solomon Islands,SLB,278837.0,286870.0,294972.0,303272.0,311866.0,320780.0,329995.0,339504.0,349281.0,359281.0,369523.0,379999.0,390693.0,401586.0,412660.0,423944.0,435432.0,447017.0,458539.0,469918.0,481078.0,492132.0,503360.0,515181.0,527861.0,541521.0,556064.0,571335.0,587079.0,603118.0,619437.0
Sierra Leone,SLE,3916685.0,4038144.0,4156634.0,4254444.0,4319762.0,4348660.0,4347724.0,4328957.0,4309775.0,4303957.0,4312666.0,4335301.0,4381483.0,4462378.0,4584571.0,4754072.0,4965766.0,5201070.0,5433991.0,5645624.0,5829237.0,5989633.0,6133603.0,6272734.0,6415634.0,6563240.0,6712581.0,6863980.0,7017144.0,7171914.0,7328838.0
El Salvador,SLV,5002336.0,5067537.0,5133274.0,5200602.0,5270079.0,5342198.0,5416323.0,5490477.0,5561919.0,5628600.0,5689938.0,5746284.0,5797765.0,5844846.0,5887936.0,5927006.0,5962136.0,5994077.0,6023797.0,6052123.0,6079399.0,6105810.0,6131764.0,6157686.0,6183875.0,6210568.0,6237923.0,6266070.0,6295128.0,6325124.0,6356143.0
San Marino,SMR,23046.0,23295.0,23551.0,23817.0,24125.0,24460.0,24822.0,25209.0,25582.0,25928.0,26252.0,26562.0,26840.0,27145.0,27462.0,27812.0,28175.0,28562.0,28940.0,29324.0,29700.0,30063.0,30434.0,30816.0,31229.0,31661.0,32105.0,32553.0,32948.0,33272.0,33504.0
Somalia,SOM,6736748.0,6862273.0,7005234.0,7133258.0,7225092.0,7274030.0,7295384.0,7315865.0,7372598.0,7491637.0,7682686.0,7936127.0,8235064.0,8553601.0,8872254.0,9186725.0,9501342.0,9815412.0,10130243.0,10446863.0,10763905.0,11080121.0,11397188.0,11717692.0,12043883.0,12376302.0,12715510.0,13063706.0,13423576.0,13797201.0,14185613.0
Sub-Saharan Africa (excluding high income),SSA,453741617.0,466948587.0,480482298.0,494286964.0,508323569.0,522586208.0,537091265.0,551850735.0,566884957.0,582215500.0,597857366.0,613828768.0,630161389.0,646892639.0,664059577.0,681678581.0,699777823.0,718420058.0,737679777.0,757613569.0,778248224.0,799583871.0,821614380.0,844320487.0,867684936.0,891706327.0,916382788.0,941692468.0,967607494.0,994102454.0,1021168391.0
South Sudan,SSD,5328164.0,5419809.0,5485282.0,5511579.0,5492623.0,5420171.0,5305457.0,5185699.0,5111365.0,5118083.0,5221926.0,5411655.0,5661942.0,5933882.0,6199394.0,6447793.0,6688226.0,6935676.0,7213351.0,7535932.0,7907406.0,8315139.0,8736939.0,9142259.0,9508364.0,9830698.0,10113647.0,10355036.0,10554883.0,10715658.0,10832512.0
Sub-Saharan Africa,SSF,454835629.0,468053168.0,481594292.0,495407391.0,509451851.0,523726913.0,538246469.0,553020362.0,568072008.0,583413261.0,599067779.0,615054371.0,631400656.0,648148316.0,665327581.0,682956070.0,701066167.0,719716209.0,738983255.0,758924681.0,779566820.0,800908534.0,822945457.0,845655214.0,869025106.0,893046172.0,917726973.0,943041070.0,968959787.0,995458478.0,1022526541.0
Small states,SST,23219524.0,23705899.0,24190638.0,24669512.0,25134362.0,25593376.0,26020302.0,26428552.0,26841234.0,27247899.0,27660288.0,28081620.0,28504847.0,28948606.0,29393029.0,29820335.0,30250175.0,30697311.0,31189626.0,31746604.0,32375210.0,33066727.0,33798838.0,34529596.0,35238667.0,35912147.0,36568692.0,37214028.0,37862981.0,38526753.0,39200572.0
Sao Tome and Principe,STP,107429.0,110254.0,113285.0,116320.0,119209.0,121956.0,124576.0,127062.0,129427.0,131678.0,133806.0,135832.0,137848.0,139959.0,142262.0,144755.0,147447.0,150415.0,153737.0,157472.0,161681.0,166300.0,171120.0,175876.0,180371.0,184524.0,188404.0,192087.0,195727.0,199432.0,203227.0
Suriname,SUR,374140.0,381037.0,388881.0,397085.0,405168.0,413005.0,420655.0,428030.0,435105.0,441851.0,448213.0,454161.0,459831.0,465385.0,470949.0,476579.0,482235.0,487942.0,493679.0,499464.0,505295.0,511181.0,517123.0,523111.0,529131.0,535179.0,541245.0,547291.0,553273.0,559143.0,564888.0
Slovak Republic,SVK,5193838.0,5222840.0,5250596.0,5275942.0,5299187.0,5303294.0,5305016.0,5325305.0,5346331.0,5361999.0,5373361.0,5383291.0,5390516.0,5396020.0,5388720.0,5378867.0,5376912.0,5373374.0,5372280.0,5372807.0,5373054.0,5374622.0,5379233.0,5386406.0,5391428.0,5398384.0,5407579.0,5413393.0,5418649.0,5423801.0,5430798.0
Slovenia,SVN,1965964.0,1989776.0,1995196.0,1996351.0,1998161.0,1999429.0,1996498.0,1991746.0,1989443.0,1989872.0,1988628.0,1985956.0,1981629.0,1983045.0,1988925.0,1992060.0,1994530.0,1995733.0,1997012.0,2000474.0,2006868.0,2018122.0,2021316.0,2039669.0,2048583.0,2052843.0,2057159.0,2059953.0,2061980.0,2063531.0,2065042.0
Sweden,SWE,8369829.0,8397804.0,8436489.0,8492964.0,8558835.0,8617375.0,8668067.0,8718561.0,8780745.0,8826939.0,8840998.0,8846062.0,8850974.0,8857874.0,8872109.0,8895960.0,8924958.0,8958229.0,8993531.0,9029572.0,9080505.0,9148092.0,9219637.0,9298515.0,9378126.0,9449213.0,9519374.0,9600379.0,9696110.0,9799186.0,9923085.0
Eswatini,SWZ,723595.0,748632.0,773768.0,798507.0,822420.0,845266.0,866993.0,887706.0,907620.0,926841.0,945508.0,963426.0,979918.0,994108.0,1005435.0,1013609.0,1019059.0,1022802.0,1026286.0,1030579.0,1036092.0,1042652.0,1049945.0,1057467.0,1064837.0,1072032.0,1079288.0,1086839.0,1095021.0,1104044.0,1113984.0
Seychelles,SYC,65652.0,68499.0,68755.0,69167.0,69507.0,70439.0,70763.0,72253.0,74205.0,75304.0,76417.0,77319.0,78846.0,80410.0,81131.0,81202.0,83723.0,82781.0,82475.0,82858.0,84600.0,85033.0,86956.0,87298.0,89770.0,87441.0,88303.0,89949.0,91359.0,93419.0,94677.0
Syrian Arab Republic,SYR,11004272.0,11360852.0,11719071.0,12080444.0,12446171.0,12815401.0,13187663.0,13565072.0,13950476.0,14345492.0,14754142.0,15175316.0,15599591.0,16013985.0,16410848.0,16766561.0,17084632.0,17415214.0,17827825.0,18361176.0,19059258.0,19878254.0,20664038.0,21205873.0,21362529.0,21082966.0,20442541.0,19584274.0,18715672.0,17997408.0,17453933.0
Turks and Caicos Islands,TCA,10357.0,10724.0,11093.0,11548.0,12111.0,12811.0,13632.0,14526.0,15407.0,16216.0,16926.0,17567.0,18232.0,19065.0,20164.0,21573.0,23232.0,25011.0,26700.0,28180.0,29391.0,30385.0,31202.0,31934.0,32660.0,33377.0,34066.0,34731.0,35369.0,35981.0,36559.0
Chad,TCD,5247283.0,5412847.0,5589626.0,5773920.0,5963252.0,6157079.0,6356748.0,6563922.0,6781053.0,7010145.0,7250975.0,7503493.0,7770048.0,8053536.0,8355654.0,8678051.0,9019233.0,9373916.0,9734767.0,10096633.0,10457124.0,10818024.0,11183588.0,11560147.0,11952136.0,12360989.0,12784750.0,13220424.0,13663559.0,14110975.0,14561666.0
East Asia & Pacific (IDA & IBRD countries),TEA,1481135087.0,1507322668.0,1533819043.0,1559650576.0,1584871832.0,1608999005.0,1631566815.0,1653289954.0,1674861279.0,1696014016.0,1716810429.0,1737388752.0,1757224494.0,1775880231.0,1793498351.0,1810261141.0,1826238744.0,1841560579.0,1856486252.0,1871341375.0,1885806859.0,1899800530.0,1913718210.0,1927560609.0,1941377349.0,1955334267.0,1969562739.0,1983964453.0,1998513398.0,2012980531.0,2027771091.0
Europe & Central Asia (IDA & IBRD countries),TEC,413657277.0,417635059.0,421417206.0,424805477.0,427265655.0,429371791.0,431065071.0,432528519.0,433420373.0,433786617.0,434113522.0,434473525.0,434721837.0,434668342.0,434313570.0,433863000.0,433541379.0,433680225.0,434022293.0,434427812.0,434964326.0,435646364.0,436725144.0,438498958.0,440420861.0,442656487.0,444898523.0,447368356.0,449819913.0,452301305.0,454717187.0
Togo,TGO,3363042.0,3471739.0,3577468.0,3678567.0,3774312.0,3862992.0,3945905.0,4029053.0,4120616.0,4226291.0,4348805.0,4485951.0,4632446.0,4780448.0,4924402.0,5062567.0,5197031.0,5330639.0,5467766.0,5611640.0,5762880.0,5920359.0,6083420.0,6250835.0,6421679.0,6595943.0,6773807.0,6954721.0,7137997.0,7323158.0,7509952.0
Thailand,THA,52980094.0,53945881.0,54891520.0,55772169.0,56558186.0,57232465.0,57811021.0,58337773.0,58875269.0,59467274.0,60130186.0,60846582.0,61585103.0,62298571.0,62952642.0,63539196.0,64069087.0,64549866.0,64995299.0,65416189.0,65812536.0,66182067.0,66530984.0,66866839.0,67195028.0,67518382.0,67835957.0,68144501.0,68438730.0,68714511.0,68971331.0
Tajikistan,TJK,4687325.0,4844002.0,5001169.0,5149874.0,5283814.0,5400630.0,5502494.0,5593315.0,5679167.0,5764810.0,5851355.0,5938405.0,6027388.0,6119661.0,6216341.0,6318513.0,6426867.0,6541547.0,6662389.0,6789321.0,6922587.0,7062672.0,7209930.0,7364753.0,7527394.0,7697510.0,7874835.0,8059769.0,8252833.0,8454028.0,8663579.0
Turkmenistan,TKM,3324458.0,3407321.0,3493895.0,3585868.0,3683967.0,3789185.0,3899843.0,4010789.0,4115102.0,4207841.0,4287346.0,4355116.0,4413479.0,4466135.0,4516133.0,4564083.0,4610005.0,4655743.0,4703401.0,4754646.0,4810109.0,4870141.0,4935767.0,5007954.0,5087213.0,5174085.0,5267900.0,5366375.0,5466328.0,5565287.0,5662372.0
Latin America & the Caribbean (IDA & IBRD countries),TLA,394697207.0,402742151.0,410761046.0,418769923.0,426777908.0,434776642.0,442751039.0,450695898.0,458608083.0,466483153.0,474321031.0,482112370.0,489832036.0,497441716.0,504921261.0,512247484.0,519420818.0,526462540.0,533415170.0,540306214.0,547139430.0,553909981.0,560624670.0,567289599.0,573800641.0,580429321.0,587002346.0,593511231.0,599938979.0,606271975.0,612502802.0
Timor-Leste,TLS,671752.0,686471.0,701809.0,718741.0,737814.0,759527.0,783198.0,806860.0,827825.0,844334.0,855362.0,861866.0,866530.0,873136.0,884366.0,901214.0,922694.0,947108.0,971893.0,995135.0,1016432.0,1036392.0,1055431.0,1074277.0,1093523.0,1113151.0,1132994.0,1153295.0,1174331.0,1196302.0,1219288.0
Middle East & North Africa (IDA & IBRD countries),TMN,200443463.0,206447530.0,212456887.0,218415849.0,224280789.0,230032595.0,235665072.0,241166614.0,246530972.0,251758685.0,256843600.0,261797648.0,266664122.0,271501601.0,276357481.0,281251234.0,286188951.0,291188659.0,296266148.0,301435107.0,306703078.0,312078851.0,317576790.0,323211885.0,328991663.0,334931821.0,341024011.0,347222485.0,353463942.0,359705458.0,365909373.0
Tonga,TON,94088.0,94321.0,94591.0,94851.0,95069.0,95246.0,95399.0,95557.0,95739.0,95976.0,96273.0,96619.0,97032.0,97482.0,97973.0,98487.0,99022.0,99589.0,100218.0,100905.0,101706.0,102581.0,103379.0,103890.0,103986.0,103562.0,102737.0,101768.0,101028.0,100781.0,101133.0
South Asia (IDA & IBRD),TSA,1036437892.0,1060208539.0,1084281155.0,1108702403.0,1133495196.0,1158655617.0,1184133314.0,1209847786.0,1235693869.0,1261587756.0,1287476190.0,1313346377.0,1339202708.0,1365067928.0,1390946064.0,1416822959.0,1442644058.0,1468324422.0,1493757846.0,1518861552.0,1543610696.0,1568003159.0,1592010819.0,1615610198.0,1638792934.0,1661534412.0,1683747130.0,1705772050.0,1727640967.0,1749417068.0,1771167194.0
Sub-Saharan Africa (IDA & IBRD countries),TSS,454835629.0,468053168.0,481594292.0,495407391.0,509451851.0,523726913.0,538246469.0,553020362.0,568072008.0,583413261.0,599067779.0,615054371.0,631400656.0,648148316.0,665327581.0,682956070.0,701066167.0,719716209.0,738983255.0,758924681.0,779566820.0,800908534.0,822945457.0,845655214.0,869025106.0,893046172.0,917726973.0,943041070.0,968959787.0,995458478.0,1022526541.0
Trinidad and Tobago,TTO,1183381.0,1194541.0,1204153.0,1212857.0,1221116.0,1229103.0,1236683.0,1243616.0,1249520.0,1254200.0,1257549.0,1259848.0,1261695.0,1263933.0,1267153.0,1271632.0,1277213.0,1283559.0,1290123.0,1296502.0,1302561.0,1308451.0,1314443.0,1320930.0,1328147.0,1336178.0,1344817.0,1353700.0,1362342.0,1370328.0,1377564.0
Tunisia,TUN,7517858.0,7700736.0,7880332.0,8060210.0,8242496.0,8427857.0,8613861.0,8795932.0,8967916.0,9125398.0,9267340.0,9395123.0,9509857.0,9613588.0,9708350.0,9793903.0,9871251.0,9945277.0,10022277.0,10106771.0,10201214.0,10304726.0,10414433.0,10525694.0,10635244.0,10741880.0,10847002.0,10952951.0,11063201.0,11179949.0,11303946.0
Turkey,TUR,50128541.0,51100924.0,52053765.0,52992487.0,53921760.0,54840590.0,55748948.0,56653804.0,57564204.0,58486456.0,59423282.0,60372568.0,61329676.0,62287397.0,63240194.0,64192243.0,65145367.0,66089402.0,67010930.0,67903469.0,68756810.0,69581848.0,70418604.0,71321399.0,72326988.0,73443863.0,74653016.0,75928564.0,77231907.0,78529409.0,79821724.0
Tuvalu,TUV,8336.0,8485.0,8637.0,8779.0,8913.0,9026.0,9112.0,9194.0,9252.0,9298.0,9323.0,9323.0,9332.0,9346.0,9394.0,9484.0,9596.0,9726.0,9869.0,10000.0,10120.0,10221.0,10314.0,10424.0,10530.0,10633.0,10739.0,10857.0,10972.0,11099.0,11225.0
Tanzania,TZA,22296286.0,22971200.0,23670808.0,24411738.0,25203845.0,26056594.0,26961197.0,27887203.0,28792639.0,29649135.0,30444526.0,31192857.0,31924196.0,32682239.0,33499180.0,34385856.0,35334788.0,36337782.0,37379767.0,38450320.0,39548663.0,40681414.0,41853944.0,43073834.0,44346525.0,45673338.0,47052481.0,48482266.0,49959822.0,51482633.0,53050790.0
Uganda,UGA,15070302.0,15612754.0,16180124.0,16763042.0,17354392.0,17953531.0,18561674.0,19175988.0,19793541.0,20413152.0,21032821.0,21655398.0,22290780.0,22952410.0,23650172.0,24388968.0,25167257.0,25980552.0,26821297.0,27684585.0,28571475.0,29486338.0,30431736.0,31411096.0,32428167.0,33476919.0,34559168.0,35695246.0,36912148.0,38225453.0,39647506.0
Ukraine,UKR,51097000.0,51293000.0,51521000.0,51773000.0,51891400.0,52000500.0,52150400.0,52179200.0,51921400.0,51512800.0,51057800.0,50594600.0,50144500.0,49674000.0,49176500.0,48662400.0,48202470.0,47812949.0,47451626.0,47105171.0,46787786.0,46509355.0,46258189.0,46053331.0,45870741.0,45706086.0,45593342.0,45489648.0,45272156.0,45154036.0,45004674.0
Upper middle income,UMC,2044562991.0,2080076812.0,2115665823.0,2150105658.0,2183003722.0,2214892098.0,2244690386.0,2273206702.0,2301256402.0,2328542193.0,2355409995.0,2381988263.0,2407656279.0,2431970652.0,2455303285.0,2477737145.0,2499370901.0,2520458862.0,2541199766.0,2561819833.0,2582017907.0,2601881261.0,2621990358.0,2642571328.0,2663127529.0,2684416594.0,2706458199.0,2728919924.0,2751475454.0,2773653737.0,2795831616.0
Uruguay,URY,3030649.0,3049581.0,3068705.0,3088595.0,3109601.0,3131660.0,3154464.0,3177745.0,3201151.0,3224281.0,3247381.0,3270164.0,3291053.0,3308012.0,3319736.0,3325473.0,3326040.0,3323668.0,3321476.0,3321803.0,3325401.0,3331749.0,3340221.0,3349676.0,3359275.0,3368934.0,3378974.0,3389439.0,3400434.0,3412009.0,3424132.0
United States,USA,240133000.0,242289000.0,244499000.0,246819000.0,249623000.0,252981000.0,256514000.0,259919000.0,263126000.0,266278000.0,269394000.0,272657000.0,275854000.0,279040000.0,282162411.0,284968955.0,287625193.0,290107933.0,292805298.0,295516599.0,298379912.0,301231207.0,304093966.0,306771529.0,309321666.0,311556874.0,313830990.0,315993715.0,318301008.0,320635163.0,322941311.0
Uzbekistan,UZB,18515578.0,18976417.0,19443887.0,19918119.0,20510000.0,20952000.0,21449000.0,21942000.0,22377000.0,22785000.0,23225000.0,23667000.0,24051000.0,24311650.0,24650400.0,24964450.0,25271850.0,25567650.0,25864350.0,26167000.0,26488250.0,26868000.0,27302800.0,27767400.0,28562400.0,29339400.0,29774500.0,30243200.0,30757700.0,31298900.0,31847900.0
St. Vincent and the Grenadines,VCT,105217.0,105906.0,106532.0,107071.0,107484.0,107776.0,107950.0,108033.0,108053.0,108035.0,107976.0,107895.0,107801.0,107758.0,107784.0,107896.0,108097.0,108326.0,108512.0,108614.0,108603.0,108518.0,108393.0,108287.0,108255.0,108316.0,108435.0,108622.0,108861.0,109148.0,109459.0
"Venezuela, RB",VEN,17772001.0,18232730.0,18698847.0,19166471.0,19632665.0,20096317.0,20557683.0,21016901.0,21474549.0,21931084.0,22385650.0,22837743.0,23288564.0,23739841.0,24192446.0,24646472.0,25100408.0,25551624.0,25996594.0,26432447.0,26850194.0,27247610.0,27635832.0,28031009.0,28439940.0,28888369.0,29362449.0,29783571.0,30045134.0,30081829.0,29846179.0
British Virgin Islands,VGB,14649.0,15407.0,16154.0,16862.0,17489.0,18006.0,18438.0,18786.0,19074.0,19313.0,19502.0,19665.0,19821.0,20026.0,20311.0,20675.0,21129.0,21672.0,22334.0,23107.0,24023.0,25047.0,26097.0,27039.0,27794.0,28319.0,28650.0,28847.0,28989.0,29152.0,29355.0
Virgin Islands (U.S.),VIR,100842.0,100901.0,100952.0,101041.0,103963.0,104807.0,105712.0,106578.0,107318.0,107818.0,108095.0,108357.0,108537.0,108599.0,108642.0,108549.0,108510.0,108506.0,108467.0,108454.0,108371.0,108339.0,108399.0,108405.0,108358.0,108292.0,108191.0,108044.0,107884.0,107710.0,107510.0
Vietnam,VNM,62293856.0,63701972.0,65120439.0,66550234.0,67988862.0,69436954.0,70883481.0,72300308.0,73651218.0,74910461.0,76068743.0,77133214.0,78115710.0,79035871.0,79910412.0,80742499.0,81534407.0,82301656.0,83062821.0,83832661.0,84617540.0,85419591.0,86243413.0,87092252.0,87967651.0,88871561.0,89802487.0,90753472.0,91714595.0,92677076.0,93638724.0
Vanuatu,VUT,132995.0,136079.0,139315.0,142794.0,146573.0,150716.0,155170.0,159744.0,164129.0,168158.0,171722.0,174921.0,177987.0,181265.0,184972.0,189219.0,193920.0,198959.0,204127.0,209282.0,214370.0,219472.0,224704.0,230247.0,236211.0,242653.0,249499.0,256635.0,263888.0,271130.0,278330.0
World,WLD,4924736807.0,5012555212.0,5101297281.0,5189996799.0,5280076284.0,5368065408.0,5452349932.0,5537511534.0,5621787194.0,5706689090.0,5789623839.0,5872254361.0,5954005524.0,6034491778.0,6114332536.0,6193671787.0,6272752974.0,6351882361.0,6431551644.0,6511748367.0,6592734542.0,6674203658.0,6756917904.0,6839574284.0,6921871614.0,7002860604.0,7085763408.0,7169640142.0,7254228377.0,7338964960.0,7424282488.0
Samoa,WSM,160544.0,160965.0,161376.0,161940.0,162803.0,163997.0,165490.0,167119.0,168694.0,170054.0,171165.0,172068.0,172839.0,173609.0,174454.0,175392.0,176407.0,177484.0,178590.0,179727.0,180876.0,182046.0,183263.0,184556.0,185949.0,187469.0,189088.0,190717.0,192221.0,193513.0,194535.0
Kosovo,XKX,1717000.0,1753000.0,1791000.0,1827000.0,1862000.0,1898000.0,1932000.0,1965000.0,1997000.0,2029000.0,2059000.0,2086000.0,1966000.0,1762000.0,1700000.0,1701154.0,1702310.0,1703466.0,1704622.0,1705780.0,1719536.0,1733404.0,1747383.0,1761474.0,1775680.0,1791000.0,1807106.0,1818117.0,1812771.0,1788196.0,1777557.0
"Yemen, Rep.",YEM,9941109.0,10322043.0,10730862.0,11189177.0,11709993.0,12302124.0,12954155.0,13634076.0,14297613.0,14913315.0,15469274.0,15975668.0,16450310.0,16921149.0,17409072.0,17918373.0,18443691.0,18985000.0,19540098.0,20107409.0,20687646.0,21282515.0,21892146.0,22516460.0,23154855.0,23807588.0,24473178.0,25147109.0,25823485.0,26497889.0,27168210.0
South Africa,ZAF,33495953.0,34297727.0,35100909.0,35930050.0,36800509.0,37718950.0,38672607.0,39633750.0,40564059.0,41435758.0,42241011.0,42987461.0,43682260.0,44338543.0,44967708.0,45571274.0,46150913.0,46719196.0,47291610.0,47880601.0,48489459.0,49119759.0,49779471.0,50477011.0,51216964.0,52004172.0,52834005.0,53689236.0,54545991.0,55386367.0,56203654.0
Zambia,ZMB,7146969.0,7372837.0,7598275.0,7820205.0,8036845.0,8246656.0,8451347.0,8656486.0,8869740.0,9096607.0,9339733.0,9597609.0,9866476.0,10140561.0,10415944.0,10692193.0,10971698.0,11256743.0,11550642.0,11856247.0,12173514.0,12502958.0,12848530.0,13215139.0,13605984.0,14023193.0,14465121.0,14926504.0,15399753.0,15879361.0,16363507.0
Zimbabwe,ZWE,9200149.0,9527203.0,9849125.0,10153852.0,10432421.0,10680995.0,10900502.0,11092766.0,11261744.0,11410714.0,11541217.0,11653242.0,11747072.0,11822719.0,11881477.0,11923914.0,11954290.0,11982224.0,12019912.0,12076699.0,12155491.0,12255922.0,12379549.0,12526968.0,12697723.0,12894316.0,13115131.0,13350356.0,13586681.0,13814629.0,14030390.0
